solid OpenSCAD_Model
  facet normal 0.689677 -0.724117 0
    outer loop
      vertex 14.5147 -9.72285 0
      vertex 14.6213 -9.62132 80
      vertex 14.5147 -9.72285 80
    endloop
  endfacet
  facet normal 0.689677 -0.724117 0
    outer loop
      vertex 14.6213 -9.62132 80
      vertex 14.5147 -9.72285 0
      vertex 14.6213 -9.62132 0
    endloop
  endfacet
  facet normal 0.985362 0.170475 0
    outer loop
      vertex 15.4675 7.94019 80
      vertex 15.4424 8.08527 0
      vertex 15.4424 8.08527 80
    endloop
  endfacet
  facet normal 0.985362 0.170475 0
    outer loop
      vertex 15.4424 8.08527 0
      vertex 15.4675 7.94019 80
      vertex 15.4675 7.94019 0
    endloop
  endfacet
  facet normal 0.870043 0.492977 0
    outer loop
      vertex 15.1458 8.91418 80
      vertex 15.0732 9.04231 0
      vertex 15.0732 9.04231 80
    endloop
  endfacet
  facet normal 0.870043 0.492977 0
    outer loop
      vertex 15.0732 9.04231 0
      vertex 15.1458 8.91418 80
      vertex 15.1458 8.91418 0
    endloop
  endfacet
  facet normal 1 0 0
    outer loop
      vertex 15.5 2.25 56.5
      vertex 15.5 7.5 80
      vertex 15.5 2.25 62.5
    endloop
  endfacet
  facet normal 1 0 0
    outer loop
      vertex 15.5 7.5 80
      vertex 15.5 2.24789 62.5859
      vertex 15.5 2.25 62.5
    endloop
  endfacet
  facet normal 1 0 0
    outer loop
      vertex 15.5 7.5 80
      vertex 15.5 2.24157 62.6715
      vertex 15.5 2.24789 62.5859
    endloop
  endfacet
  facet normal 1 0 0
    outer loop
      vertex 15.5 7.5 80
      vertex 15.5 2.23106 62.7568
      vertex 15.5 2.24157 62.6715
    endloop
  endfacet
  facet normal 1 0 0
    outer loop
      vertex 15.5 7.5 80
      vertex 15.5 2.21637 62.8414
      vertex 15.5 2.23106 62.7568
    endloop
  endfacet
  facet normal 1 0 0
    outer loop
      vertex 15.5 7.5 80
      vertex 15.5 2.19755 62.9252
      vertex 15.5 2.21637 62.8414
    endloop
  endfacet
  facet normal 1 0 0
    outer loop
      vertex 15.5 7.5 80
      vertex 15.5 2.17465 63.008
      vertex 15.5 2.19755 62.9252
    endloop
  endfacet
  facet normal 1 0 0
    outer loop
      vertex 15.5 7.5 80
      vertex 15.5 2.1477 63.0896
      vertex 15.5 2.17465 63.008
    endloop
  endfacet
  facet normal 1 0 0
    outer loop
      vertex 15.5 7.5 80
      vertex 15.5 2.11679 63.1697
      vertex 15.5 2.1477 63.0896
    endloop
  endfacet
  facet normal 1 0 0
    outer loop
      vertex 15.5 7.5 80
      vertex 15.5 2.08198 63.2482
      vertex 15.5 2.11679 63.1697
    endloop
  endfacet
  facet normal 1 0 0
    outer loop
      vertex 15.5 7.5 80
      vertex 15.5 2.04336 63.3249
      vertex 15.5 2.08198 63.2482
    endloop
  endfacet
  facet normal 1 0 0
    outer loop
      vertex 15.5 7.5 80
      vertex 15.5 2.00102 63.3997
      vertex 15.5 2.04336 63.3249
    endloop
  endfacet
  facet normal 1 0 0
    outer loop
      vertex 15.5 7.5 80
      vertex 15.5 1.95507 63.4722
      vertex 15.5 2.00102 63.3997
    endloop
  endfacet
  facet normal 1 0 0
    outer loop
      vertex 15.5 7.5 80
      vertex 15.5 1.90561 63.5425
      vertex 15.5 1.95507 63.4722
    endloop
  endfacet
  facet normal 1 0 0
    outer loop
      vertex 15.5 7.5 80
      vertex 15.5 1.85277 63.6102
      vertex 15.5 1.90561 63.5425
    endloop
  endfacet
  facet normal 1 0 0
    outer loop
      vertex 15.5 7.5 80
      vertex 15.5 1.79666 63.6752
      vertex 15.5 1.85277 63.6102
    endloop
  endfacet
  facet normal 1 0 0
    outer loop
      vertex 15.5 7.5 80
      vertex 15.5 1.73744 63.7374
      vertex 15.5 1.79666 63.6752
    endloop
  endfacet
  facet normal 1 0 0
    outer loop
      vertex 15.5 7.5 80
      vertex 15.5 1.67523 63.7967
      vertex 15.5 1.73744 63.7374
    endloop
  endfacet
  facet normal 1 0 0
    outer loop
      vertex 15.5 7.5 80
      vertex 15.5 1.61019 63.8528
      vertex 15.5 1.67523 63.7967
    endloop
  endfacet
  facet normal 1 0 0
    outer loop
      vertex 15.5 7.5 80
      vertex 15.5 1.54247 63.9056
      vertex 15.5 1.61019 63.8528
    endloop
  endfacet
  facet normal 1 0 0
    outer loop
      vertex 15.5 7.5 80
      vertex 15.5 1.47225 63.9551
      vertex 15.5 1.54247 63.9056
    endloop
  endfacet
  facet normal 1 0 0
    outer loop
      vertex 15.5 7.5 80
      vertex 15.5 1.39968 64.001
      vertex 15.5 1.47225 63.9551
    endloop
  endfacet
  facet normal 1 0 0
    outer loop
      vertex 15.5 7.5 80
      vertex 15.5 1.32494 64.0434
      vertex 15.5 1.39968 64.001
    endloop
  endfacet
  facet normal 1 0 0
    outer loop
      vertex 15.5 7.5 80
      vertex 15.5 1.24822 64.082
      vertex 15.5 1.32494 64.0434
    endloop
  endfacet
  facet normal 1 0 0
    outer loop
      vertex 15.5 7.5 80
      vertex 15.5 1.1697 64.1168
      vertex 15.5 1.24822 64.082
    endloop
  endfacet
  facet normal 1 0 0
    outer loop
      vertex 15.5 7.5 80
      vertex 15.5 1.08956 64.1477
      vertex 15.5 1.1697 64.1168
    endloop
  endfacet
  facet normal 1 0 0
    outer loop
      vertex 15.5 7.5 80
      vertex 15.5 1.008 64.1746
      vertex 15.5 1.08956 64.1477
    endloop
  endfacet
  facet normal 1 0 0
    outer loop
      vertex 15.5 7.5 80
      vertex 15.5 0.925215 64.1976
      vertex 15.5 1.008 64.1746
    endloop
  endfacet
  facet normal 1 0 0
    outer loop
      vertex 15.5 7.5 80
      vertex 15.5 0.841408 64.2164
      vertex 15.5 0.925215 64.1976
    endloop
  endfacet
  facet normal 1 0 0
    outer loop
      vertex 15.5 7.5 80
      vertex 15.5 0.756778 64.2311
      vertex 15.5 0.841408 64.2164
    endloop
  endfacet
  facet normal 1 0 0
    outer loop
      vertex 15.5 7.5 80
      vertex 15.5 0.67153 64.2416
      vertex 15.5 0.756778 64.2311
    endloop
  endfacet
  facet normal 1 0 0
    outer loop
      vertex 15.5 7.5 80
      vertex 15.5 0.585868 64.2479
      vertex 15.5 0.67153 64.2416
    endloop
  endfacet
  facet normal 1 0 0
    outer loop
      vertex 15.5 7.5 80
      vertex 15.5 0.5 64.25
      vertex 15.5 0.585868 64.2479
    endloop
  endfacet
  facet normal 1 0 0
    outer loop
      vertex 15.5 7.5 80
      vertex 15.5 0.414132 64.2479
      vertex 15.5 0.5 64.25
    endloop
  endfacet
  facet normal 1 -0 0
    outer loop
      vertex 15.5 -7.5 80
      vertex 15.5 0.414132 64.2479
      vertex 15.5 7.5 80
    endloop
  endfacet
  facet normal 1 0 0
    outer loop
      vertex 15.5 0.414132 64.2479
      vertex 15.5 -7.5 80
      vertex 15.5 0.32847 64.2416
    endloop
  endfacet
  facet normal 1 0 0
    outer loop
      vertex 15.5 0.32847 64.2416
      vertex 15.5 -7.5 80
      vertex 15.5 0.243222 64.2311
    endloop
  endfacet
  facet normal 1 0 0
    outer loop
      vertex 15.5 0.243222 64.2311
      vertex 15.5 -7.5 80
      vertex 15.5 0.158592 64.2164
    endloop
  endfacet
  facet normal 1 0 0
    outer loop
      vertex 15.5 0.158592 64.2164
      vertex 15.5 -7.5 80
      vertex 15.5 0.0747852 64.1976
    endloop
  endfacet
  facet normal 1 0 0
    outer loop
      vertex 15.5 0.0747852 64.1976
      vertex 15.5 -7.5 80
      vertex 15.5 -0.00799751 64.1746
    endloop
  endfacet
  facet normal 1 0 0
    outer loop
      vertex 15.5 -0.00799751 64.1746
      vertex 15.5 -7.5 80
      vertex 15.5 -0.0895567 64.1477
    endloop
  endfacet
  facet normal 1 0 0
    outer loop
      vertex 15.5 -0.0895567 64.1477
      vertex 15.5 -7.5 80
      vertex 15.5 -0.169696 64.1168
    endloop
  endfacet
  facet normal 1 0 0
    outer loop
      vertex 15.5 -0.169696 64.1168
      vertex 15.5 -7.5 80
      vertex 15.5 -0.248221 64.082
    endloop
  endfacet
  facet normal 1 0 0
    outer loop
      vertex 15.5 -0.248221 64.082
      vertex 15.5 -7.5 80
      vertex 15.5 -0.324944 64.0434
    endloop
  endfacet
  facet normal 1 0 0
    outer loop
      vertex 15.5 -0.324944 64.0434
      vertex 15.5 -7.5 80
      vertex 15.5 -0.399679 64.001
    endloop
  endfacet
  facet normal 1 0 0
    outer loop
      vertex 15.5 -0.399679 64.001
      vertex 15.5 -7.5 80
      vertex 15.5 -0.472247 63.9551
    endloop
  endfacet
  facet normal 1 0 0
    outer loop
      vertex 15.5 -0.472247 63.9551
      vertex 15.5 -7.5 80
      vertex 15.5 -0.542473 63.9056
    endloop
  endfacet
  facet normal 1 0 0
    outer loop
      vertex 15.5 -0.542473 63.9056
      vertex 15.5 -7.5 80
      vertex 15.5 -0.610188 63.8528
    endloop
  endfacet
  facet normal 1 0 0
    outer loop
      vertex 15.5 -0.610188 63.8528
      vertex 15.5 -7.5 80
      vertex 15.5 -0.675228 63.7967
    endloop
  endfacet
  facet normal 1 0 0
    outer loop
      vertex 15.5 -0.675228 63.7967
      vertex 15.5 -7.5 80
      vertex 15.5 -0.737436 63.7374
    endloop
  endfacet
  facet normal 1 0 0
    outer loop
      vertex 15.5 -0.737436 63.7374
      vertex 15.5 -7.5 80
      vertex 15.5 -0.796664 63.6752
    endloop
  endfacet
  facet normal 1 0 0
    outer loop
      vertex 15.5 -0.796664 63.6752
      vertex 15.5 -7.5 80
      vertex 15.5 -0.852768 63.6102
    endloop
  endfacet
  facet normal 1 0 0
    outer loop
      vertex 15.5 -0.852768 63.6102
      vertex 15.5 -7.5 80
      vertex 15.5 -0.905613 63.5425
    endloop
  endfacet
  facet normal 1 0 0
    outer loop
      vertex 15.5 -0.905613 63.5425
      vertex 15.5 -7.5 80
      vertex 15.5 -0.955071 63.4722
    endloop
  endfacet
  facet normal 1 0 0
    outer loop
      vertex 15.5 -0.955071 63.4722
      vertex 15.5 -7.5 80
      vertex 15.5 -1.00102 63.3997
    endloop
  endfacet
  facet normal 1 0 0
    outer loop
      vertex 15.5 -1.25 62.5
      vertex 15.5 -7.5 80
      vertex 15.5 -1.25 56.5
    endloop
  endfacet
  facet normal 1 0 0
    outer loop
      vertex 15.5 -1.24789 62.5859
      vertex 15.5 -7.5 80
      vertex 15.5 -1.25 62.5
    endloop
  endfacet
  facet normal 1 0 0
    outer loop
      vertex 15.5 -1.24157 62.6715
      vertex 15.5 -7.5 80
      vertex 15.5 -1.24789 62.5859
    endloop
  endfacet
  facet normal 1 0 0
    outer loop
      vertex 15.5 -1.23106 62.7568
      vertex 15.5 -7.5 80
      vertex 15.5 -1.24157 62.6715
    endloop
  endfacet
  facet normal 1 0 0
    outer loop
      vertex 15.5 -1.21637 62.8414
      vertex 15.5 -7.5 80
      vertex 15.5 -1.23106 62.7568
    endloop
  endfacet
  facet normal 1 0 0
    outer loop
      vertex 15.5 -1.19755 62.9252
      vertex 15.5 -7.5 80
      vertex 15.5 -1.21637 62.8414
    endloop
  endfacet
  facet normal 1 0 0
    outer loop
      vertex 15.5 -1.17465 63.008
      vertex 15.5 -7.5 80
      vertex 15.5 -1.19755 62.9252
    endloop
  endfacet
  facet normal 1 0 0
    outer loop
      vertex 15.5 -1.1477 63.0896
      vertex 15.5 -7.5 80
      vertex 15.5 -1.17465 63.008
    endloop
  endfacet
  facet normal 1 0 0
    outer loop
      vertex 15.5 -1.11679 63.1697
      vertex 15.5 -7.5 80
      vertex 15.5 -1.1477 63.0896
    endloop
  endfacet
  facet normal 1 0 0
    outer loop
      vertex 15.5 -1.08198 63.2482
      vertex 15.5 -7.5 80
      vertex 15.5 -1.11679 63.1697
    endloop
  endfacet
  facet normal 1 0 0
    outer loop
      vertex 15.5 -1.04336 63.3249
      vertex 15.5 -7.5 80
      vertex 15.5 -1.08198 63.2482
    endloop
  endfacet
  facet normal 1 0 0
    outer loop
      vertex 15.5 -1.00102 63.3997
      vertex 15.5 -7.5 80
      vertex 15.5 -1.04336 63.3249
    endloop
  endfacet
  facet normal 1 0 0
    outer loop
      vertex 15.5 2.24789 56.4141
      vertex 15.5 7.5 80
      vertex 15.5 2.25 56.5
    endloop
  endfacet
  facet normal 1 0 0
    outer loop
      vertex 15.5 2.24157 56.3285
      vertex 15.5 7.5 80
      vertex 15.5 2.24789 56.4141
    endloop
  endfacet
  facet normal 1 0 0
    outer loop
      vertex 15.5 7.5 80
      vertex 15.5 2.24157 56.3285
      vertex 15.5 7.5 0
    endloop
  endfacet
  facet normal 1 -0 0
    outer loop
      vertex 15.5 2.23106 56.2432
      vertex 15.5 7.5 0
      vertex 15.5 2.24157 56.3285
    endloop
  endfacet
  facet normal 1 -0 0
    outer loop
      vertex 15.5 2.21637 56.1586
      vertex 15.5 7.5 0
      vertex 15.5 2.23106 56.2432
    endloop
  endfacet
  facet normal 1 -0 0
    outer loop
      vertex 15.5 2.19755 56.0748
      vertex 15.5 7.5 0
      vertex 15.5 2.21637 56.1586
    endloop
  endfacet
  facet normal 1 -0 0
    outer loop
      vertex 15.5 2.17465 55.992
      vertex 15.5 7.5 0
      vertex 15.5 2.19755 56.0748
    endloop
  endfacet
  facet normal 1 -0 0
    outer loop
      vertex 15.5 2.1477 55.9104
      vertex 15.5 7.5 0
      vertex 15.5 2.17465 55.992
    endloop
  endfacet
  facet normal 1 -0 0
    outer loop
      vertex 15.5 2.11679 55.8303
      vertex 15.5 7.5 0
      vertex 15.5 2.1477 55.9104
    endloop
  endfacet
  facet normal 1 -0 0
    outer loop
      vertex 15.5 2.08198 55.7518
      vertex 15.5 7.5 0
      vertex 15.5 2.11679 55.8303
    endloop
  endfacet
  facet normal 1 -0 0
    outer loop
      vertex 15.5 2.04336 55.6751
      vertex 15.5 7.5 0
      vertex 15.5 2.08198 55.7518
    endloop
  endfacet
  facet normal 1 -0 0
    outer loop
      vertex 15.5 2.00102 55.6003
      vertex 15.5 7.5 0
      vertex 15.5 2.04336 55.6751
    endloop
  endfacet
  facet normal 1 -0 0
    outer loop
      vertex 15.5 1.95507 55.5278
      vertex 15.5 7.5 0
      vertex 15.5 2.00102 55.6003
    endloop
  endfacet
  facet normal 1 -0 0
    outer loop
      vertex 15.5 1.90561 55.4575
      vertex 15.5 7.5 0
      vertex 15.5 1.95507 55.5278
    endloop
  endfacet
  facet normal 1 -0 0
    outer loop
      vertex 15.5 1.85277 55.3898
      vertex 15.5 7.5 0
      vertex 15.5 1.90561 55.4575
    endloop
  endfacet
  facet normal 1 -0 0
    outer loop
      vertex 15.5 1.79666 55.3248
      vertex 15.5 7.5 0
      vertex 15.5 1.85277 55.3898
    endloop
  endfacet
  facet normal 1 -0 0
    outer loop
      vertex 15.5 1.73744 55.2626
      vertex 15.5 7.5 0
      vertex 15.5 1.79666 55.3248
    endloop
  endfacet
  facet normal 1 -0 0
    outer loop
      vertex 15.5 1.67523 55.2033
      vertex 15.5 7.5 0
      vertex 15.5 1.73744 55.2626
    endloop
  endfacet
  facet normal 1 -0 0
    outer loop
      vertex 15.5 1.61019 55.1472
      vertex 15.5 7.5 0
      vertex 15.5 1.67523 55.2033
    endloop
  endfacet
  facet normal 1 -0 0
    outer loop
      vertex 15.5 1.54247 55.0944
      vertex 15.5 7.5 0
      vertex 15.5 1.61019 55.1472
    endloop
  endfacet
  facet normal 1 -0 0
    outer loop
      vertex 15.5 1.47225 55.0449
      vertex 15.5 7.5 0
      vertex 15.5 1.54247 55.0944
    endloop
  endfacet
  facet normal 1 -0 0
    outer loop
      vertex 15.5 1.39968 54.999
      vertex 15.5 7.5 0
      vertex 15.5 1.47225 55.0449
    endloop
  endfacet
  facet normal 1 -0 0
    outer loop
      vertex 15.5 1.32494 54.9566
      vertex 15.5 7.5 0
      vertex 15.5 1.39968 54.999
    endloop
  endfacet
  facet normal 1 -0 0
    outer loop
      vertex 15.5 1.24822 54.918
      vertex 15.5 7.5 0
      vertex 15.5 1.32494 54.9566
    endloop
  endfacet
  facet normal 1 -0 0
    outer loop
      vertex 15.5 1.1697 54.8832
      vertex 15.5 7.5 0
      vertex 15.5 1.24822 54.918
    endloop
  endfacet
  facet normal 1 -0 0
    outer loop
      vertex 15.5 1.08956 54.8523
      vertex 15.5 7.5 0
      vertex 15.5 1.1697 54.8832
    endloop
  endfacet
  facet normal 1 -0 0
    outer loop
      vertex 15.5 1.008 54.8254
      vertex 15.5 7.5 0
      vertex 15.5 1.08956 54.8523
    endloop
  endfacet
  facet normal 1 -0 0
    outer loop
      vertex 15.5 0.925215 54.8024
      vertex 15.5 7.5 0
      vertex 15.5 1.008 54.8254
    endloop
  endfacet
  facet normal 1 -0 0
    outer loop
      vertex 15.5 0.841408 54.7836
      vertex 15.5 7.5 0
      vertex 15.5 0.925215 54.8024
    endloop
  endfacet
  facet normal 1 -0 0
    outer loop
      vertex 15.5 0.756778 54.7689
      vertex 15.5 7.5 0
      vertex 15.5 0.841408 54.7836
    endloop
  endfacet
  facet normal 1 -0 0
    outer loop
      vertex 15.5 0.67153 54.7584
      vertex 15.5 7.5 0
      vertex 15.5 0.756778 54.7689
    endloop
  endfacet
  facet normal 1 -0 0
    outer loop
      vertex 15.5 0.585868 54.7521
      vertex 15.5 7.5 0
      vertex 15.5 0.67153 54.7584
    endloop
  endfacet
  facet normal 1 -0 0
    outer loop
      vertex 15.5 0.5 54.75
      vertex 15.5 7.5 0
      vertex 15.5 0.585868 54.7521
    endloop
  endfacet
  facet normal 1 0 0
    outer loop
      vertex 15.5 0.414132 54.7521
      vertex 15.5 7.5 0
      vertex 15.5 0.5 54.75
    endloop
  endfacet
  facet normal 1 0 0
    outer loop
      vertex 15.5 -7.5 0
      vertex 15.5 0.414132 54.7521
      vertex 15.5 0.32847 54.7584
    endloop
  endfacet
  facet normal 1 0 0
    outer loop
      vertex 15.5 -7.5 0
      vertex 15.5 0.32847 54.7584
      vertex 15.5 0.243222 54.7689
    endloop
  endfacet
  facet normal 1 0 0
    outer loop
      vertex 15.5 -7.5 0
      vertex 15.5 0.243222 54.7689
      vertex 15.5 0.158592 54.7836
    endloop
  endfacet
  facet normal 1 0 0
    outer loop
      vertex 15.5 -7.5 0
      vertex 15.5 0.158592 54.7836
      vertex 15.5 0.0747852 54.8024
    endloop
  endfacet
  facet normal 1 0 0
    outer loop
      vertex 15.5 -7.5 0
      vertex 15.5 0.0747852 54.8024
      vertex 15.5 -0.00799751 54.8254
    endloop
  endfacet
  facet normal 1 0 0
    outer loop
      vertex 15.5 -7.5 0
      vertex 15.5 -0.00799751 54.8254
      vertex 15.5 -0.0895567 54.8523
    endloop
  endfacet
  facet normal 1 0 0
    outer loop
      vertex 15.5 -7.5 0
      vertex 15.5 -0.0895567 54.8523
      vertex 15.5 -0.169696 54.8832
    endloop
  endfacet
  facet normal 1 0 0
    outer loop
      vertex 15.5 -7.5 0
      vertex 15.5 -0.169696 54.8832
      vertex 15.5 -0.248221 54.918
    endloop
  endfacet
  facet normal 1 0 0
    outer loop
      vertex 15.5 -7.5 0
      vertex 15.5 -0.248221 54.918
      vertex 15.5 -0.324944 54.9566
    endloop
  endfacet
  facet normal 1 0 0
    outer loop
      vertex 15.5 -7.5 0
      vertex 15.5 -0.324944 54.9566
      vertex 15.5 -0.399679 54.999
    endloop
  endfacet
  facet normal 1 0 0
    outer loop
      vertex 15.5 -7.5 0
      vertex 15.5 -0.399679 54.999
      vertex 15.5 -0.472247 55.0449
    endloop
  endfacet
  facet normal 1 0 0
    outer loop
      vertex 15.5 -7.5 0
      vertex 15.5 -0.472247 55.0449
      vertex 15.5 -0.542473 55.0944
    endloop
  endfacet
  facet normal 1 0 0
    outer loop
      vertex 15.5 -7.5 0
      vertex 15.5 -0.542473 55.0944
      vertex 15.5 -0.610188 55.1472
    endloop
  endfacet
  facet normal 1 0 0
    outer loop
      vertex 15.5 -7.5 0
      vertex 15.5 -0.610188 55.1472
      vertex 15.5 -0.675228 55.2033
    endloop
  endfacet
  facet normal 1 0 0
    outer loop
      vertex 15.5 -7.5 0
      vertex 15.5 -0.675228 55.2033
      vertex 15.5 -0.737436 55.2626
    endloop
  endfacet
  facet normal 1 0 0
    outer loop
      vertex 15.5 -7.5 0
      vertex 15.5 -0.737436 55.2626
      vertex 15.5 -0.796664 55.3248
    endloop
  endfacet
  facet normal 1 0 0
    outer loop
      vertex 15.5 -7.5 0
      vertex 15.5 -0.796664 55.3248
      vertex 15.5 -0.852768 55.3898
    endloop
  endfacet
  facet normal 1 0 0
    outer loop
      vertex 15.5 -7.5 0
      vertex 15.5 -0.852768 55.3898
      vertex 15.5 -0.905613 55.4575
    endloop
  endfacet
  facet normal 1 0 0
    outer loop
      vertex 15.5 -7.5 0
      vertex 15.5 -0.905613 55.4575
      vertex 15.5 -0.955071 55.5278
    endloop
  endfacet
  facet normal 1 0 0
    outer loop
      vertex 15.5 -7.5 0
      vertex 15.5 -0.955071 55.5278
      vertex 15.5 -1.00102 55.6003
    endloop
  endfacet
  facet normal 1 0 0
    outer loop
      vertex 15.5 -7.5 0
      vertex 15.5 -1.00102 55.6003
      vertex 15.5 -1.04336 55.6751
    endloop
  endfacet
  facet normal 1 0 0
    outer loop
      vertex 15.5 -7.5 0
      vertex 15.5 -1.04336 55.6751
      vertex 15.5 -1.08198 55.7518
    endloop
  endfacet
  facet normal 1 0 0
    outer loop
      vertex 15.5 -7.5 0
      vertex 15.5 -1.08198 55.7518
      vertex 15.5 -1.11679 55.8303
    endloop
  endfacet
  facet normal 1 0 0
    outer loop
      vertex 15.5 -7.5 0
      vertex 15.5 -1.11679 55.8303
      vertex 15.5 -1.1477 55.9104
    endloop
  endfacet
  facet normal 1 0 0
    outer loop
      vertex 15.5 -7.5 0
      vertex 15.5 -1.1477 55.9104
      vertex 15.5 -1.17465 55.992
    endloop
  endfacet
  facet normal 1 0 0
    outer loop
      vertex 15.5 -7.5 0
      vertex 15.5 -1.17465 55.992
      vertex 15.5 -1.19755 56.0748
    endloop
  endfacet
  facet normal 1 0 0
    outer loop
      vertex 15.5 -7.5 0
      vertex 15.5 -1.19755 56.0748
      vertex 15.5 -1.21637 56.1586
    endloop
  endfacet
  facet normal 1 0 0
    outer loop
      vertex 15.5 -7.5 0
      vertex 15.5 -1.21637 56.1586
      vertex 15.5 -1.23106 56.2432
    endloop
  endfacet
  facet normal 1 0 0
    outer loop
      vertex 15.5 -7.5 80
      vertex 15.5 -1.24789 56.4141
      vertex 15.5 -1.25 56.5
    endloop
  endfacet
  facet normal 1 0 0
    outer loop
      vertex 15.5 -7.5 80
      vertex 15.5 -1.24157 56.3285
      vertex 15.5 -1.24789 56.4141
    endloop
  endfacet
  facet normal 1 0 0
    outer loop
      vertex 15.5 -7.5 80
      vertex 15.5 -1.23106 56.2432
      vertex 15.5 -1.24157 56.3285
    endloop
  endfacet
  facet normal 1 0 0
    outer loop
      vertex 15.5 -7.5 0
      vertex 15.5 -1.23106 56.2432
      vertex 15.5 -7.5 80
    endloop
  endfacet
  facet normal 1 0 0
    outer loop
      vertex 15.5 0.414132 54.7521
      vertex 15.5 -7.5 0
      vertex 15.5 7.5 0
    endloop
  endfacet
  facet normal 0.449657 0.893201 -0
    outer loop
      vertex 13.9142 10.1458 0
      vertex 13.7827 10.212 80
      vertex 13.9142 10.1458 80
    endloop
  endfacet
  facet normal 0.449657 0.893201 0
    outer loop
      vertex 13.7827 10.212 80
      vertex 13.9142 10.1458 0
      vertex 13.7827 10.212 0
    endloop
  endfacet
  facet normal 0.985362 -0.170475 0
    outer loop
      vertex 15.4424 -8.08527 80
      vertex 15.4675 -7.94019 0
      vertex 15.4675 -7.94019 80
    endloop
  endfacet
  facet normal 0.985362 -0.170475 0
    outer loop
      vertex 15.4675 -7.94019 0
      vertex 15.4424 -8.08527 80
      vertex 15.4424 -8.08527 0
    endloop
  endfacet
  facet normal 0.404877 0.914371 -0
    outer loop
      vertex 13.7827 10.212 0
      vertex 13.6481 10.2716 80
      vertex 13.7827 10.212 80
    endloop
  endfacet
  facet normal 0.404877 0.914371 0
    outer loop
      vertex 13.6481 10.2716 80
      vertex 13.7827 10.212 0
      vertex 13.6481 10.2716 0
    endloop
  endfacet
  facet normal 0.493064 0.869993 -0
    outer loop
      vertex 14.0423 10.0732 0
      vertex 13.9142 10.1458 80
      vertex 14.0423 10.0732 80
    endloop
  endfacet
  facet normal 0.493064 0.869993 0
    outer loop
      vertex 13.9142 10.1458 80
      vertex 14.0423 10.0732 0
      vertex 13.9142 10.1458 0
    endloop
  endfacet
  facet normal -0.9925 -0.122246 0
    outer loop
      vertex -15.4675 -7.94019 0
      vertex -15.4855 -7.79405 80
      vertex -15.4855 -7.79405 0
    endloop
  endfacet
  facet normal -0.9925 -0.122246 0
    outer loop
      vertex -15.4855 -7.79405 80
      vertex -15.4675 -7.94019 0
      vertex -15.4675 -7.94019 80
    endloop
  endfacet
  facet normal -0.122279 0.992496 0
    outer loop
      vertex -12.7941 10.4855 0
      vertex -12.9402 10.4675 80
      vertex -12.7941 10.4855 80
    endloop
  endfacet
  facet normal -0.122279 0.992496 0
    outer loop
      vertex -12.9402 10.4675 80
      vertex -12.7941 10.4855 0
      vertex -12.9402 10.4675 0
    endloop
  endfacet
  facet normal 0.170453 0.985366 -0
    outer loop
      vertex 13.0853 10.4424 0
      vertex 12.9402 10.4675 80
      vertex 13.0853 10.4424 80
    endloop
  endfacet
  facet normal 0.170453 0.985366 0
    outer loop
      vertex 12.9402 10.4675 80
      vertex 13.0853 10.4424 0
      vertex 12.9402 10.4675 0
    endloop
  endfacet
  facet normal 0.170453 -0.985366 0
    outer loop
      vertex 12.9402 -10.4675 0
      vertex 13.0853 -10.4424 80
      vertex 12.9402 -10.4675 80
    endloop
  endfacet
  facet normal 0.170453 -0.985366 0
    outer loop
      vertex 13.0853 -10.4424 80
      vertex 12.9402 -10.4675 0
      vertex 13.0853 -10.4424 0
    endloop
  endfacet
  facet normal 0 -1 0
    outer loop
      vertex -12.5 -10.5 0
      vertex 12.5 -10.5 80
      vertex -12.5 -10.5 80
    endloop
  endfacet
  facet normal 0 -1 -0
    outer loop
      vertex 12.5 -10.5 80
      vertex -12.5 -10.5 0
      vertex 12.5 -10.5 0
    endloop
  endfacet
  facet normal 0.999701 0.0244492 0
    outer loop
      vertex 15.5 7.5 80
      vertex 15.4964 7.6472 0
      vertex 15.4964 7.6472 80
    endloop
  endfacet
  facet normal 0.999701 0.0244492 0
    outer loop
      vertex 15.4964 7.6472 0
      vertex 15.5 7.5 80
      vertex 15.5 7.5 0
    endloop
  endfacet
  facet normal -0.57583 0.81757 0
    outer loop
      vertex -14.1667 9.99442 0
      vertex -14.2871 9.90962 80
      vertex -14.1667 9.99442 80
    endloop
  endfacet
  facet normal -0.57583 0.81757 0
    outer loop
      vertex -14.2871 9.90962 80
      vertex -14.1667 9.99442 0
      vertex -14.2871 9.90962 0
    endloop
  endfacet
  facet normal -0.757479 0.652859 0
    outer loop
      vertex -14.819 9.40318 0
      vertex -14.7229 9.51468 80
      vertex -14.7229 9.51468 0
    endloop
  endfacet
  facet normal -0.757479 0.652859 0
    outer loop
      vertex -14.7229 9.51468 80
      vertex -14.819 9.40318 0
      vertex -14.819 9.40318 80
    endloop
  endfacet
  facet normal 0.266908 0.963722 -0
    outer loop
      vertex 13.3708 10.3708 0
      vertex 13.2289 10.4101 80
      vertex 13.3708 10.3708 80
    endloop
  endfacet
  facet normal 0.266908 0.963722 0
    outer loop
      vertex 13.2289 10.4101 80
      vertex 13.3708 10.3708 0
      vertex 13.2289 10.4101 0
    endloop
  endfacet
  facet normal -0.404877 0.914371 0
    outer loop
      vertex -13.6481 10.2716 0
      vertex -13.7827 10.212 80
      vertex -13.6481 10.2716 80
    endloop
  endfacet
  facet normal -0.404877 0.914371 0
    outer loop
      vertex -13.7827 10.212 80
      vertex -13.6481 10.2716 0
      vertex -13.7827 10.212 0
    endloop
  endfacet
  facet normal -0.615167 -0.788397 0
    outer loop
      vertex -14.4032 -9.81903 0
      vertex -14.2871 -9.90962 80
      vertex -14.4032 -9.81903 80
    endloop
  endfacet
  facet normal -0.615167 -0.788397 -0
    outer loop
      vertex -14.2871 -9.90962 80
      vertex -14.4032 -9.81903 0
      vertex -14.2871 -9.90962 0
    endloop
  endfacet
  facet normal -0.53502 0.84484 0
    outer loop
      vertex -14.0423 10.0732 0
      vertex -14.1667 9.99442 80
      vertex -14.0423 10.0732 80
    endloop
  endfacet
  facet normal -0.53502 0.84484 0
    outer loop
      vertex -14.1667 9.99442 80
      vertex -14.0423 10.0732 0
      vertex -14.1667 9.99442 0
    endloop
  endfacet
  facet normal -0.997257 0.0740218 0
    outer loop
      vertex -15.4964 7.6472 0
      vertex -15.4855 7.79405 80
      vertex -15.4855 7.79405 0
    endloop
  endfacet
  facet normal -0.997257 0.0740218 0
    outer loop
      vertex -15.4855 7.79405 80
      vertex -15.4964 7.6472 0
      vertex -15.4964 7.6472 80
    endloop
  endfacet
  facet normal 0.313579 0.949562 -0
    outer loop
      vertex 13.5107 10.3246 0
      vertex 13.3708 10.3708 80
      vertex 13.5107 10.3246 80
    endloop
  endfacet
  facet normal 0.313579 0.949562 0
    outer loop
      vertex 13.3708 10.3708 80
      vertex 13.5107 10.3246 0
      vertex 13.3708 10.3708 0
    endloop
  endfacet
  facet normal -0.963727 0.266891 0
    outer loop
      vertex -15.4101 8.22894 0
      vertex -15.3708 8.37085 80
      vertex -15.3708 8.37085 0
    endloop
  endfacet
  facet normal -0.963727 0.266891 0
    outer loop
      vertex -15.3708 8.37085 80
      vertex -15.4101 8.22894 0
      vertex -15.4101 8.22894 80
    endloop
  endfacet
  facet normal 0.0244492 -0.999701 0
    outer loop
      vertex 12.5 -10.5 0
      vertex 12.6472 -10.4964 80
      vertex 12.5 -10.5 80
    endloop
  endfacet
  facet normal 0.0244492 -0.999701 0
    outer loop
      vertex 12.6472 -10.4964 80
      vertex 12.5 -10.5 0
      vertex 12.6472 -10.4964 0
    endloop
  endfacet
  facet normal -0.999701 0.0244492 0
    outer loop
      vertex -15.5 7.5 0
      vertex -15.4964 7.6472 80
      vertex -15.4964 7.6472 0
    endloop
  endfacet
  facet normal -0.999701 0.0244492 0
    outer loop
      vertex -15.4964 7.6472 80
      vertex -15.5 7.5 0
      vertex -15.5 7.5 80
    endloop
  endfacet
  facet normal -0.844798 0.535086 0
    outer loop
      vertex -15.0732 9.04231 0
      vertex -14.9944 9.16672 80
      vertex -14.9944 9.16672 0
    endloop
  endfacet
  facet normal -0.844798 0.535086 0
    outer loop
      vertex -14.9944 9.16672 80
      vertex -15.0732 9.04231 0
      vertex -15.0732 9.04231 80
    endloop
  endfacet
  facet normal -0.170453 -0.985366 0
    outer loop
      vertex -13.0853 -10.4424 0
      vertex -12.9402 -10.4675 80
      vertex -13.0853 -10.4424 80
    endloop
  endfacet
  facet normal -0.170453 -0.985366 -0
    outer loop
      vertex -12.9402 -10.4675 80
      vertex -13.0853 -10.4424 0
      vertex -12.9402 -10.4675 0
    endloop
  endfacet
  facet normal -0.653171 0.757211 0
    outer loop
      vertex -14.4032 9.81903 0
      vertex -14.5147 9.72285 80
      vertex -14.4032 9.81903 80
    endloop
  endfacet
  facet normal -0.653171 0.757211 0
    outer loop
      vertex -14.5147 9.72285 80
      vertex -14.4032 9.81903 0
      vertex -14.5147 9.72285 0
    endloop
  endfacet
  facet normal -0.914382 0.404852 0
    outer loop
      vertex -15.2716 8.64806 0
      vertex -15.212 8.78267 80
      vertex -15.212 8.78267 0
    endloop
  endfacet
  facet normal -0.914382 0.404852 0
    outer loop
      vertex -15.212 8.78267 80
      vertex -15.2716 8.64806 0
      vertex -15.2716 8.64806 80
    endloop
  endfacet
  facet normal -0.359889 -0.932995 0
    outer loop
      vertex -13.6481 -10.2716 0
      vertex -13.5107 -10.3246 80
      vertex -13.6481 -10.2716 80
    endloop
  endfacet
  facet normal -0.359889 -0.932995 -0
    outer loop
      vertex -13.5107 -10.3246 80
      vertex -13.6481 -10.2716 0
      vertex -13.5107 -10.3246 0
    endloop
  endfacet
  facet normal -0.963727 -0.266891 0
    outer loop
      vertex -15.3708 -8.37085 0
      vertex -15.4101 -8.22894 80
      vertex -15.4101 -8.22894 0
    endloop
  endfacet
  facet normal -0.963727 -0.266891 0
    outer loop
      vertex -15.4101 -8.22894 80
      vertex -15.3708 -8.37085 0
      vertex -15.3708 -8.37085 80
    endloop
  endfacet
  facet normal 0.53502 0.84484 -0
    outer loop
      vertex 14.1667 9.99442 0
      vertex 14.0423 10.0732 80
      vertex 14.1667 9.99442 80
    endloop
  endfacet
  facet normal 0.53502 0.84484 0
    outer loop
      vertex 14.0423 10.0732 80
      vertex 14.1667 9.99442 0
      vertex 14.0423 10.0732 0
    endloop
  endfacet
  facet normal 0.615167 -0.788397 0
    outer loop
      vertex 14.2871 -9.90962 0
      vertex 14.4032 -9.81903 80
      vertex 14.2871 -9.90962 80
    endloop
  endfacet
  facet normal 0.615167 -0.788397 0
    outer loop
      vertex 14.4032 -9.81903 80
      vertex 14.2871 -9.90962 0
      vertex 14.4032 -9.81903 0
    endloop
  endfacet
  facet normal -0.57583 -0.81757 0
    outer loop
      vertex -14.2871 -9.90962 0
      vertex -14.1667 -9.99442 80
      vertex -14.2871 -9.90962 80
    endloop
  endfacet
  facet normal -0.57583 -0.81757 -0
    outer loop
      vertex -14.1667 -9.99442 80
      vertex -14.2871 -9.90962 0
      vertex -14.1667 -9.99442 0
    endloop
  endfacet
  facet normal 0.932986 -0.359912 0
    outer loop
      vertex 15.2716 -8.64806 80
      vertex 15.3246 -8.51067 0
      vertex 15.3246 -8.51067 80
    endloop
  endfacet
  facet normal 0.932986 -0.359912 0
    outer loop
      vertex 15.3246 -8.51067 0
      vertex 15.2716 -8.64806 80
      vertex 15.2716 -8.64806 0
    endloop
  endfacet
  facet normal -0.266908 -0.963722 0
    outer loop
      vertex -13.3708 -10.3708 0
      vertex -13.2289 -10.4101 80
      vertex -13.3708 -10.3708 80
    endloop
  endfacet
  facet normal -0.266908 -0.963722 -0
    outer loop
      vertex -13.2289 -10.4101 80
      vertex -13.3708 -10.3708 0
      vertex -13.2289 -10.4101 0
    endloop
  endfacet
  facet normal -0.788338 0.615242 0
    outer loop
      vertex -14.9096 9.28709 0
      vertex -14.819 9.40318 80
      vertex -14.819 9.40318 0
    endloop
  endfacet
  facet normal -0.788338 0.615242 0
    outer loop
      vertex -14.819 9.40318 80
      vertex -14.9096 9.28709 0
      vertex -14.9096 9.28709 80
    endloop
  endfacet
  facet normal -0.653171 -0.757211 0
    outer loop
      vertex -14.5147 -9.72285 0
      vertex -14.4032 -9.81903 80
      vertex -14.5147 -9.72285 80
    endloop
  endfacet
  facet normal -0.653171 -0.757211 -0
    outer loop
      vertex -14.4032 -9.81903 80
      vertex -14.5147 -9.72285 0
      vertex -14.4032 -9.81903 0
    endloop
  endfacet
  facet normal 0.817502 -0.575926 0
    outer loop
      vertex 14.9096 -9.28709 80
      vertex 14.9944 -9.16672 0
      vertex 14.9944 -9.16672 80
    endloop
  endfacet
  facet normal 0.817502 -0.575926 0
    outer loop
      vertex 14.9944 -9.16672 0
      vertex 14.9096 -9.28709 80
      vertex 14.9096 -9.28709 0
    endloop
  endfacet
  facet normal 0.449657 -0.893201 0
    outer loop
      vertex 13.7827 -10.212 0
      vertex 13.9142 -10.1458 80
      vertex 13.7827 -10.212 80
    endloop
  endfacet
  facet normal 0.449657 -0.893201 0
    outer loop
      vertex 13.9142 -10.1458 80
      vertex 13.7827 -10.212 0
      vertex 13.9142 -10.1458 0
    endloop
  endfacet
  facet normal -0.999701 -0.0244492 0
    outer loop
      vertex -15.4964 -7.6472 0
      vertex -15.5 -7.5 80
      vertex -15.5 -7.5 0
    endloop
  endfacet
  facet normal -0.999701 -0.0244492 0
    outer loop
      vertex -15.5 -7.5 80
      vertex -15.4964 -7.6472 0
      vertex -15.4964 -7.6472 80
    endloop
  endfacet
  facet normal 0.870043 -0.492977 0
    outer loop
      vertex 15.0732 -9.04231 80
      vertex 15.1458 -8.91418 0
      vertex 15.1458 -8.91418 80
    endloop
  endfacet
  facet normal 0.870043 -0.492977 0
    outer loop
      vertex 15.1458 -8.91418 0
      vertex 15.0732 -9.04231 80
      vertex 15.0732 -9.04231 0
    endloop
  endfacet
  facet normal 0.893215 0.44963 0
    outer loop
      vertex 15.212 8.78267 80
      vertex 15.1458 8.91418 0
      vertex 15.1458 8.91418 80
    endloop
  endfacet
  facet normal 0.893215 0.44963 0
    outer loop
      vertex 15.1458 8.91418 0
      vertex 15.212 8.78267 80
      vertex 15.212 8.78267 0
    endloop
  endfacet
  facet normal -1 0 0
    outer loop
      vertex -15.5 -7.5 0
      vertex -15.5 7.5 80
      vertex -15.5 7.5 0
    endloop
  endfacet
  facet normal -1 -0 0
    outer loop
      vertex -15.5 7.5 80
      vertex -15.5 -7.5 0
      vertex -15.5 -7.5 80
    endloop
  endfacet
  facet normal 0 1 0
    outer loop
      vertex 7.81436 10.5 64.7528
      vertex 8.23874 10.5 65.616
      vertex 8.28636 10.5 65.614
    endloop
  endfacet
  facet normal 0 1 0
    outer loop
      vertex 7.81436 10.5 64.7528
      vertex 8.08969 10.5 65.6202
      vertex 8.14145 10.5 65.6181
    endloop
  endfacet
  facet normal 0 1 0
    outer loop
      vertex 7.81436 10.5 64.7528
      vertex 7.98412 10.5 65.6222
      vertex 8.03794 10.5 65.6202
    endloop
  endfacet
  facet normal 0 1 0
    outer loop
      vertex 6.11684 10.5 77.7016
      vertex 4.50211 10.5 76.2318
      vertex 4.58492 10.5 77.2876
    endloop
  endfacet
  facet normal 0 1 0
    outer loop
      vertex 6.11684 10.5 77.7016
      vertex 4.49797 10.5 76.18
      vertex 4.50211 10.5 76.2318
    endloop
  endfacet
  facet normal 0 1 0
    outer loop
      vertex 6.11684 10.5 77.7016
      vertex 4.49176 10.5 76.1262
      vertex 4.49797 10.5 76.18
    endloop
  endfacet
  facet normal 0 1 0
    outer loop
      vertex 6.11684 10.5 77.7016
      vertex 4.48762 10.5 76.0703
      vertex 4.49176 10.5 76.1262
    endloop
  endfacet
  facet normal 0 1 0
    outer loop
      vertex 6.11684 10.5 77.7016
      vertex 4.48348 10.5 76.0124
      vertex 4.48762 10.5 76.0703
    endloop
  endfacet
  facet normal 0 1 0
    outer loop
      vertex 6.11684 10.5 77.7016
      vertex 4.47934 10.5 75.9502
      vertex 4.48348 10.5 76.0124
    endloop
  endfacet
  facet normal 0 1 0
    outer loop
      vertex 6.11684 10.5 77.7016
      vertex 4.4752 10.5 75.8861
      vertex 4.47934 10.5 75.9502
    endloop
  endfacet
  facet normal 0 1 0
    outer loop
      vertex 6.11684 10.5 77.7016
      vertex 4.47106 10.5 75.8198
      vertex 4.4752 10.5 75.8861
    endloop
  endfacet
  facet normal 0 1 0
    outer loop
      vertex 6.11684 10.5 77.7016
      vertex 4.46692 10.5 75.7515
      vertex 4.47106 10.5 75.8198
    endloop
  endfacet
  facet normal 0 1 0
    outer loop
      vertex 6.11684 10.5 77.7016
      vertex 4.46485 10.5 75.6791
      vertex 4.46692 10.5 75.7515
    endloop
  endfacet
  facet normal 0 1 0
    outer loop
      vertex 6.11684 10.5 77.7016
      vertex 4.46071 10.5 75.6066
      vertex 4.46485 10.5 75.6791
    endloop
  endfacet
  facet normal 0 1 0
    outer loop
      vertex 6.11684 10.5 77.7016
      vertex 4.45864 10.5 75.53
      vertex 4.46071 10.5 75.6066
    endloop
  endfacet
  facet normal 0 1 0
    outer loop
      vertex 6.11684 10.5 77.7016
      vertex 4.45657 10.5 75.4513
      vertex 4.45864 10.5 75.53
    endloop
  endfacet
  facet normal 0 1 0
    outer loop
      vertex 6.11684 10.5 77.7016
      vertex 4.45243 10.5 75.3685
      vertex 4.45657 10.5 75.4513
    endloop
  endfacet
  facet normal 0 1 0
    outer loop
      vertex 6.11684 10.5 77.7016
      vertex 4.45036 10.5 75.2857
      vertex 4.45243 10.5 75.3685
    endloop
  endfacet
  facet normal 0 1 0
    outer loop
      vertex 6.11684 10.5 77.7016
      vertex 4.44829 10.5 75.1988
      vertex 4.45036 10.5 75.2857
    endloop
  endfacet
  facet normal 0 1 -0
    outer loop
      vertex 6.11684 10.5 72.6504
      vertex 4.44829 10.5 75.1988
      vertex 6.11684 10.5 77.7016
    endloop
  endfacet
  facet normal 0 1 0
    outer loop
      vertex 4.44829 10.5 75.1988
      vertex 6.11684 10.5 72.6504
      vertex 4.44622 10.5 75.1098
    endloop
  endfacet
  facet normal 0 1 0
    outer loop
      vertex 4.44622 10.5 75.1098
      vertex 6.11684 10.5 72.6504
      vertex 4.44622 10.5 75.0187
    endloop
  endfacet
  facet normal 0 1 0
    outer loop
      vertex 4.44622 10.5 75.0187
      vertex 6.11684 10.5 72.6504
      vertex 4.44415 10.5 74.9235
    endloop
  endfacet
  facet normal 0 1 0
    outer loop
      vertex 4.44415 10.5 74.9235
      vertex 6.11684 10.5 72.6504
      vertex 4.44208 10.5 74.8262
    endloop
  endfacet
  facet normal 0 1 0
    outer loop
      vertex 4.44208 10.5 74.8262
      vertex 6.11684 10.5 72.6504
      vertex 4.44208 10.5 74.7289
    endloop
  endfacet
  facet normal 0 1 0
    outer loop
      vertex 4.44208 10.5 74.7289
      vertex 6.11684 10.5 72.6504
      vertex 4.44001 10.5 74.6274
    endloop
  endfacet
  facet normal 0 1 0
    outer loop
      vertex 4.44001 10.5 74.6274
      vertex 6.11684 10.5 72.6504
      vertex 4.44001 10.5 74.1223
    endloop
  endfacet
  facet normal 0 1 0
    outer loop
      vertex 4.44001 10.5 74.1223
      vertex 6.11684 10.5 72.6504
      vertex 4.44208 10.5 74.0602
    endloop
  endfacet
  facet normal 0 1 0
    outer loop
      vertex 4.44208 10.5 74.0602
      vertex 6.11684 10.5 72.6504
      vertex 4.44208 10.5 73.9401
    endloop
  endfacet
  facet normal 0 1 0
    outer loop
      vertex 4.44208 10.5 73.9401
      vertex 6.11684 10.5 72.6504
      vertex 4.44415 10.5 73.878
    endloop
  endfacet
  facet normal 0 1 0
    outer loop
      vertex 4.44415 10.5 73.878
      vertex 6.11684 10.5 72.6504
      vertex 4.44415 10.5 73.818
    endloop
  endfacet
  facet normal 0 1 0
    outer loop
      vertex 4.44415 10.5 73.818
      vertex 6.11684 10.5 72.6504
      vertex 4.44622 10.5 73.76
    endloop
  endfacet
  facet normal 0 1 0
    outer loop
      vertex 4.44622 10.5 73.76
      vertex 6.11684 10.5 72.6504
      vertex 4.44622 10.5 73.7
    endloop
  endfacet
  facet normal 0 1 0
    outer loop
      vertex 4.44622 10.5 73.7
      vertex 6.11684 10.5 72.6504
      vertex 4.44829 10.5 73.64
    endloop
  endfacet
  facet normal 0 1 0
    outer loop
      vertex 4.44829 10.5 73.64
      vertex 6.11684 10.5 72.6504
      vertex 4.46071 10.5 73.2922
    endloop
  endfacet
  facet normal 0 1 0
    outer loop
      vertex 4.46071 10.5 73.2922
      vertex 6.11684 10.5 72.6504
      vertex 4.46278 10.5 73.2363
    endloop
  endfacet
  facet normal 0 1 0
    outer loop
      vertex 4.46278 10.5 73.2363
      vertex 6.11684 10.5 72.6504
      vertex 4.46692 10.5 73.1783
    endloop
  endfacet
  facet normal 0 1 0
    outer loop
      vertex 4.46692 10.5 73.1783
      vertex 6.11684 10.5 72.6504
      vertex 4.47106 10.5 73.0665
    endloop
  endfacet
  facet normal 0 1 0
    outer loop
      vertex 4.47106 10.5 73.0665
      vertex 6.11684 10.5 72.6504
      vertex 4.4752 10.5 73.0106
    endloop
  endfacet
  facet normal 0 1 0
    outer loop
      vertex 4.4752 10.5 73.0106
      vertex 6.11684 10.5 72.6504
      vertex 4.47727 10.5 72.9547
    endloop
  endfacet
  facet normal 0 1 0
    outer loop
      vertex 4.47727 10.5 72.9547
      vertex 6.11684 10.5 72.6504
      vertex 4.48141 10.5 72.8988
    endloop
  endfacet
  facet normal 0 1 0
    outer loop
      vertex 4.48141 10.5 72.8988
      vertex 6.11684 10.5 72.6504
      vertex 4.48348 10.5 72.8554
    endloop
  endfacet
  facet normal 0 1 0
    outer loop
      vertex 4.48348 10.5 72.8554
      vertex 6.11684 10.5 72.6504
      vertex 4.48555 10.5 72.814
    endloop
  endfacet
  facet normal 0 1 0
    outer loop
      vertex 4.48555 10.5 72.814
      vertex 6.11684 10.5 72.6504
      vertex 4.48969 10.5 72.7746
    endloop
  endfacet
  facet normal 0 1 0
    outer loop
      vertex 4.48969 10.5 72.7746
      vertex 6.11684 10.5 72.6504
      vertex 4.49176 10.5 72.7332
    endloop
  endfacet
  facet normal 0 1 0
    outer loop
      vertex 4.49176 10.5 72.7332
      vertex 6.11684 10.5 72.6504
      vertex 4.4959 10.5 72.6939
    endloop
  endfacet
  facet normal 0 1 0
    outer loop
      vertex 4.4959 10.5 72.6939
      vertex 6.11684 10.5 72.6504
      vertex 4.50004 10.5 72.6566
    endloop
  endfacet
  facet normal 0 1 0
    outer loop
      vertex 4.50004 10.5 72.6566
      vertex 6.11684 10.5 72.6504
      vertex 4.50626 10.5 72.6194
    endloop
  endfacet
  facet normal 0 1 0
    outer loop
      vertex 6.11684 10.5 77.7016
      vertex 12.5 10.5 80
      vertex 7.243 10.5 77.7016
    endloop
  endfacet
  facet normal 0 1 0
    outer loop
      vertex 12.5 10.5 80
      vertex 7.52661 10.5 77.6995
      vertex 7.243 10.5 77.7016
    endloop
  endfacet
  facet normal 0 1 0
    outer loop
      vertex 12.5 10.5 80
      vertex 7.66531 10.5 77.6975
      vertex 7.52661 10.5 77.6995
    endloop
  endfacet
  facet normal 0 1 0
    outer loop
      vertex 12.5 10.5 80
      vertex 7.93029 10.5 77.6933
      vertex 7.66531 10.5 77.6975
    endloop
  endfacet
  facet normal 0 1 0
    outer loop
      vertex 12.5 10.5 80
      vertex 8.05864 10.5 77.6913
      vertex 7.93029 10.5 77.6933
    endloop
  endfacet
  facet normal 0 1 0
    outer loop
      vertex 12.5 10.5 80
      vertex 8.18285 10.5 77.6892
      vertex 8.05864 10.5 77.6913
    endloop
  endfacet
  facet normal 0 1 0
    outer loop
      vertex 12.5 10.5 80
      vertex 8.30499 10.5 77.685
      vertex 8.18285 10.5 77.6892
    endloop
  endfacet
  facet normal 0 1 0
    outer loop
      vertex 12.5 10.5 80
      vertex 8.42299 10.5 77.683
      vertex 8.30499 10.5 77.685
    endloop
  endfacet
  facet normal 0 1 0
    outer loop
      vertex 12.5 10.5 80
      vertex 8.53892 10.5 77.6788
      vertex 8.42299 10.5 77.683
    endloop
  endfacet
  facet normal 0 1 0
    outer loop
      vertex 12.5 10.5 80
      vertex 8.65071 10.5 77.6747
      vertex 8.53892 10.5 77.6788
    endloop
  endfacet
  facet normal 0 1 0
    outer loop
      vertex 12.5 10.5 80
      vertex 8.76042 10.5 77.6705
      vertex 8.65071 10.5 77.6747
    endloop
  endfacet
  facet normal 0 1 0
    outer loop
      vertex 12.5 10.5 80
      vertex 8.866 10.5 77.6643
      vertex 8.76042 10.5 77.6705
    endloop
  endfacet
  facet normal 0 1 0
    outer loop
      vertex 12.5 10.5 80
      vertex 8.96951 10.5 77.6602
      vertex 8.866 10.5 77.6643
    endloop
  endfacet
  facet normal 0 1 0
    outer loop
      vertex 12.5 10.5 80
      vertex 9.06888 10.5 77.654
      vertex 8.96951 10.5 77.6602
    endloop
  endfacet
  facet normal 0 1 0
    outer loop
      vertex 12.5 10.5 80
      vertex 9.1641 10.5 77.6498
      vertex 9.06888 10.5 77.654
    endloop
  endfacet
  facet normal 0 1 0
    outer loop
      vertex 12.5 10.5 80
      vertex 9.25933 10.5 77.6436
      vertex 9.1641 10.5 77.6498
    endloop
  endfacet
  facet normal 0 1 0
    outer loop
      vertex 12.5 10.5 80
      vertex 9.34835 10.5 77.6374
      vertex 9.25933 10.5 77.6436
    endloop
  endfacet
  facet normal 0 1 0
    outer loop
      vertex 12.5 10.5 80
      vertex 9.4353 10.5 77.6312
      vertex 9.34835 10.5 77.6374
    endloop
  endfacet
  facet normal 0 1 0
    outer loop
      vertex 12.5 10.5 80
      vertex 9.52017 10.5 77.6229
      vertex 9.4353 10.5 77.6312
    endloop
  endfacet
  facet normal 0 1 0
    outer loop
      vertex 12.5 10.5 80
      vertex 9.60091 10.5 77.6167
      vertex 9.52017 10.5 77.6229
    endloop
  endfacet
  facet normal 0 1 0
    outer loop
      vertex 12.5 10.5 80
      vertex 9.6775 10.5 77.6084
      vertex 9.60091 10.5 77.6167
    endloop
  endfacet
  facet normal 0 1 0
    outer loop
      vertex 12.5 10.5 80
      vertex 9.75203 10.5 77.6002
      vertex 9.6775 10.5 77.6084
    endloop
  endfacet
  facet normal 0 1 0
    outer loop
      vertex 12.5 10.5 80
      vertex 9.90108 10.5 77.5795
      vertex 9.75203 10.5 77.6002
    endloop
  endfacet
  facet normal 0 1 0
    outer loop
      vertex 12.5 10.5 80
      vertex 9.97147 10.5 77.5691
      vertex 9.90108 10.5 77.5795
    endloop
  endfacet
  facet normal 0 1 0
    outer loop
      vertex 12.5 10.5 80
      vertex 10.0419 10.5 77.5567
      vertex 9.97147 10.5 77.5691
    endloop
  endfacet
  facet normal 0 1 0
    outer loop
      vertex 12.5 10.5 80
      vertex 10.1122 10.5 77.5422
      vertex 10.0419 10.5 77.5567
    endloop
  endfacet
  facet normal 0 1 0
    outer loop
      vertex 12.5 10.5 80
      vertex 10.1806 10.5 77.5277
      vertex 10.1122 10.5 77.5422
    endloop
  endfacet
  facet normal 0 1 0
    outer loop
      vertex 12.5 10.5 80
      vertex 10.2489 10.5 77.5111
      vertex 10.1806 10.5 77.5277
    endloop
  endfacet
  facet normal 0 1 0
    outer loop
      vertex 12.5 10.5 80
      vertex 10.3151 10.5 77.4925
      vertex 10.2489 10.5 77.5111
    endloop
  endfacet
  facet normal 0 1 0
    outer loop
      vertex 12.5 10.5 80
      vertex 10.3793 10.5 77.476
      vertex 10.3151 10.5 77.4925
    endloop
  endfacet
  facet normal 0 1 0
    outer loop
      vertex 12.5 10.5 80
      vertex 10.4435 10.5 77.4553
      vertex 10.3793 10.5 77.476
    endloop
  endfacet
  facet normal 0 1 0
    outer loop
      vertex 12.5 10.5 80
      vertex 10.5677 10.5 77.4138
      vertex 10.4435 10.5 77.4553
    endloop
  endfacet
  facet normal 0 1 0
    outer loop
      vertex 12.5 10.5 80
      vertex 10.6277 10.5 77.3911
      vertex 10.5677 10.5 77.4138
    endloop
  endfacet
  facet normal 0 1 0
    outer loop
      vertex 12.5 10.5 80
      vertex 10.6877 10.5 77.3662
      vertex 10.6277 10.5 77.3911
    endloop
  endfacet
  facet normal 0 1 0
    outer loop
      vertex 12.5 10.5 80
      vertex 10.7457 10.5 77.3414
      vertex 10.6877 10.5 77.3662
    endloop
  endfacet
  facet normal 0 1 0
    outer loop
      vertex 12.5 10.5 80
      vertex 10.8575 10.5 77.2876
      vertex 10.7457 10.5 77.3414
    endloop
  endfacet
  facet normal 0 1 0
    outer loop
      vertex 12.5 10.5 80
      vertex 10.9113 10.5 77.2607
      vertex 10.8575 10.5 77.2876
    endloop
  endfacet
  facet normal 0 1 0
    outer loop
      vertex 12.5 10.5 80
      vertex 10.9651 10.5 77.2296
      vertex 10.9113 10.5 77.2607
    endloop
  endfacet
  facet normal 0 1 0
    outer loop
      vertex 12.5 10.5 80
      vertex 11.019 10.5 77.2006
      vertex 10.9651 10.5 77.2296
    endloop
  endfacet
  facet normal 0 1 0
    outer loop
      vertex 12.5 10.5 80
      vertex 11.168 10.5 77.1013
      vertex 11.019 10.5 77.2006
    endloop
  endfacet
  facet normal 0 1 0
    outer loop
      vertex 12.5 10.5 80
      vertex 11.2757 10.5 77.0226
      vertex 11.168 10.5 77.1013
    endloop
  endfacet
  facet normal 0 1 0
    outer loop
      vertex 12.5 10.5 80
      vertex 11.3792 10.5 76.9356
      vertex 11.2757 10.5 77.0226
    endloop
  endfacet
  facet normal 0 1 0
    outer loop
      vertex 12.5 10.5 80
      vertex 11.4289 10.5 76.8901
      vertex 11.3792 10.5 76.9356
    endloop
  endfacet
  facet normal 0 1 0
    outer loop
      vertex 12.5 10.5 80
      vertex 11.4765 10.5 76.8425
      vertex 11.4289 10.5 76.8901
    endloop
  endfacet
  facet normal 0 1 0
    outer loop
      vertex 12.5 10.5 80
      vertex 11.522 10.5 76.7928
      vertex 11.4765 10.5 76.8425
    endloop
  endfacet
  facet normal 0 1 0
    outer loop
      vertex 12.5 10.5 80
      vertex 11.6131 10.5 76.6893
      vertex 11.522 10.5 76.7928
    endloop
  endfacet
  facet normal 0 1 0
    outer loop
      vertex 12.5 10.5 80
      vertex 11.6545 10.5 76.6334
      vertex 11.6131 10.5 76.6893
    endloop
  endfacet
  facet normal 0 1 0
    outer loop
      vertex 12.5 10.5 80
      vertex 11.698 10.5 76.5775
      vertex 11.6545 10.5 76.6334
    endloop
  endfacet
  facet normal 0 1 0
    outer loop
      vertex 12.5 10.5 80
      vertex 11.7373 10.5 76.5195
      vertex 11.698 10.5 76.5775
    endloop
  endfacet
  facet normal 0 1 0
    outer loop
      vertex 12.5 10.5 80
      vertex 11.7766 10.5 76.4595
      vertex 11.7373 10.5 76.5195
    endloop
  endfacet
  facet normal 0 1 0
    outer loop
      vertex 12.5 10.5 80
      vertex 11.8139 10.5 76.3974
      vertex 11.7766 10.5 76.4595
    endloop
  endfacet
  facet normal 0 1 0
    outer loop
      vertex 12.5 10.5 80
      vertex 11.8512 10.5 76.3332
      vertex 11.8139 10.5 76.3974
    endloop
  endfacet
  facet normal 0 1 0
    outer loop
      vertex 12.5 10.5 80
      vertex 11.8864 10.5 76.2691
      vertex 11.8512 10.5 76.3332
    endloop
  endfacet
  facet normal 0 1 0
    outer loop
      vertex 12.5 10.5 80
      vertex 11.9526 10.5 76.1324
      vertex 11.8864 10.5 76.2691
    endloop
  endfacet
  facet normal 0 1 0
    outer loop
      vertex 12.5 10.5 80
      vertex 11.9837 10.5 76.062
      vertex 11.9526 10.5 76.1324
    endloop
  endfacet
  facet normal 0 1 0
    outer loop
      vertex 12.5 10.5 80
      vertex 12.0126 10.5 75.9896
      vertex 11.9837 10.5 76.062
    endloop
  endfacet
  facet normal 0 1 0
    outer loop
      vertex 12.5 10.5 80
      vertex 12.0416 10.5 75.9151
      vertex 12.0126 10.5 75.9896
    endloop
  endfacet
  facet normal 0 1 0
    outer loop
      vertex 12.5 10.5 80
      vertex 12.0685 10.5 75.8405
      vertex 12.0416 10.5 75.9151
    endloop
  endfacet
  facet normal 0 1 0
    outer loop
      vertex 12.5 10.5 80
      vertex 12.0954 10.5 75.7619
      vertex 12.0685 10.5 75.8405
    endloop
  endfacet
  facet normal 0 1 0
    outer loop
      vertex 12.5 10.5 80
      vertex 12.1203 10.5 75.6832
      vertex 12.0954 10.5 75.7619
    endloop
  endfacet
  facet normal 0 1 0
    outer loop
      vertex 12.5 10.5 80
      vertex 12.1431 10.5 75.6025
      vertex 12.1203 10.5 75.6832
    endloop
  endfacet
  facet normal 0 1 0
    outer loop
      vertex 12.5 10.5 80
      vertex 12.1658 10.5 75.5176
      vertex 12.1431 10.5 75.6025
    endloop
  endfacet
  facet normal 0 1 0
    outer loop
      vertex 12.5 10.5 80
      vertex 12.1886 10.5 75.4306
      vertex 12.1658 10.5 75.5176
    endloop
  endfacet
  facet normal 0 1 0
    outer loop
      vertex 12.5 10.5 80
      vertex 12.2093 10.5 75.3396
      vertex 12.1886 10.5 75.4306
    endloop
  endfacet
  facet normal 0 1 0
    outer loop
      vertex 12.5 10.5 80
      vertex 12.2279 10.5 75.2464
      vertex 12.2093 10.5 75.3396
    endloop
  endfacet
  facet normal 0 1 0
    outer loop
      vertex 12.5 10.5 80
      vertex 12.2466 10.5 75.1512
      vertex 12.2279 10.5 75.2464
    endloop
  endfacet
  facet normal 0 1 0
    outer loop
      vertex 12.5 10.5 80
      vertex 12.2652 10.5 75.0518
      vertex 12.2466 10.5 75.1512
    endloop
  endfacet
  facet normal 0 1 0
    outer loop
      vertex 12.5 10.5 80
      vertex 12.2818 10.5 74.9504
      vertex 12.2652 10.5 75.0518
    endloop
  endfacet
  facet normal 0 1 0
    outer loop
      vertex 12.5 10.5 80
      vertex 12.2962 10.5 74.8469
      vertex 12.2818 10.5 74.9504
    endloop
  endfacet
  facet normal 0 1 0
    outer loop
      vertex 12.5 10.5 80
      vertex 12.3107 10.5 74.7392
      vertex 12.2962 10.5 74.8469
    endloop
  endfacet
  facet normal 0 1 0
    outer loop
      vertex 12.5 10.5 80
      vertex 12.3252 10.5 74.6295
      vertex 12.3107 10.5 74.7392
    endloop
  endfacet
  facet normal 0 1 0
    outer loop
      vertex 12.5 10.5 80
      vertex 12.3377 10.5 74.5156
      vertex 12.3252 10.5 74.6295
    endloop
  endfacet
  facet normal 0 1 0
    outer loop
      vertex 12.5 10.5 80
      vertex 12.3501 10.5 74.3997
      vertex 12.3377 10.5 74.5156
    endloop
  endfacet
  facet normal 0 1 0
    outer loop
      vertex 12.5 10.5 80
      vertex 12.3604 10.5 74.2817
      vertex 12.3501 10.5 74.3997
    endloop
  endfacet
  facet normal 0 1 0
    outer loop
      vertex 12.5 10.5 80
      vertex 12.3687 10.5 74.1596
      vertex 12.3604 10.5 74.2817
    endloop
  endfacet
  facet normal 0 1 0
    outer loop
      vertex 12.5 10.5 80
      vertex 12.377 10.5 74.0354
      vertex 12.3687 10.5 74.1596
    endloop
  endfacet
  facet normal 0 1 0
    outer loop
      vertex 12.5 10.5 80
      vertex 12.3853 10.5 73.9091
      vertex 12.377 10.5 74.0354
    endloop
  endfacet
  facet normal 0 1 0
    outer loop
      vertex 12.5 10.5 80
      vertex 12.3915 10.5 73.7787
      vertex 12.3853 10.5 73.9091
    endloop
  endfacet
  facet normal 0 1 0
    outer loop
      vertex 12.5 10.5 80
      vertex 12.3977 10.5 73.6462
      vertex 12.3915 10.5 73.7787
    endloop
  endfacet
  facet normal 0 1 0
    outer loop
      vertex 12.5 10.5 80
      vertex 12.4018 10.5 73.5116
      vertex 12.3977 10.5 73.6462
    endloop
  endfacet
  facet normal 0 1 0
    outer loop
      vertex 12.5 10.5 80
      vertex 12.406 10.5 73.3729
      vertex 12.4018 10.5 73.5116
    endloop
  endfacet
  facet normal 0 1 0
    outer loop
      vertex 12.5 10.5 80
      vertex 12.408 10.5 73.2321
      vertex 12.406 10.5 73.3729
    endloop
  endfacet
  facet normal 0 1 0
    outer loop
      vertex 12.5 10.5 80
      vertex 12.4101 10.5 73.0872
      vertex 12.408 10.5 73.2321
    endloop
  endfacet
  facet normal 0 1 0
    outer loop
      vertex 12.5 10.5 80
      vertex 12.4101 10.5 72.6504
      vertex 12.4101 10.5 73.0872
    endloop
  endfacet
  facet normal 0 1 -0
    outer loop
      vertex 12.3687 10.5 71.781
      vertex 9.78101 10.5 72.6504
      vertex 12.4101 10.5 72.6504
    endloop
  endfacet
  facet normal 0 1 0
    outer loop
      vertex 5.94708 10.5 71.781
      vertex 9.78101 10.5 72.6504
      vertex 12.3687 10.5 71.781
    endloop
  endfacet
  facet normal 0 1 0
    outer loop
      vertex 9.78101 10.5 72.6504
      vertex 5.94708 10.5 71.781
      vertex 8.00068 10.5 72.6504
    endloop
  endfacet
  facet normal -0 1 0
    outer loop
      vertex 5.89326 10.5 71.783
      vertex 6.11684 10.5 72.6504
      vertex 5.94708 10.5 71.781
    endloop
  endfacet
  facet normal 0 1 0
    outer loop
      vertex 5.84151 10.5 71.783
      vertex 6.11684 10.5 72.6504
      vertex 5.89326 10.5 71.783
    endloop
  endfacet
  facet normal -0 1 0
    outer loop
      vertex 5.74007 10.5 71.7872
      vertex 6.11684 10.5 72.6504
      vertex 5.78975 10.5 71.7851
    endloop
  endfacet
  facet normal 0 1 0
    outer loop
      vertex 5.69245 10.5 71.7872
      vertex 6.11684 10.5 72.6504
      vertex 5.74007 10.5 71.7872
    endloop
  endfacet
  facet normal -0 1 0
    outer loop
      vertex 5.60137 10.5 71.7913
      vertex 6.11684 10.5 72.6504
      vertex 5.64484 10.5 71.7892
    endloop
  endfacet
  facet normal -0 1 0
    outer loop
      vertex 5.55582 10.5 71.7934
      vertex 6.11684 10.5 72.6504
      vertex 5.60137 10.5 71.7913
    endloop
  endfacet
  facet normal -0 1 0
    outer loop
      vertex 5.51442 10.5 71.7954
      vertex 6.11684 10.5 72.6504
      vertex 5.55582 10.5 71.7934
    endloop
  endfacet
  facet normal -0 1 0
    outer loop
      vertex 5.39435 10.5 71.8058
      vertex 6.11684 10.5 72.6504
      vertex 5.47302 10.5 71.7996
    endloop
  endfacet
  facet normal -0 1 0
    outer loop
      vertex 5.3219 10.5 71.812
      vertex 6.11684 10.5 72.6504
      vertex 5.39435 10.5 71.8058
    endloop
  endfacet
  facet normal -0 1 0
    outer loop
      vertex 5.25565 10.5 71.8203
      vertex 6.11684 10.5 72.6504
      vertex 5.3219 10.5 71.812
    endloop
  endfacet
  facet normal 0 1 0
    outer loop
      vertex 6.11684 10.5 72.6504
      vertex 4.5104 10.5 72.5842
      vertex 4.50626 10.5 72.6194
    endloop
  endfacet
  facet normal 0 1 0
    outer loop
      vertex 6.11684 10.5 72.6504
      vertex 4.5311 10.5 72.4807
      vertex 4.5104 10.5 72.5842
    endloop
  endfacet
  facet normal 0 1 0
    outer loop
      vertex 4.5104 10.5 72.5842
      vertex 4.5311 10.5 72.4807
      vertex 4.52282 10.5 72.5138
    endloop
  endfacet
  facet normal -0 1 0
    outer loop
      vertex 5.19355 10.5 71.8286
      vertex 6.11684 10.5 72.6504
      vertex 5.25565 10.5 71.8203
    endloop
  endfacet
  facet normal 0 1 0
    outer loop
      vertex 6.11684 10.5 72.6504
      vertex 4.53938 10.5 72.4496
      vertex 4.5311 10.5 72.4807
    endloop
  endfacet
  facet normal 0 1 0
    outer loop
      vertex 6.11684 10.5 72.6504
      vertex 5.19355 10.5 71.8286
      vertex 4.53938 10.5 72.4496
    endloop
  endfacet
  facet normal 0 1 0
    outer loop
      vertex 4.53938 10.5 72.4496
      vertex 4.55387 10.5 72.3875
      vertex 4.54559 10.5 72.4165
    endloop
  endfacet
  facet normal 0 1 0
    outer loop
      vertex 4.53938 10.5 72.4496
      vertex 5.19355 10.5 71.8286
      vertex 4.56422 10.5 72.3565
    endloop
  endfacet
  facet normal -0 1 -0
    outer loop
      vertex 5.13765 10.5 71.8389
      vertex 4.56422 10.5 72.3565
      vertex 5.19355 10.5 71.8286
    endloop
  endfacet
  facet normal -0 1 -0
    outer loop
      vertex 4.60562 10.5 72.2488
      vertex 4.56422 10.5 72.3565
      vertex 5.13765 10.5 71.8389
    endloop
  endfacet
  facet normal -0 1 -0
    outer loop
      vertex 5.06313 10.5 71.8555
      vertex 4.60562 10.5 72.2488
      vertex 5.13765 10.5 71.8389
    endloop
  endfacet
  facet normal -0 1 -0
    outer loop
      vertex 4.62839 10.5 72.1991
      vertex 4.60562 10.5 72.2488
      vertex 5.06313 10.5 71.8555
    endloop
  endfacet
  facet normal 0 1 0
    outer loop
      vertex 4.60562 10.5 72.2488
      vertex 4.62839 10.5 72.1991
      vertex 4.61597 10.5 72.224
    endloop
  endfacet
  facet normal 0 1 0
    outer loop
      vertex 4.62839 10.5 72.1991
      vertex 4.66773 10.5 72.1329
      vertex 4.65324 10.5 72.1536
    endloop
  endfacet
  facet normal 0 1 0
    outer loop
      vertex 4.62839 10.5 72.1991
      vertex 5.06313 10.5 71.8555
      vertex 4.66773 10.5 72.1329
    endloop
  endfacet
  facet normal 0 1 0
    outer loop
      vertex 4.66773 10.5 72.1329
      vertex 4.70706 10.5 72.0791
      vertex 4.69257 10.5 72.0956
    endloop
  endfacet
  facet normal 0 1 0
    outer loop
      vertex 4.70706 10.5 72.0791
      vertex 4.73397 10.5 72.0459
      vertex 4.71948 10.5 72.0625
    endloop
  endfacet
  facet normal 0 1 0
    outer loop
      vertex 4.70706 10.5 72.0791
      vertex 4.88923 10.5 71.9238
      vertex 4.76503 10.5 72.0149
    endloop
  endfacet
  facet normal 0 1 0
    outer loop
      vertex 4.81471 10.5 71.9714
      vertex 4.88923 10.5 71.9238
      vertex 4.8706 10.5 71.9342
    endloop
  endfacet
  facet normal 0 1 0
    outer loop
      vertex 5.06313 10.5 71.8555
      vertex 5.13765 10.5 71.8389
      vertex 5.11281 10.5 71.8431
    endloop
  endfacet
  facet normal -0 1 -0
    outer loop
      vertex 4.97204 10.5 71.8845
      vertex 4.88923 10.5 71.9238
      vertex 5.06313 10.5 71.8555
    endloop
  endfacet
  facet normal 0 1 0
    outer loop
      vertex 5.13765 10.5 71.8389
      vertex 5.19355 10.5 71.8286
      vertex 5.16663 10.5 71.8327
    endloop
  endfacet
  facet normal -0 1 -0
    outer loop
      vertex 4.73397 10.5 72.0459
      vertex 4.70706 10.5 72.0791
      vertex 4.76503 10.5 72.0149
    endloop
  endfacet
  facet normal 0 1 0
    outer loop
      vertex 5.3219 10.5 71.812
      vertex 5.39435 10.5 71.8058
      vertex 5.35709 10.5 71.8079
    endloop
  endfacet
  facet normal -0 1 -0
    outer loop
      vertex 4.88923 10.5 71.9238
      vertex 4.70706 10.5 72.0791
      vertex 5.06313 10.5 71.8555
    endloop
  endfacet
  facet normal 0 1 0
    outer loop
      vertex 5.39435 10.5 71.8058
      vertex 5.47302 10.5 71.7996
      vertex 5.43368 10.5 71.8017
    endloop
  endfacet
  facet normal 0 1 0
    outer loop
      vertex 4.97204 10.5 71.8845
      vertex 5.06313 10.5 71.8555
      vertex 5.01758 10.5 71.8679
    endloop
  endfacet
  facet normal 0 1 0
    outer loop
      vertex 4.66773 10.5 72.1329
      vertex 5.06313 10.5 71.8555
      vertex 4.70706 10.5 72.0791
    endloop
  endfacet
  facet normal 0 1 0
    outer loop
      vertex 6.11684 10.5 72.6504
      vertex 5.51442 10.5 71.7954
      vertex 5.47302 10.5 71.7996
    endloop
  endfacet
  facet normal 0 1 0
    outer loop
      vertex 4.56422 10.5 72.3565
      vertex 4.60562 10.5 72.2488
      vertex 4.5725 10.5 72.3275
    endloop
  endfacet
  facet normal 0 1 0
    outer loop
      vertex 4.5725 10.5 72.3275
      vertex 4.60562 10.5 72.2488
      vertex 4.5932 10.5 72.2737
    endloop
  endfacet
  facet normal 0 1 0
    outer loop
      vertex 4.88923 10.5 71.9238
      vertex 4.97204 10.5 71.8845
      vertex 4.95134 10.5 71.8927
    endloop
  endfacet
  facet normal 0 1 0
    outer loop
      vertex 4.53938 10.5 72.4496
      vertex 4.56422 10.5 72.3565
      vertex 4.55387 10.5 72.3875
    endloop
  endfacet
  facet normal 0 1 0
    outer loop
      vertex 8.00068 10.5 72.6504
      vertex 5.94708 10.5 71.781
      vertex 6.11684 10.5 72.6504
    endloop
  endfacet
  facet normal 0 1 0
    outer loop
      vertex 12.3501 10.5 71.5615
      vertex 12.3273 10.5 71.3483
      vertex 12.3377 10.5 71.4539
    endloop
  endfacet
  facet normal 0 1 0
    outer loop
      vertex 12.3273 10.5 71.3483
      vertex 12.3004 10.5 71.1433
      vertex 12.3128 10.5 71.2448
    endloop
  endfacet
  facet normal 0 1 0
    outer loop
      vertex 12.3004 10.5 71.1433
      vertex 12.2693 10.5 70.9467
      vertex 12.2838 10.5 71.044
    endloop
  endfacet
  facet normal 0 1 -0
    outer loop
      vertex 11.6731 10.5 67.9905
      vertex 11.6711 10.5 69.2968
      vertex 11.7104 10.5 69.3527
    endloop
  endfacet
  facet normal 0 1 0
    outer loop
      vertex 11.0873 10.5 68.6819
      vertex 11.1225 10.5 68.6198
      vertex 11.0645 10.5 68.6654
    endloop
  endfacet
  facet normal 0 1 0
    outer loop
      vertex 11.139 10.5 68.7213
      vertex 11.1225 10.5 68.6198
      vertex 11.0873 10.5 68.6819
    endloop
  endfacet
  facet normal 0 1 -0
    outer loop
      vertex 11.1784 10.5 68.5722
      vertex 11.139 10.5 68.7213
      vertex 11.2384 10.5 68.8041
    endloop
  endfacet
  facet normal 0 1 0
    outer loop
      vertex 11.2343 10.5 68.5225
      vertex 11.2384 10.5 68.8041
      vertex 11.286 10.5 68.8455
    endloop
  endfacet
  facet normal 0 1 -0
    outer loop
      vertex 11.2881 10.5 68.4708
      vertex 11.286 10.5 68.8455
      vertex 11.3336 10.5 68.891
    endloop
  endfacet
  facet normal 0 1 -0
    outer loop
      vertex 11.3419 10.5 68.417
      vertex 11.3336 10.5 68.891
      vertex 11.3792 10.5 68.9366
    endloop
  endfacet
  facet normal 0 1 -0
    outer loop
      vertex 11.3916 10.5 68.3611
      vertex 11.3792 10.5 68.9366
      vertex 11.4247 10.5 68.9842
    endloop
  endfacet
  facet normal 0 1 -0
    outer loop
      vertex 11.4433 10.5 68.3052
      vertex 11.4247 10.5 68.9842
      vertex 11.4682 10.5 69.0318
    endloop
  endfacet
  facet normal 0 1 0
    outer loop
      vertex 11.4433 10.5 68.3052
      vertex 11.4682 10.5 69.0318
      vertex 11.5117 10.5 69.0815
    endloop
  endfacet
  facet normal 0 1 0
    outer loop
      vertex 11.139 10.5 68.7213
      vertex 11.1784 10.5 68.5722
      vertex 11.1225 10.5 68.6198
    endloop
  endfacet
  facet normal 0 1 -0
    outer loop
      vertex 11.5386 10.5 68.1851
      vertex 11.5117 10.5 69.0815
      vertex 11.5531 10.5 69.1332
    endloop
  endfacet
  facet normal 0 1 0
    outer loop
      vertex 11.5386 10.5 68.1851
      vertex 11.5531 10.5 69.1332
      vertex 11.5945 10.5 69.187
    endloop
  endfacet
  facet normal 0 1 -0
    outer loop
      vertex 11.6297 10.5 68.0567
      vertex 11.5945 10.5 69.187
      vertex 11.6338 10.5 69.2409
    endloop
  endfacet
  facet normal 0 1 0
    outer loop
      vertex 11.6711 10.5 69.2968
      vertex 11.6731 10.5 67.9905
      vertex 11.6338 10.5 69.2409
    endloop
  endfacet
  facet normal 0 1 0
    outer loop
      vertex 11.2384 10.5 68.8041
      vertex 11.2343 10.5 68.5225
      vertex 11.1784 10.5 68.5722
    endloop
  endfacet
  facet normal 0 1 -0
    outer loop
      vertex 11.7145 10.5 67.9222
      vertex 11.7104 10.5 69.3527
      vertex 11.7456 10.5 69.4106
    endloop
  endfacet
  facet normal 0 1 -0
    outer loop
      vertex 11.7559 10.5 67.8497
      vertex 11.7456 10.5 69.4106
      vertex 11.7808 10.5 69.4707
    endloop
  endfacet
  facet normal 0 1 0
    outer loop
      vertex 11.286 10.5 68.8455
      vertex 11.2881 10.5 68.4708
      vertex 11.2343 10.5 68.5225
    endloop
  endfacet
  facet normal 0 1 0
    outer loop
      vertex 11.7559 10.5 67.8497
      vertex 11.7808 10.5 69.4707
      vertex 11.816 10.5 69.5328
    endloop
  endfacet
  facet normal 0 1 0
    outer loop
      vertex 11.7953 10.5 67.7773
      vertex 11.816 10.5 69.5328
      vertex 11.8491 10.5 69.5949
    endloop
  endfacet
  facet normal 0 1 0
    outer loop
      vertex 11.8325 10.5 67.7048
      vertex 11.8491 10.5 69.5949
      vertex 11.8822 10.5 69.659
    endloop
  endfacet
  facet normal 0 1 0
    outer loop
      vertex 11.3336 10.5 68.891
      vertex 11.3419 10.5 68.417
      vertex 11.2881 10.5 68.4708
    endloop
  endfacet
  facet normal 0 1 0
    outer loop
      vertex 11.8698 10.5 67.6282
      vertex 11.8822 10.5 69.659
      vertex 11.9443 10.5 69.7915
    endloop
  endfacet
  facet normal 0 1 0
    outer loop
      vertex 11.3792 10.5 68.9366
      vertex 11.3916 10.5 68.3611
      vertex 11.3419 10.5 68.417
    endloop
  endfacet
  facet normal 0 1 -0
    outer loop
      vertex 11.9712 10.5 67.3881
      vertex 11.9443 10.5 69.7915
      vertex 11.9733 10.5 69.8619
    endloop
  endfacet
  facet normal 0 1 0
    outer loop
      vertex 11.9712 10.5 67.3881
      vertex 11.9733 10.5 69.8619
      vertex 12.0023 10.5 69.9344
    endloop
  endfacet
  facet normal 0 1 0
    outer loop
      vertex 11.4247 10.5 68.9842
      vertex 11.4433 10.5 68.3052
      vertex 11.3916 10.5 68.3611
    endloop
  endfacet
  facet normal 0 1 0
    outer loop
      vertex 11.9712 10.5 67.3881
      vertex 12.0023 10.5 69.9344
      vertex 12.0292 10.5 70.0068
    endloop
  endfacet
  facet normal 0 1 -0
    outer loop
      vertex 12.0333 10.5 67.2183
      vertex 12.0292 10.5 70.0068
      vertex 12.0561 10.5 70.0834
    endloop
  endfacet
  facet normal 0 1 0
    outer loop
      vertex 11.5117 10.5 69.0815
      vertex 11.5386 10.5 68.1851
      vertex 11.4433 10.5 68.3052
    endloop
  endfacet
  facet normal 0 1 -0
    outer loop
      vertex 12.0623 10.5 67.1293
      vertex 12.0561 10.5 70.0834
      vertex 12.081 10.5 70.16
    endloop
  endfacet
  facet normal 0 1 -0
    outer loop
      vertex 12.0892 10.5 67.0403
      vertex 12.081 10.5 70.16
      vertex 12.1306 10.5 70.3215
    endloop
  endfacet
  facet normal 0 1 0
    outer loop
      vertex 11.5945 10.5 69.187
      vertex 11.6297 10.5 68.0567
      vertex 11.5386 10.5 68.1851
    endloop
  endfacet
  facet normal 0 1 0
    outer loop
      vertex 12.1161 10.5 66.9492
      vertex 12.1306 10.5 70.3215
      vertex 12.1534 10.5 70.4043
    endloop
  endfacet
  facet normal 0 1 0
    outer loop
      vertex 12.141 10.5 66.854
      vertex 12.1534 10.5 70.4043
      vertex 12.1948 10.5 70.5782
    endloop
  endfacet
  facet normal 0 1 0
    outer loop
      vertex 12.1638 10.5 66.7567
      vertex 12.1948 10.5 70.5782
      vertex 12.2155 10.5 70.6672
    endloop
  endfacet
  facet normal 0 1 0
    outer loop
      vertex 11.6338 10.5 69.2409
      vertex 11.6731 10.5 67.9905
      vertex 11.6297 10.5 68.0567
    endloop
  endfacet
  facet normal 0 1 0
    outer loop
      vertex 12.2093 10.5 66.5517
      vertex 12.2155 10.5 70.6672
      vertex 12.2341 10.5 70.7583
    endloop
  endfacet
  facet normal 0 1 0
    outer loop
      vertex 11.7104 10.5 69.3527
      vertex 11.7145 10.5 67.9222
      vertex 11.6731 10.5 67.9905
    endloop
  endfacet
  facet normal 0 1 0
    outer loop
      vertex 12.2093 10.5 66.5517
      vertex 12.2341 10.5 70.7583
      vertex 12.2528 10.5 70.8515
    endloop
  endfacet
  facet normal 0 1 0
    outer loop
      vertex 11.7456 10.5 69.4106
      vertex 11.7559 10.5 67.8497
      vertex 11.7145 10.5 67.9222
    endloop
  endfacet
  facet normal 0 1 0
    outer loop
      vertex 12.23 10.5 66.4462
      vertex 12.2528 10.5 70.8515
      vertex 12.2693 10.5 70.9467
    endloop
  endfacet
  facet normal 0 1 0
    outer loop
      vertex 11.816 10.5 69.5328
      vertex 11.7953 10.5 67.7773
      vertex 11.7559 10.5 67.8497
    endloop
  endfacet
  facet normal 0 1 0
    outer loop
      vertex 12.2673 10.5 66.2247
      vertex 12.2693 10.5 70.9467
      vertex 12.3004 10.5 71.1433
    endloop
  endfacet
  facet normal 0 1 0
    outer loop
      vertex 11.8491 10.5 69.5949
      vertex 11.8325 10.5 67.7048
      vertex 11.7953 10.5 67.7773
    endloop
  endfacet
  facet normal 0 1 0
    outer loop
      vertex 11.8822 10.5 69.659
      vertex 11.8698 10.5 67.6282
      vertex 11.8325 10.5 67.7048
    endloop
  endfacet
  facet normal 0 1 0
    outer loop
      vertex 12.3004 10.5 65.9928
      vertex 12.3004 10.5 71.1433
      vertex 12.3273 10.5 71.3483
    endloop
  endfacet
  facet normal 0 1 0
    outer loop
      vertex 11.9443 10.5 69.7915
      vertex 11.905 10.5 67.5496
      vertex 11.8698 10.5 67.6282
    endloop
  endfacet
  facet normal 0 1 0
    outer loop
      vertex 11.9443 10.5 69.7915
      vertex 11.9712 10.5 67.3881
      vertex 11.905 10.5 67.5496
    endloop
  endfacet
  facet normal 0 1 0
    outer loop
      vertex 12.317 10.5 65.8727
      vertex 12.3273 10.5 71.3483
      vertex 12.3501 10.5 71.5615
    endloop
  endfacet
  facet normal 0 1 0
    outer loop
      vertex 12.3294 10.5 65.7485
      vertex 12.3501 10.5 71.5615
      vertex 12.3604 10.5 71.6692
    endloop
  endfacet
  facet normal 0 1 0
    outer loop
      vertex 12.0292 10.5 70.0068
      vertex 12.0333 10.5 67.2183
      vertex 11.9712 10.5 67.3881
    endloop
  endfacet
  facet normal 0 1 0
    outer loop
      vertex 12.3542 10.5 65.4939
      vertex 12.3604 10.5 71.6692
      vertex 12.3687 10.5 71.781
    endloop
  endfacet
  facet normal 0 1 0
    outer loop
      vertex 12.0561 10.5 70.0834
      vertex 12.0623 10.5 67.1293
      vertex 12.0333 10.5 67.2183
    endloop
  endfacet
  facet normal 0 1 0
    outer loop
      vertex 12.081 10.5 70.16
      vertex 12.0892 10.5 67.0403
      vertex 12.0623 10.5 67.1293
    endloop
  endfacet
  facet normal 0 1 0
    outer loop
      vertex 12.1306 10.5 70.3215
      vertex 12.1161 10.5 66.9492
      vertex 12.0892 10.5 67.0403
    endloop
  endfacet
  facet normal 0 1 0
    outer loop
      vertex 12.1534 10.5 70.4043
      vertex 12.141 10.5 66.854
      vertex 12.1161 10.5 66.9492
    endloop
  endfacet
  facet normal 0 1 -0
    outer loop
      vertex 12.3832 10.5 65.0902
      vertex 12.3687 10.5 71.781
      vertex 12.4101 10.5 72.6504
    endloop
  endfacet
  facet normal 0 1 0
    outer loop
      vertex 12.1948 10.5 70.5782
      vertex 12.1638 10.5 66.7567
      vertex 12.141 10.5 66.854
    endloop
  endfacet
  facet normal 0 1 0
    outer loop
      vertex 12.2155 10.5 70.6672
      vertex 12.1865 10.5 66.6553
      vertex 12.1638 10.5 66.7567
    endloop
  endfacet
  facet normal 0 1 0
    outer loop
      vertex 12.2155 10.5 70.6672
      vertex 12.2093 10.5 66.5517
      vertex 12.1865 10.5 66.6553
    endloop
  endfacet
  facet normal 0 1 0
    outer loop
      vertex 12.2528 10.5 70.8515
      vertex 12.23 10.5 66.4462
      vertex 12.2093 10.5 66.5517
    endloop
  endfacet
  facet normal 0 1 0
    outer loop
      vertex 12.2693 10.5 70.9467
      vertex 12.2486 10.5 66.3364
      vertex 12.23 10.5 66.4462
    endloop
  endfacet
  facet normal 0 1 0
    outer loop
      vertex 12.2693 10.5 70.9467
      vertex 12.2673 10.5 66.2247
      vertex 12.2486 10.5 66.3364
    endloop
  endfacet
  facet normal 0 1 0
    outer loop
      vertex 12.3004 10.5 71.1433
      vertex 12.2838 10.5 66.1108
      vertex 12.2673 10.5 66.2247
    endloop
  endfacet
  facet normal 0 1 0
    outer loop
      vertex 12.3004 10.5 71.1433
      vertex 12.3004 10.5 65.9928
      vertex 12.2838 10.5 66.1108
    endloop
  endfacet
  facet normal 0 1 0
    outer loop
      vertex 12.3273 10.5 71.3483
      vertex 12.317 10.5 65.8727
      vertex 12.3004 10.5 65.9928
    endloop
  endfacet
  facet normal 0 1 0
    outer loop
      vertex 12.3501 10.5 71.5615
      vertex 12.3294 10.5 65.7485
      vertex 12.317 10.5 65.8727
    endloop
  endfacet
  facet normal 0 1 0
    outer loop
      vertex 12.406 10.5 64.5126
      vertex 12.4101 10.5 72.6504
      vertex 12.5 10.5 80
    endloop
  endfacet
  facet normal 0 1 0
    outer loop
      vertex 12.3604 10.5 71.6692
      vertex 12.3418 10.5 65.6222
      vertex 12.3294 10.5 65.7485
    endloop
  endfacet
  facet normal 0 1 0
    outer loop
      vertex 12.3604 10.5 71.6692
      vertex 12.3542 10.5 65.4939
      vertex 12.3418 10.5 65.6222
    endloop
  endfacet
  facet normal 0 1 0
    outer loop
      vertex 12.3687 10.5 71.781
      vertex 12.3646 10.5 65.3614
      vertex 12.3542 10.5 65.4939
    endloop
  endfacet
  facet normal 0 1 0
    outer loop
      vertex 12.3687 10.5 71.781
      vertex 12.3749 10.5 65.2268
      vertex 12.3646 10.5 65.3614
    endloop
  endfacet
  facet normal 0 1 0
    outer loop
      vertex 12.3687 10.5 71.781
      vertex 12.3832 10.5 65.0902
      vertex 12.3749 10.5 65.2268
    endloop
  endfacet
  facet normal 0 1 0
    outer loop
      vertex 12.4101 10.5 72.6504
      vertex 12.3894 10.5 64.9494
      vertex 12.3832 10.5 65.0902
    endloop
  endfacet
  facet normal 0 1 0
    outer loop
      vertex 12.4101 10.5 72.6504
      vertex 12.3956 10.5 64.8066
      vertex 12.3894 10.5 64.9494
    endloop
  endfacet
  facet normal 0 1 0
    outer loop
      vertex 12.4101 10.5 72.6504
      vertex 12.4018 10.5 64.6617
      vertex 12.3956 10.5 64.8066
    endloop
  endfacet
  facet normal 0 1 0
    outer loop
      vertex 12.4101 10.5 72.6504
      vertex 12.406 10.5 64.5126
      vertex 12.4018 10.5 64.6617
    endloop
  endfacet
  facet normal 0 1 0
    outer loop
      vertex 12.5 10.5 80
      vertex 12.408 10.5 64.3615
      vertex 12.406 10.5 64.5126
    endloop
  endfacet
  facet normal 0 1 0
    outer loop
      vertex 12.5 10.5 80
      vertex 12.4101 10.5 64.2063
      vertex 12.408 10.5 64.3615
    endloop
  endfacet
  facet normal 0 1 0
    outer loop
      vertex 12.5 10.5 80
      vertex 12.4101 10.5 63.815
      vertex 12.4101 10.5 64.2063
    endloop
  endfacet
  facet normal 0 1 0
    outer loop
      vertex 12.4101 10.5 63.815
      vertex 12.408 10.5 63.6639
      vertex 12.408 10.5 63.7384
    endloop
  endfacet
  facet normal 0 1 0
    outer loop
      vertex 12.408 10.5 63.6639
      vertex 12.4039 10.5 63.4424
      vertex 12.4039 10.5 63.5148
    endloop
  endfacet
  facet normal 0 1 0
    outer loop
      vertex 12.3977 10.5 63.2291
      vertex 12.3894 10.5 63.0221
      vertex 12.3935 10.5 63.1588
    endloop
  endfacet
  facet normal 0 1 0
    outer loop
      vertex 12.3894 10.5 63.0221
      vertex 12.3832 10.5 62.8896
      vertex 12.3853 10.5 62.9559
    endloop
  endfacet
  facet normal 0 1 0
    outer loop
      vertex 12.3584 10.5 62.5129
      vertex 12.348 10.5 62.3928
      vertex 12.3521 10.5 62.4528
    endloop
  endfacet
  facet normal 0 1 0
    outer loop
      vertex 12.3584 10.5 62.5129
      vertex 12.3418 10.5 62.2727
      vertex 12.348 10.5 62.3928
    endloop
  endfacet
  facet normal 0 -1 0
    outer loop
      vertex 12.3625 10.5 62.5729
      vertex 12.3418 10.5 62.2727
      vertex 12.3584 10.5 62.5129
    endloop
  endfacet
  facet normal 0 1 0
    outer loop
      vertex 12.3252 10.5 62.0409
      vertex 12.3066 10.5 61.8152
      vertex 12.3149 10.5 61.927
    endloop
  endfacet
  facet normal 0 1 0
    outer loop
      vertex 12.2859 10.5 61.5999
      vertex 12.2631 10.5 61.3929
      vertex 12.2735 10.5 61.4964
    endloop
  endfacet
  facet normal 0 1 0
    outer loop
      vertex 12.0768 10.5 60.333
      vertex 12.0375 10.5 60.186
      vertex 12.0561 10.5 60.2585
    endloop
  endfacet
  facet normal 0 1 0
    outer loop
      vertex 12.0168 10.5 60.1156
      vertex 7.81436 10.5 59.7016
      vertex 9.34628 10.5 60.1156
    endloop
  endfacet
  facet normal 0 1 0
    outer loop
      vertex 7.81436 10.5 59.7016
      vertex 12.5 10.5 0
      vertex 6.6882 10.5 59.7016
    endloop
  endfacet
  facet normal 0 1 0
    outer loop
      vertex 12.0168 10.5 60.1156
      vertex 12.5 10.5 0
      vertex 7.81436 10.5 59.7016
    endloop
  endfacet
  facet normal 0 1 0
    outer loop
      vertex 12.0375 10.5 60.186
      vertex 12.5 10.5 0
      vertex 12.0168 10.5 60.1156
    endloop
  endfacet
  facet normal 0 1 0
    outer loop
      vertex 12.0768 10.5 60.333
      vertex 12.5 10.5 0
      vertex 12.0375 10.5 60.186
    endloop
  endfacet
  facet normal 0 1 0
    outer loop
      vertex 12.0954 10.5 60.4096
      vertex 12.5 10.5 0
      vertex 12.0768 10.5 60.333
    endloop
  endfacet
  facet normal 0 1 0
    outer loop
      vertex 12.1141 10.5 60.4883
      vertex 12.5 10.5 0
      vertex 12.0954 10.5 60.4096
    endloop
  endfacet
  facet normal 0 1 0
    outer loop
      vertex 12.1306 10.5 60.569
      vertex 12.5 10.5 0
      vertex 12.1141 10.5 60.4883
    endloop
  endfacet
  facet normal 0 1 0
    outer loop
      vertex 12.1472 10.5 60.6518
      vertex 12.5 10.5 0
      vertex 12.1306 10.5 60.569
    endloop
  endfacet
  facet normal 0 1 0
    outer loop
      vertex 12.1638 10.5 60.7367
      vertex 12.5 10.5 0
      vertex 12.1472 10.5 60.6518
    endloop
  endfacet
  facet normal 0 1 0
    outer loop
      vertex 12.1803 10.5 60.8236
      vertex 12.5 10.5 0
      vertex 12.1638 10.5 60.7367
    endloop
  endfacet
  facet normal 0 1 0
    outer loop
      vertex 12.1948 10.5 60.9126
      vertex 12.5 10.5 0
      vertex 12.1803 10.5 60.8236
    endloop
  endfacet
  facet normal 0 1 0
    outer loop
      vertex 12.2238 10.5 61.099
      vertex 12.5 10.5 0
      vertex 12.1948 10.5 60.9126
    endloop
  endfacet
  facet normal 0 1 0
    outer loop
      vertex 12.2383 10.5 61.1942
      vertex 12.5 10.5 0
      vertex 12.2238 10.5 61.099
    endloop
  endfacet
  facet normal 0 1 0
    outer loop
      vertex 12.2631 10.5 61.3929
      vertex 12.5 10.5 0
      vertex 12.2383 10.5 61.1942
    endloop
  endfacet
  facet normal 0 1 0
    outer loop
      vertex 12.2859 10.5 61.5999
      vertex 12.5 10.5 0
      vertex 12.2631 10.5 61.3929
    endloop
  endfacet
  facet normal 0 1 0
    outer loop
      vertex 12.3066 10.5 61.8152
      vertex 12.5 10.5 0
      vertex 12.2859 10.5 61.5999
    endloop
  endfacet
  facet normal 0 1 0
    outer loop
      vertex 12.3252 10.5 62.0409
      vertex 12.5 10.5 0
      vertex 12.3066 10.5 61.8152
    endloop
  endfacet
  facet normal 0 1 0
    outer loop
      vertex 12.3335 10.5 62.1547
      vertex 12.5 10.5 0
      vertex 12.3252 10.5 62.0409
    endloop
  endfacet
  facet normal 0 1 0
    outer loop
      vertex 12.3418 10.5 62.2727
      vertex 12.5 10.5 0
      vertex 12.3335 10.5 62.1547
    endloop
  endfacet
  facet normal 0 1 0
    outer loop
      vertex 12.3625 10.5 62.5729
      vertex 12.5 10.5 0
      vertex 12.3418 10.5 62.2727
    endloop
  endfacet
  facet normal 0 1 0
    outer loop
      vertex 12.3708 10.5 62.6971
      vertex 12.5 10.5 0
      vertex 12.3625 10.5 62.5729
    endloop
  endfacet
  facet normal 0 1 0
    outer loop
      vertex 12.3832 10.5 62.8896
      vertex 12.5 10.5 0
      vertex 12.3708 10.5 62.6971
    endloop
  endfacet
  facet normal 0 1 0
    outer loop
      vertex 12.3894 10.5 63.0221
      vertex 12.5 10.5 0
      vertex 12.3832 10.5 62.8896
    endloop
  endfacet
  facet normal 0 1 0
    outer loop
      vertex 12.3977 10.5 63.2291
      vertex 12.5 10.5 0
      vertex 12.3894 10.5 63.0221
    endloop
  endfacet
  facet normal 0 1 0
    outer loop
      vertex 12.4018 10.5 63.3699
      vertex 12.5 10.5 0
      vertex 12.3977 10.5 63.2291
    endloop
  endfacet
  facet normal 0 1 0
    outer loop
      vertex 12.4039 10.5 63.4424
      vertex 12.5 10.5 0
      vertex 12.4018 10.5 63.3699
    endloop
  endfacet
  facet normal 0 1 0
    outer loop
      vertex 12.408 10.5 63.6639
      vertex 12.5 10.5 0
      vertex 12.4039 10.5 63.4424
    endloop
  endfacet
  facet normal 0 1 0
    outer loop
      vertex 12.4101 10.5 63.815
      vertex 12.5 10.5 0
      vertex 12.408 10.5 63.6639
    endloop
  endfacet
  facet normal 0 1 -0
    outer loop
      vertex 12.5 10.5 0
      vertex 12.4101 10.5 63.815
      vertex 12.5 10.5 80
    endloop
  endfacet
  facet normal 0 1 0
    outer loop
      vertex 1.91442 10.5 77.2876
      vertex 12.5 10.5 80
      vertex 6.11684 10.5 77.7016
    endloop
  endfacet
  facet normal 0 1 0
    outer loop
      vertex 1.91442 10.5 77.2876
      vertex 6.11684 10.5 77.7016
      vertex 4.58492 10.5 77.2876
    endloop
  endfacet
  facet normal 0 1 0
    outer loop
      vertex 12.5 10.5 80
      vertex 1.91442 10.5 77.2876
      vertex -12.5 10.5 80
    endloop
  endfacet
  facet normal 0 1 -0
    outer loop
      vertex 1.89372 10.5 77.2172
      vertex -12.5 10.5 80
      vertex 1.91442 10.5 77.2876
    endloop
  endfacet
  facet normal 0 1 -0
    outer loop
      vertex 1.87509 10.5 77.1447
      vertex -12.5 10.5 80
      vertex 1.89372 10.5 77.2172
    endloop
  endfacet
  facet normal 0 1 -0
    outer loop
      vertex 1.85439 10.5 77.0702
      vertex -12.5 10.5 80
      vertex 1.87509 10.5 77.1447
    endloop
  endfacet
  facet normal 0 1 -0
    outer loop
      vertex 1.83576 10.5 76.9936
      vertex -12.5 10.5 80
      vertex 1.85439 10.5 77.0702
    endloop
  endfacet
  facet normal 0 1 -0
    outer loop
      vertex 1.81712 10.5 76.9149
      vertex -12.5 10.5 80
      vertex 1.83576 10.5 76.9936
    endloop
  endfacet
  facet normal 0 1 -0
    outer loop
      vertex 1.80056 10.5 76.8342
      vertex -12.5 10.5 80
      vertex 1.81712 10.5 76.9149
    endloop
  endfacet
  facet normal 0 1 -0
    outer loop
      vertex 1.784 10.5 76.7514
      vertex -12.5 10.5 80
      vertex 1.80056 10.5 76.8342
    endloop
  endfacet
  facet normal 0 1 -0
    outer loop
      vertex 1.76744 10.5 76.6665
      vertex -12.5 10.5 80
      vertex 1.784 10.5 76.7514
    endloop
  endfacet
  facet normal 0 1 -0
    outer loop
      vertex 1.75088 10.5 76.5796
      vertex -12.5 10.5 80
      vertex 1.76744 10.5 76.6665
    endloop
  endfacet
  facet normal 0 1 -0
    outer loop
      vertex 1.73639 10.5 76.4906
      vertex -12.5 10.5 80
      vertex 1.75088 10.5 76.5796
    endloop
  endfacet
  facet normal 0 1 -0
    outer loop
      vertex 1.70741 10.5 76.3042
      vertex -12.5 10.5 80
      vertex 1.73639 10.5 76.4906
    endloop
  endfacet
  facet normal 0 1 -0
    outer loop
      vertex 1.69291 10.5 76.209
      vertex -12.5 10.5 80
      vertex 1.70741 10.5 76.3042
    endloop
  endfacet
  facet normal 0 1 -0
    outer loop
      vertex 1.66807 10.5 76.0103
      vertex -12.5 10.5 80
      vertex 1.69291 10.5 76.209
    endloop
  endfacet
  facet normal 0 1 -0
    outer loop
      vertex 1.65772 10.5 75.9068
      vertex -12.5 10.5 80
      vertex 1.66807 10.5 76.0103
    endloop
  endfacet
  facet normal 0 1 -0
    outer loop
      vertex 1.6453 10.5 75.8033
      vertex -12.5 10.5 80
      vertex 1.65772 10.5 75.9068
    endloop
  endfacet
  facet normal 0 1 -0
    outer loop
      vertex 1.6246 10.5 75.588
      vertex -12.5 10.5 80
      vertex 1.6453 10.5 75.8033
    endloop
  endfacet
  facet normal 0 1 -0
    outer loop
      vertex 1.61632 10.5 75.4762
      vertex -12.5 10.5 80
      vertex 1.6246 10.5 75.588
    endloop
  endfacet
  facet normal 0 1 -0
    outer loop
      vertex 1.60597 10.5 75.3623
      vertex -12.5 10.5 80
      vertex 1.61632 10.5 75.4762
    endloop
  endfacet
  facet normal 0 1 -0
    outer loop
      vertex 1.59769 10.5 75.2485
      vertex -12.5 10.5 80
      vertex 1.60597 10.5 75.3623
    endloop
  endfacet
  facet normal 0 1 -0
    outer loop
      vertex 1.58941 10.5 75.1305
      vertex -12.5 10.5 80
      vertex 1.59769 10.5 75.2485
    endloop
  endfacet
  facet normal 0 1 0
    outer loop
      vertex 1.57285 10.5 74.8924
      vertex 1.58941 10.5 75.1305
      vertex 1.5832 10.5 75.0104
    endloop
  endfacet
  facet normal 0 1 0
    outer loop
      vertex 1.57285 10.5 74.8924
      vertex 1.5832 10.5 75.0104
      vertex 1.57906 10.5 74.9504
    endloop
  endfacet
  facet normal 0 1 0
    outer loop
      vertex 1.58941 10.5 75.1305
      vertex 1.57285 10.5 74.8924
      vertex -12.5 10.5 80
    endloop
  endfacet
  facet normal 0 1 -0
    outer loop
      vertex 1.55628 10.5 74.644
      vertex -12.5 10.5 80
      vertex 1.57285 10.5 74.8924
    endloop
  endfacet
  facet normal 0 1 -0
    outer loop
      vertex 1.55214 10.5 74.5777
      vertex -12.5 10.5 80
      vertex 1.55628 10.5 74.644
    endloop
  endfacet
  facet normal 0 1 -0
    outer loop
      vertex 1.548 10.5 74.5136
      vertex -12.5 10.5 80
      vertex 1.55214 10.5 74.5777
    endloop
  endfacet
  facet normal 0 1 0
    outer loop
      vertex 1.54179 10.5 74.3811
      vertex 1.548 10.5 74.5136
      vertex 1.54593 10.5 74.4473
    endloop
  endfacet
  facet normal 0 1 0
    outer loop
      vertex 1.548 10.5 74.5136
      vertex 1.54179 10.5 74.3811
      vertex -12.5 10.5 80
    endloop
  endfacet
  facet normal 0 1 0
    outer loop
      vertex 1.53351 10.5 74.1741
      vertex 1.54179 10.5 74.3811
      vertex 1.53765 10.5 74.2444
    endloop
  endfacet
  facet normal 0 1 0
    outer loop
      vertex 1.54179 10.5 74.3811
      vertex 1.53351 10.5 74.1741
      vertex -12.5 10.5 80
    endloop
  endfacet
  facet normal 0 1 -0
    outer loop
      vertex 1.53144 10.5 74.1057
      vertex -12.5 10.5 80
      vertex 1.53351 10.5 74.1741
    endloop
  endfacet
  facet normal 0 1 -0
    outer loop
      vertex 1.5273 10.5 73.9608
      vertex -12.5 10.5 80
      vertex 1.53144 10.5 74.1057
    endloop
  endfacet
  facet normal 0 1 0
    outer loop
      vertex 1.52523 10.5 73.8159
      vertex 1.5273 10.5 73.9608
      vertex 1.5273 10.5 73.8884
    endloop
  endfacet
  facet normal 0 1 0
    outer loop
      vertex 1.5273 10.5 73.9608
      vertex 1.52523 10.5 73.8159
      vertex -12.5 10.5 80
    endloop
  endfacet
  facet normal 0 1 -0
    outer loop
      vertex 1.52316 10.5 73.7393
      vertex -12.5 10.5 80
      vertex 1.52523 10.5 73.8159
    endloop
  endfacet
  facet normal 0 1 0
    outer loop
      vertex 1.52109 10.5 73.5882
      vertex 1.52316 10.5 73.7393
      vertex 1.52316 10.5 73.6648
    endloop
  endfacet
  facet normal 0 1 0
    outer loop
      vertex 1.52316 10.5 73.7393
      vertex 1.52109 10.5 73.5882
      vertex -12.5 10.5 80
    endloop
  endfacet
  facet normal 0 1 -0
    outer loop
      vertex 1.52109 10.5 73.1969
      vertex -12.5 10.5 80
      vertex 1.52109 10.5 73.5882
    endloop
  endfacet
  facet normal 0 1 0
    outer loop
      vertex 1.52316 10.5 73.0417
      vertex -12.5 10.5 80
      vertex 1.52109 10.5 73.1969
    endloop
  endfacet
  facet normal 0 1 0
    outer loop
      vertex 1.52523 10.5 72.8906
      vertex -12.5 10.5 80
      vertex 1.52316 10.5 73.0417
    endloop
  endfacet
  facet normal 0 1 0
    outer loop
      vertex 1.52937 10.5 72.7415
      vertex -12.5 10.5 80
      vertex 1.52523 10.5 72.8906
    endloop
  endfacet
  facet normal 0 1 0
    outer loop
      vertex 1.53558 10.5 72.5966
      vertex -12.5 10.5 80
      vertex 1.52937 10.5 72.7415
    endloop
  endfacet
  facet normal 0 1 0
    outer loop
      vertex 1.54179 10.5 72.4538
      vertex -12.5 10.5 80
      vertex 1.53558 10.5 72.5966
    endloop
  endfacet
  facet normal 0 1 0
    outer loop
      vertex 1.548 10.5 72.313
      vertex -12.5 10.5 80
      vertex 1.54179 10.5 72.4538
    endloop
  endfacet
  facet normal 0 1 0
    outer loop
      vertex 1.55628 10.5 72.1764
      vertex -12.5 10.5 80
      vertex 1.548 10.5 72.313
    endloop
  endfacet
  facet normal 0 1 0
    outer loop
      vertex 1.56664 10.5 72.0418
      vertex -12.5 10.5 80
      vertex 1.55628 10.5 72.1764
    endloop
  endfacet
  facet normal 0 1 0
    outer loop
      vertex 1.57699 10.5 71.9093
      vertex -12.5 10.5 80
      vertex 1.56664 10.5 72.0418
    endloop
  endfacet
  facet normal 0 1 0
    outer loop
      vertex 1.58941 10.5 71.781
      vertex -12.5 10.5 80
      vertex 1.57699 10.5 71.9093
    endloop
  endfacet
  facet normal 0 1 0
    outer loop
      vertex 1.60183 10.5 71.6547
      vertex -12.5 10.5 80
      vertex 1.58941 10.5 71.781
    endloop
  endfacet
  facet normal 0 1 0
    outer loop
      vertex 1.61425 10.5 71.5305
      vertex -12.5 10.5 80
      vertex 1.60183 10.5 71.6547
    endloop
  endfacet
  facet normal 0 1 0
    outer loop
      vertex 1.63081 10.5 71.4104
      vertex -12.5 10.5 80
      vertex 1.61425 10.5 71.5305
    endloop
  endfacet
  facet normal 0 1 0
    outer loop
      vertex 1.64737 10.5 71.2924
      vertex -12.5 10.5 80
      vertex 1.63081 10.5 71.4104
    endloop
  endfacet
  facet normal 0 1 0
    outer loop
      vertex 1.66393 10.5 71.1785
      vertex -12.5 10.5 80
      vertex 1.64737 10.5 71.2924
    endloop
  endfacet
  facet normal 0 1 0
    outer loop
      vertex 1.68256 10.5 71.0667
      vertex -12.5 10.5 80
      vertex 1.66393 10.5 71.1785
    endloop
  endfacet
  facet normal 0 1 0
    outer loop
      vertex 1.70119 10.5 70.957
      vertex -12.5 10.5 80
      vertex 1.68256 10.5 71.0667
    endloop
  endfacet
  facet normal 0 1 0
    outer loop
      vertex 1.69705 10.5 66.6449
      vertex 1.70119 10.5 70.957
      vertex 1.7219 10.5 70.8515
    endloop
  endfacet
  facet normal 0 1 0
    outer loop
      vertex 1.71569 10.5 66.736
      vertex 1.7219 10.5 70.8515
      vertex 1.74467 10.5 70.7479
    endloop
  endfacet
  facet normal 0 1 0
    outer loop
      vertex 1.71569 10.5 66.736
      vertex 1.74467 10.5 70.7479
      vertex 1.76744 10.5 70.6465
    endloop
  endfacet
  facet normal 0 1 0
    outer loop
      vertex 1.73639 10.5 66.825
      vertex 1.76744 10.5 70.6465
      vertex 1.79021 10.5 70.5492
    endloop
  endfacet
  facet normal 0 1 0
    outer loop
      vertex 1.77779 10.5 66.9989
      vertex 1.79021 10.5 70.5492
      vertex 1.81505 10.5 70.454
    endloop
  endfacet
  facet normal 0 1 0
    outer loop
      vertex 1.80056 10.5 67.0817
      vertex 1.81505 10.5 70.454
      vertex 1.84197 10.5 70.3629
    endloop
  endfacet
  facet normal 0 1 -0
    outer loop
      vertex 1.85025 10.5 67.2432
      vertex 1.84197 10.5 70.3629
      vertex 1.86888 10.5 70.2739
    endloop
  endfacet
  facet normal 0 1 -0
    outer loop
      vertex 1.87509 10.5 67.3198
      vertex 1.86888 10.5 70.2739
      vertex 1.89786 10.5 70.1849
    endloop
  endfacet
  facet normal 0 1 -0
    outer loop
      vertex 1.902 10.5 67.3964
      vertex 1.89786 10.5 70.1849
      vertex 1.95996 10.5 70.0151
    endloop
  endfacet
  facet normal 0 1 -0
    outer loop
      vertex 1.98688 10.5 67.6117
      vertex 1.95996 10.5 70.0151
      vertex 2.02621 10.5 69.8536
    endloop
  endfacet
  facet normal 0 1 0
    outer loop
      vertex 1.98688 10.5 67.6117
      vertex 2.02621 10.5 69.8536
      vertex 2.0614 10.5 69.775
    endloop
  endfacet
  facet normal 0 1 0
    outer loop
      vertex 2.04898 10.5 67.7442
      vertex 2.0614 10.5 69.775
      vertex 2.09866 10.5 69.6984
    endloop
  endfacet
  facet normal 0 1 0
    outer loop
      vertex 2.0821 10.5 67.8083
      vertex 2.09866 10.5 69.6984
      vertex 2.13593 10.5 69.6259
    endloop
  endfacet
  facet normal 0 1 0
    outer loop
      vertex 2.11523 10.5 67.8704
      vertex 2.13593 10.5 69.6259
      vertex 2.17526 10.5 69.5535
    endloop
  endfacet
  facet normal 0 1 -0
    outer loop
      vertex 2.18561 10.5 67.9926
      vertex 2.17526 10.5 69.5535
      vertex 2.21666 10.5 69.481
    endloop
  endfacet
  facet normal 0 1 -0
    outer loop
      vertex 2.2208 10.5 68.0505
      vertex 2.21666 10.5 69.481
      vertex 2.25807 10.5 69.4127
    endloop
  endfacet
  facet normal 0 1 -0
    outer loop
      vertex 2.26014 10.5 68.1064
      vertex 2.25807 10.5 69.4127
      vertex 2.30154 10.5 69.3465
    endloop
  endfacet
  facet normal 0 1 -0
    outer loop
      vertex 2.33673 10.5 68.2161
      vertex 2.30154 10.5 69.3465
      vertex 2.39263 10.5 69.2181
    endloop
  endfacet
  facet normal 0 1 -0
    outer loop
      vertex 2.41954 10.5 68.3217
      vertex 2.39263 10.5 69.2181
      vertex 2.48785 10.5 69.098
    endloop
  endfacet
  facet normal 0 1 -0
    outer loop
      vertex 2.50648 10.5 68.419
      vertex 2.48785 10.5 69.098
      vertex 2.53961 10.5 69.0421
    endloop
  endfacet
  facet normal 0 1 -0
    outer loop
      vertex 2.55203 10.5 68.4666
      vertex 2.53961 10.5 69.0421
      vertex 2.58929 10.5 68.9862
    endloop
  endfacet
  facet normal 0 1 -0
    outer loop
      vertex 2.59757 10.5 68.5122
      vertex 2.58929 10.5 68.9862
      vertex 2.64312 10.5 68.9324
    endloop
  endfacet
  facet normal 0 1 -0
    outer loop
      vertex 2.64519 10.5 68.5577
      vertex 2.64312 10.5 68.9324
      vertex 2.69694 10.5 68.8807
    endloop
  endfacet
  facet normal 0 1 0
    outer loop
      vertex 2.6928 10.5 68.5991
      vertex 2.69694 10.5 68.8807
      vertex 2.75283 10.5 68.831
    endloop
  endfacet
  facet normal 0 1 -0
    outer loop
      vertex 2.79217 10.5 68.6819
      vertex 2.75283 10.5 68.831
      vertex 2.80873 10.5 68.7834
    endloop
  endfacet
  facet normal 0 1 -0
    outer loop
      vertex 2.84392 10.5 68.7213
      vertex 2.80873 10.5 68.7834
      vertex 2.86669 10.5 68.7378
    endloop
  endfacet
  facet normal 0 1 0
    outer loop
      vertex 2.79217 10.5 68.6819
      vertex 2.80873 10.5 68.7834
      vertex 2.84392 10.5 68.7213
    endloop
  endfacet
  facet normal 0 1 0
    outer loop
      vertex 2.75283 10.5 68.831
      vertex 2.79217 10.5 68.6819
      vertex 2.6928 10.5 68.5991
    endloop
  endfacet
  facet normal 0 1 0
    outer loop
      vertex 2.69694 10.5 68.8807
      vertex 2.6928 10.5 68.5991
      vertex 2.64519 10.5 68.5577
    endloop
  endfacet
  facet normal 0 1 0
    outer loop
      vertex 2.64312 10.5 68.9324
      vertex 2.64519 10.5 68.5577
      vertex 2.59757 10.5 68.5122
    endloop
  endfacet
  facet normal 0 1 0
    outer loop
      vertex 2.58929 10.5 68.9862
      vertex 2.59757 10.5 68.5122
      vertex 2.55203 10.5 68.4666
    endloop
  endfacet
  facet normal 0 1 0
    outer loop
      vertex 2.53961 10.5 69.0421
      vertex 2.55203 10.5 68.4666
      vertex 2.50648 10.5 68.419
    endloop
  endfacet
  facet normal 0 1 0
    outer loop
      vertex 2.48785 10.5 69.098
      vertex 2.50648 10.5 68.419
      vertex 2.46301 10.5 68.3714
    endloop
  endfacet
  facet normal 0 1 0
    outer loop
      vertex 2.48785 10.5 69.098
      vertex 2.46301 10.5 68.3714
      vertex 2.41954 10.5 68.3217
    endloop
  endfacet
  facet normal 0 1 0
    outer loop
      vertex 2.39263 10.5 69.2181
      vertex 2.41954 10.5 68.3217
      vertex 2.37814 10.5 68.27
    endloop
  endfacet
  facet normal 0 1 0
    outer loop
      vertex 2.39263 10.5 69.2181
      vertex 2.37814 10.5 68.27
      vertex 2.33673 10.5 68.2161
    endloop
  endfacet
  facet normal 0 1 0
    outer loop
      vertex 2.30154 10.5 69.3465
      vertex 2.33673 10.5 68.2161
      vertex 2.2974 10.5 68.1623
    endloop
  endfacet
  facet normal 0 1 0
    outer loop
      vertex 2.30154 10.5 69.3465
      vertex 2.2974 10.5 68.1623
      vertex 2.26014 10.5 68.1064
    endloop
  endfacet
  facet normal 0 1 0
    outer loop
      vertex 2.25807 10.5 69.4127
      vertex 2.26014 10.5 68.1064
      vertex 2.2208 10.5 68.0505
    endloop
  endfacet
  facet normal 0 1 0
    outer loop
      vertex 2.21666 10.5 69.481
      vertex 2.2208 10.5 68.0505
      vertex 2.18561 10.5 67.9926
    endloop
  endfacet
  facet normal 0 1 0
    outer loop
      vertex 2.17526 10.5 69.5535
      vertex 2.18561 10.5 67.9926
      vertex 2.15042 10.5 67.9325
    endloop
  endfacet
  facet normal 0 1 0
    outer loop
      vertex 2.17526 10.5 69.5535
      vertex 2.15042 10.5 67.9325
      vertex 2.11523 10.5 67.8704
    endloop
  endfacet
  facet normal 0 1 0
    outer loop
      vertex 2.13593 10.5 69.6259
      vertex 2.11523 10.5 67.8704
      vertex 2.0821 10.5 67.8083
    endloop
  endfacet
  facet normal 0 1 0
    outer loop
      vertex 2.09866 10.5 69.6984
      vertex 2.0821 10.5 67.8083
      vertex 2.04898 10.5 67.7442
    endloop
  endfacet
  facet normal 0 1 0
    outer loop
      vertex 2.0614 10.5 69.775
      vertex 2.04898 10.5 67.7442
      vertex 1.98688 10.5 67.6117
    endloop
  endfacet
  facet normal 0 1 0
    outer loop
      vertex 1.95996 10.5 70.0151
      vertex 1.98688 10.5 67.6117
      vertex 1.95789 10.5 67.5413
    endloop
  endfacet
  facet normal 0 1 0
    outer loop
      vertex 1.95996 10.5 70.0151
      vertex 1.95789 10.5 67.5413
      vertex 1.92891 10.5 67.4688
    endloop
  endfacet
  facet normal 0 1 0
    outer loop
      vertex 1.95996 10.5 70.0151
      vertex 1.92891 10.5 67.4688
      vertex 1.902 10.5 67.3964
    endloop
  endfacet
  facet normal 0 1 0
    outer loop
      vertex 1.89786 10.5 70.1849
      vertex 1.902 10.5 67.3964
      vertex 1.87509 10.5 67.3198
    endloop
  endfacet
  facet normal 0 1 0
    outer loop
      vertex 1.86888 10.5 70.2739
      vertex 1.87509 10.5 67.3198
      vertex 1.85025 10.5 67.2432
    endloop
  endfacet
  facet normal 0 1 0
    outer loop
      vertex 1.84197 10.5 70.3629
      vertex 1.85025 10.5 67.2432
      vertex 1.80056 10.5 67.0817
    endloop
  endfacet
  facet normal 0 1 0
    outer loop
      vertex 1.81505 10.5 70.454
      vertex 1.80056 10.5 67.0817
      vertex 1.77779 10.5 66.9989
    endloop
  endfacet
  facet normal 0 1 0
    outer loop
      vertex 1.79021 10.5 70.5492
      vertex 1.77779 10.5 66.9989
      vertex 1.73639 10.5 66.825
    endloop
  endfacet
  facet normal 0 1 0
    outer loop
      vertex 1.76744 10.5 70.6465
      vertex 1.73639 10.5 66.825
      vertex 1.71569 10.5 66.736
    endloop
  endfacet
  facet normal 0 1 0
    outer loop
      vertex 1.7219 10.5 70.8515
      vertex 1.71569 10.5 66.736
      vertex 1.69705 10.5 66.6449
    endloop
  endfacet
  facet normal 0 1 0
    outer loop
      vertex 1.70119 10.5 70.957
      vertex 1.69705 10.5 66.6449
      vertex -12.5 10.5 80
    endloop
  endfacet
  facet normal 0 1 -0
    outer loop
      vertex 1.67842 10.5 66.5517
      vertex -12.5 10.5 80
      vertex 1.69705 10.5 66.6449
    endloop
  endfacet
  facet normal 0 1 -0
    outer loop
      vertex 1.66186 10.5 66.4565
      vertex -12.5 10.5 80
      vertex 1.67842 10.5 66.5517
    endloop
  endfacet
  facet normal 0 1 -0
    outer loop
      vertex 1.64737 10.5 66.3592
      vertex -12.5 10.5 80
      vertex 1.66186 10.5 66.4565
    endloop
  endfacet
  facet normal 0 1 -0
    outer loop
      vertex 1.63081 10.5 66.2598
      vertex -12.5 10.5 80
      vertex 1.64737 10.5 66.3592
    endloop
  endfacet
  facet normal 0 1 -0
    outer loop
      vertex 1.61839 10.5 66.1584
      vertex -12.5 10.5 80
      vertex 1.63081 10.5 66.2598
    endloop
  endfacet
  facet normal 0 1 -0
    outer loop
      vertex 1.6039 10.5 66.0549
      vertex -12.5 10.5 80
      vertex 1.61839 10.5 66.1584
    endloop
  endfacet
  facet normal 0 1 -0
    outer loop
      vertex 1.59355 10.5 65.9493
      vertex -12.5 10.5 80
      vertex 1.6039 10.5 66.0549
    endloop
  endfacet
  facet normal 0 1 -0
    outer loop
      vertex 1.58113 10.5 65.8417
      vertex -12.5 10.5 80
      vertex 1.59355 10.5 65.9493
    endloop
  endfacet
  facet normal 0 1 -0
    outer loop
      vertex 1.57078 10.5 65.734
      vertex -12.5 10.5 80
      vertex 1.58113 10.5 65.8417
    endloop
  endfacet
  facet normal 0 1 -0
    outer loop
      vertex 1.56249 10.5 65.6222
      vertex -12.5 10.5 80
      vertex 1.57078 10.5 65.734
    endloop
  endfacet
  facet normal 0 1 0
    outer loop
      vertex 8.08969 10.5 65.6202
      vertex 7.81436 10.5 64.7528
      vertex 8.03794 10.5 65.6202
    endloop
  endfacet
  facet normal 0 1 0
    outer loop
      vertex 7.81436 10.5 64.7528
      vertex 8.14145 10.5 65.6181
      vertex 8.19113 10.5 65.616
    endloop
  endfacet
  facet normal 0 1 0
    outer loop
      vertex 8.23874 10.5 65.616
      vertex 7.81436 10.5 64.7528
      vertex 8.19113 10.5 65.616
    endloop
  endfacet
  facet normal 0 1 0
    outer loop
      vertex 7.81436 10.5 64.7528
      vertex 8.28636 10.5 65.614
      vertex 8.32983 10.5 65.6119
    endloop
  endfacet
  facet normal 0 1 0
    outer loop
      vertex 7.81436 10.5 64.7528
      vertex 8.32983 10.5 65.6119
      vertex 8.37538 10.5 65.6098
    endloop
  endfacet
  facet normal 0 1 0
    outer loop
      vertex 7.81436 10.5 64.7528
      vertex 8.37538 10.5 65.6098
      vertex 8.41678 10.5 65.6057
    endloop
  endfacet
  facet normal 0 1 0
    outer loop
      vertex 7.81436 10.5 64.7528
      vertex 8.41678 10.5 65.6057
      vertex 8.45818 10.5 65.6036
    endloop
  endfacet
  facet normal 0 1 0
    outer loop
      vertex 7.81436 10.5 64.7528
      vertex 8.45818 10.5 65.6036
      vertex 8.49751 10.5 65.6015
    endloop
  endfacet
  facet normal 0 1 0
    outer loop
      vertex 7.81436 10.5 64.7528
      vertex 8.49751 10.5 65.6015
      vertex 8.53685 10.5 65.5974
    endloop
  endfacet
  facet normal 0 1 0
    outer loop
      vertex 8.6093 10.5 65.5912
      vertex 8.53685 10.5 65.5974
      vertex 8.57411 10.5 65.5953
    endloop
  endfacet
  facet normal 0 1 0
    outer loop
      vertex 8.53685 10.5 65.5974
      vertex 8.6093 10.5 65.5912
      vertex 7.81436 10.5 64.7528
    endloop
  endfacet
  facet normal 0 1 0
    outer loop
      vertex 7.81436 10.5 64.7528
      vertex 8.6093 10.5 65.5912
      vertex 8.67555 10.5 65.5829
    endloop
  endfacet
  facet normal 0 1 0
    outer loop
      vertex 7.81436 10.5 64.7528
      vertex 8.67555 10.5 65.5829
      vertex 8.73765 10.5 65.5746
    endloop
  endfacet
  facet normal 0 1 0
    outer loop
      vertex 8.79355 10.5 65.5643
      vertex 8.73765 10.5 65.5746
      vertex 8.76456 10.5 65.5705
    endloop
  endfacet
  facet normal 0 1 0
    outer loop
      vertex 9.36698 10.5 65.0467
      vertex 8.73765 10.5 65.5746
      vertex 8.79355 10.5 65.5643
    endloop
  endfacet
  facet normal 0 1 0
    outer loop
      vertex 8.86807 10.5 65.5477
      vertex 8.79355 10.5 65.5643
      vertex 8.81839 10.5 65.5601
    endloop
  endfacet
  facet normal 0 1 0
    outer loop
      vertex 8.79355 10.5 65.5643
      vertex 8.86807 10.5 65.5477
      vertex 9.32558 10.5 65.1544
    endloop
  endfacet
  facet normal 0 1 0
    outer loop
      vertex 8.95916 10.5 65.5187
      vertex 8.86807 10.5 65.5477
      vertex 8.91362 10.5 65.5353
    endloop
  endfacet
  facet normal 0 1 0
    outer loop
      vertex 8.86807 10.5 65.5477
      vertex 8.95916 10.5 65.5187
      vertex 9.32558 10.5 65.1544
    endloop
  endfacet
  facet normal 0 1 0
    outer loop
      vertex 9.04197 10.5 65.4794
      vertex 8.95916 10.5 65.5187
      vertex 8.97986 10.5 65.5105
    endloop
  endfacet
  facet normal 0 1 0
    outer loop
      vertex 8.95916 10.5 65.5187
      vertex 9.04197 10.5 65.4794
      vertex 9.22414 10.5 65.3241
    endloop
  endfacet
  facet normal 0 1 0
    outer loop
      vertex 9.16617 10.5 65.3883
      vertex 9.04197 10.5 65.4794
      vertex 9.0606 10.5 65.4691
    endloop
  endfacet
  facet normal 0 1 0
    outer loop
      vertex 9.16617 10.5 65.3883
      vertex 9.0606 10.5 65.4691
      vertex 9.11649 10.5 65.4318
    endloop
  endfacet
  facet normal 0 1 0
    outer loop
      vertex 9.04197 10.5 65.4794
      vertex 9.16617 10.5 65.3883
      vertex 9.22414 10.5 65.3241
    endloop
  endfacet
  facet normal 0 1 0
    outer loop
      vertex 9.22414 10.5 65.3241
      vertex 9.16617 10.5 65.3883
      vertex 9.19723 10.5 65.3573
    endloop
  endfacet
  facet normal 0 1 0
    outer loop
      vertex 9.22414 10.5 65.3241
      vertex 9.19723 10.5 65.3573
      vertex 9.21172 10.5 65.3407
    endloop
  endfacet
  facet normal 0 1 0
    outer loop
      vertex 8.95916 10.5 65.5187
      vertex 9.22414 10.5 65.3241
      vertex 9.32558 10.5 65.1544
    endloop
  endfacet
  facet normal 0 1 0
    outer loop
      vertex 9.26347 10.5 65.2703
      vertex 9.22414 10.5 65.3241
      vertex 9.23863 10.5 65.3076
    endloop
  endfacet
  facet normal 0 1 0
    outer loop
      vertex 9.32558 10.5 65.1544
      vertex 9.22414 10.5 65.3241
      vertex 9.26347 10.5 65.2703
    endloop
  endfacet
  facet normal 0 1 0
    outer loop
      vertex 9.3028 10.5 65.2041
      vertex 9.26347 10.5 65.2703
      vertex 9.27796 10.5 65.2496
    endloop
  endfacet
  facet normal 0 1 0
    outer loop
      vertex 9.32558 10.5 65.1544
      vertex 9.26347 10.5 65.2703
      vertex 9.3028 10.5 65.2041
    endloop
  endfacet
  facet normal 0 1 0
    outer loop
      vertex 9.32558 10.5 65.1544
      vertex 9.3028 10.5 65.2041
      vertex 9.31523 10.5 65.1792
    endloop
  endfacet
  facet normal 0 1 0
    outer loop
      vertex 8.79355 10.5 65.5643
      vertex 9.32558 10.5 65.1544
      vertex 9.36698 10.5 65.0467
    endloop
  endfacet
  facet normal 0 1 0
    outer loop
      vertex 9.36698 10.5 65.0467
      vertex 9.32558 10.5 65.1544
      vertex 9.338 10.5 65.1295
    endloop
  endfacet
  facet normal 0 1 0
    outer loop
      vertex 9.36698 10.5 65.0467
      vertex 9.338 10.5 65.1295
      vertex 9.3587 10.5 65.0757
    endloop
  endfacet
  facet normal 0 1 0
    outer loop
      vertex 8.73765 10.5 65.5746
      vertex 9.36698 10.5 65.0467
      vertex 7.81436 10.5 64.7528
    endloop
  endfacet
  facet normal 0 1 0
    outer loop
      vertex 9.39182 10.5 64.9557
      vertex 9.36698 10.5 65.0467
      vertex 9.37733 10.5 65.0157
    endloop
  endfacet
  facet normal 0 1 0
    outer loop
      vertex 9.39182 10.5 64.9557
      vertex 9.37733 10.5 65.0157
      vertex 9.38561 10.5 64.9867
    endloop
  endfacet
  facet normal 0 1 0
    outer loop
      vertex 9.36698 10.5 65.0467
      vertex 9.39182 10.5 64.9557
      vertex 7.81436 10.5 64.7528
    endloop
  endfacet
  facet normal 0 1 0
    outer loop
      vertex 7.81436 10.5 64.7528
      vertex 9.39182 10.5 64.9557
      vertex 9.40838 10.5 64.8894
    endloop
  endfacet
  facet normal 0 1 0
    outer loop
      vertex 7.81436 10.5 64.7528
      vertex 9.40838 10.5 64.8894
      vertex 9.4208 10.5 64.819
    endloop
  endfacet
  facet normal 0 1 0
    outer loop
      vertex 7.81436 10.5 64.7528
      vertex 9.4208 10.5 64.819
      vertex 9.42494 10.5 64.7838
    endloop
  endfacet
  facet normal 0 1 0
    outer loop
      vertex 7.98412 10.5 65.6222
      vertex 7.81436 10.5 64.7528
      vertex 5.93052 10.5 64.7528
    endloop
  endfacet
  facet normal 0 1 0
    outer loop
      vertex 7.98412 10.5 65.6222
      vertex 5.93052 10.5 64.7528
      vertex 4.15019 10.5 64.7528
    endloop
  endfacet
  facet normal 0 1 0
    outer loop
      vertex 7.98412 10.5 65.6222
      vertex 4.15019 10.5 64.7528
      vertex 1.56249 10.5 65.6222
    endloop
  endfacet
  facet normal 0 1 0
    outer loop
      vertex 1.52109 10.5 64.7528
      vertex 1.56249 10.5 65.6222
      vertex 4.15019 10.5 64.7528
    endloop
  endfacet
  facet normal 0 1 -0
    outer loop
      vertex 1.52109 10.5 64.7528
      vertex -12.5 10.5 80
      vertex 1.56249 10.5 65.6222
    endloop
  endfacet
  facet normal 0 1 -0
    outer loop
      vertex 1.52109 10.5 64.316
      vertex -12.5 10.5 80
      vertex 1.52109 10.5 64.7528
    endloop
  endfacet
  facet normal 0 1 0
    outer loop
      vertex 1.52316 10.5 64.1711
      vertex -12.5 10.5 80
      vertex 1.52109 10.5 64.316
    endloop
  endfacet
  facet normal 0 1 0
    outer loop
      vertex 1.52523 10.5 64.0303
      vertex -12.5 10.5 80
      vertex 1.52316 10.5 64.1711
    endloop
  endfacet
  facet normal 0 1 0
    outer loop
      vertex 1.52937 10.5 63.8916
      vertex -12.5 10.5 80
      vertex 1.52523 10.5 64.0303
    endloop
  endfacet
  facet normal 0 1 0
    outer loop
      vertex 1.53351 10.5 63.757
      vertex -12.5 10.5 80
      vertex 1.52937 10.5 63.8916
    endloop
  endfacet
  facet normal 0 1 0
    outer loop
      vertex 1.53972 10.5 63.6245
      vertex -12.5 10.5 80
      vertex 1.53351 10.5 63.757
    endloop
  endfacet
  facet normal 0 1 0
    outer loop
      vertex 1.54593 10.5 63.4941
      vertex -12.5 10.5 80
      vertex 1.53972 10.5 63.6245
    endloop
  endfacet
  facet normal 0 1 0
    outer loop
      vertex 1.55421 10.5 63.3678
      vertex -12.5 10.5 80
      vertex 1.54593 10.5 63.4941
    endloop
  endfacet
  facet normal 0 1 0
    outer loop
      vertex 1.56249 10.5 63.2436
      vertex -12.5 10.5 80
      vertex 1.55421 10.5 63.3678
    endloop
  endfacet
  facet normal 0 1 0
    outer loop
      vertex 1.57078 10.5 63.1215
      vertex -12.5 10.5 80
      vertex 1.56249 10.5 63.2436
    endloop
  endfacet
  facet normal 0 1 0
    outer loop
      vertex 1.58113 10.5 63.0035
      vertex -12.5 10.5 80
      vertex 1.57078 10.5 63.1215
    endloop
  endfacet
  facet normal 0 1 0
    outer loop
      vertex 1.59355 10.5 62.8876
      vertex -12.5 10.5 80
      vertex 1.58113 10.5 63.0035
    endloop
  endfacet
  facet normal 0 1 0
    outer loop
      vertex 1.60597 10.5 62.7737
      vertex -12.5 10.5 80
      vertex 1.59355 10.5 62.8876
    endloop
  endfacet
  facet normal 0 1 0
    outer loop
      vertex 1.62046 10.5 62.664
      vertex -12.5 10.5 80
      vertex 1.60597 10.5 62.7737
    endloop
  endfacet
  facet normal 0 1 0
    outer loop
      vertex 1.63495 10.5 62.5563
      vertex -12.5 10.5 80
      vertex 1.62046 10.5 62.664
    endloop
  endfacet
  facet normal 0 1 0
    outer loop
      vertex 1.64944 10.5 62.4528
      vertex -12.5 10.5 80
      vertex 1.63495 10.5 62.5563
    endloop
  endfacet
  facet normal 0 1 0
    outer loop
      vertex 1.666 10.5 62.3514
      vertex -12.5 10.5 80
      vertex 1.64944 10.5 62.4528
    endloop
  endfacet
  facet normal 0 1 0
    outer loop
      vertex 1.68463 10.5 62.252
      vertex -12.5 10.5 80
      vertex 1.666 10.5 62.3514
    endloop
  endfacet
  facet normal 0 1 0
    outer loop
      vertex 1.70327 10.5 62.1568
      vertex -12.5 10.5 80
      vertex 1.68463 10.5 62.252
    endloop
  endfacet
  facet normal 0 1 0
    outer loop
      vertex 1.7219 10.5 62.0636
      vertex -12.5 10.5 80
      vertex 1.70327 10.5 62.1568
    endloop
  endfacet
  facet normal 0 1 0
    outer loop
      vertex 1.7426 10.5 61.9726
      vertex -12.5 10.5 80
      vertex 1.7219 10.5 62.0636
    endloop
  endfacet
  facet normal 0 1 0
    outer loop
      vertex 1.76537 10.5 61.8856
      vertex -12.5 10.5 80
      vertex 1.7426 10.5 61.9726
    endloop
  endfacet
  facet normal 0 1 0
    outer loop
      vertex 1.78814 10.5 61.8007
      vertex -12.5 10.5 80
      vertex 1.76537 10.5 61.8856
    endloop
  endfacet
  facet normal 0 1 0
    outer loop
      vertex 1.81091 10.5 61.72
      vertex -12.5 10.5 80
      vertex 1.78814 10.5 61.8007
    endloop
  endfacet
  facet normal 0 1 0
    outer loop
      vertex 1.83576 10.5 61.6413
      vertex -12.5 10.5 80
      vertex 1.81091 10.5 61.72
    endloop
  endfacet
  facet normal 0 1 0
    outer loop
      vertex 1.86267 10.5 61.5627
      vertex -12.5 10.5 80
      vertex 1.83576 10.5 61.6413
    endloop
  endfacet
  facet normal 0 1 0
    outer loop
      vertex 1.88958 10.5 61.4881
      vertex -12.5 10.5 80
      vertex 1.86267 10.5 61.5627
    endloop
  endfacet
  facet normal 0 1 0
    outer loop
      vertex 1.91856 10.5 61.4136
      vertex -12.5 10.5 80
      vertex 1.88958 10.5 61.4881
    endloop
  endfacet
  facet normal 0 1 0
    outer loop
      vertex 1.94754 10.5 61.3412
      vertex -12.5 10.5 80
      vertex 1.91856 10.5 61.4136
    endloop
  endfacet
  facet normal 0 1 0
    outer loop
      vertex 1.9786 10.5 61.2708
      vertex -12.5 10.5 80
      vertex 1.94754 10.5 61.3412
    endloop
  endfacet
  facet normal 0 1 0
    outer loop
      vertex -12.5 10.5 0
      vertex 1.9786 10.5 61.2708
      vertex 2.04484 10.5 61.1341
    endloop
  endfacet
  facet normal 0 1 0
    outer loop
      vertex -12.5 10.5 0
      vertex 2.04484 10.5 61.1341
      vertex 2.08003 10.5 61.07
    endloop
  endfacet
  facet normal 0 1 0
    outer loop
      vertex -12.5 10.5 0
      vertex 2.08003 10.5 61.07
      vertex 2.1173 10.5 61.0058
    endloop
  endfacet
  facet normal 0 1 0
    outer loop
      vertex -12.5 10.5 0
      vertex 2.1173 10.5 61.0058
      vertex 2.15456 10.5 60.9437
    endloop
  endfacet
  facet normal 0 1 0
    outer loop
      vertex -12.5 10.5 0
      vertex 2.15456 10.5 60.9437
      vertex 2.19389 10.5 60.8837
    endloop
  endfacet
  facet normal 0 1 0
    outer loop
      vertex -12.5 10.5 0
      vertex 2.19389 10.5 60.8837
      vertex 2.23322 10.5 60.8257
    endloop
  endfacet
  facet normal 0 1 0
    outer loop
      vertex 2.3181 10.5 60.7139
      vertex 2.23322 10.5 60.8257
      vertex 2.2767 10.5 60.7698
    endloop
  endfacet
  facet normal 0 1 0
    outer loop
      vertex -12.5 10.5 0
      vertex 2.23322 10.5 60.8257
      vertex 2.3181 10.5 60.7139
    endloop
  endfacet
  facet normal 0 1 0
    outer loop
      vertex 3.01988 10.5 60.1425
      vertex 2.91224 10.5 60.2026
      vertex 2.96606 10.5 60.1736
    endloop
  endfacet
  facet normal 0 1 0
    outer loop
      vertex 3.68233 10.5 59.8921
      vertex 3.55191 10.5 59.9272
      vertex 3.61609 10.5 59.9107
    endloop
  endfacet
  facet normal 0 1 0
    outer loop
      vertex 4.4959 10.5 59.772
      vertex 4.33029 10.5 59.7865
      vertex 4.41103 10.5 59.7803
    endloop
  endfacet
  facet normal 0 1 0
    outer loop
      vertex 4.96169 10.5 59.743
      vertex 4.76709 10.5 59.7534
      vertex 4.86232 10.5 59.7492
    endloop
  endfacet
  facet normal 0 1 0
    outer loop
      vertex 5.17078 10.5 59.7327
      vertex 4.96169 10.5 59.743
      vertex 5.0652 10.5 59.7389
    endloop
  endfacet
  facet normal 0 1 0
    outer loop
      vertex 5.74835 10.5 59.714
      vertex 5.50821 10.5 59.7202
      vertex 5.62621 10.5 59.7182
    endloop
  endfacet
  facet normal 0 1 0
    outer loop
      vertex 12.5 10.5 0
      vertex 6.40459 10.5 59.7037
      vertex 6.6882 10.5 59.7016
    endloop
  endfacet
  facet normal 0 1 0
    outer loop
      vertex 12.5 10.5 0
      vertex 6.26589 10.5 59.7057
      vertex 6.40459 10.5 59.7037
    endloop
  endfacet
  facet normal 0 1 0
    outer loop
      vertex 12.5 10.5 0
      vertex 6.00091 10.5 59.7099
      vertex 6.26589 10.5 59.7057
    endloop
  endfacet
  facet normal 0 1 0
    outer loop
      vertex 12.5 10.5 0
      vertex 5.87256 10.5 59.712
      vertex 6.00091 10.5 59.7099
    endloop
  endfacet
  facet normal 0 1 0
    outer loop
      vertex 12.5 10.5 0
      vertex 5.74835 10.5 59.714
      vertex 5.87256 10.5 59.712
    endloop
  endfacet
  facet normal 0 1 0
    outer loop
      vertex 12.5 10.5 0
      vertex 5.50821 10.5 59.7202
      vertex 5.74835 10.5 59.714
    endloop
  endfacet
  facet normal 0 1 0
    outer loop
      vertex 12.5 10.5 0
      vertex 5.39228 10.5 59.7244
      vertex 5.50821 10.5 59.7202
    endloop
  endfacet
  facet normal 0 1 0
    outer loop
      vertex 12.5 10.5 0
      vertex 5.28049 10.5 59.7285
      vertex 5.39228 10.5 59.7244
    endloop
  endfacet
  facet normal 0 1 0
    outer loop
      vertex 12.5 10.5 0
      vertex 5.17078 10.5 59.7327
      vertex 5.28049 10.5 59.7285
    endloop
  endfacet
  facet normal 0 1 0
    outer loop
      vertex 12.5 10.5 0
      vertex 4.96169 10.5 59.743
      vertex 5.17078 10.5 59.7327
    endloop
  endfacet
  facet normal 0 1 0
    outer loop
      vertex 12.5 10.5 0
      vertex 4.76709 10.5 59.7534
      vertex 4.96169 10.5 59.743
    endloop
  endfacet
  facet normal 0 1 0
    outer loop
      vertex 12.5 10.5 0
      vertex 4.67187 10.5 59.7596
      vertex 4.76709 10.5 59.7534
    endloop
  endfacet
  facet normal 0 1 0
    outer loop
      vertex 12.5 10.5 0
      vertex 4.58285 10.5 59.7658
      vertex 4.67187 10.5 59.7596
    endloop
  endfacet
  facet normal 0 1 0
    outer loop
      vertex 12.5 10.5 0
      vertex 4.4959 10.5 59.772
      vertex 4.58285 10.5 59.7658
    endloop
  endfacet
  facet normal 0 1 0
    outer loop
      vertex 12.5 10.5 0
      vertex 4.33029 10.5 59.7865
      vertex 4.4959 10.5 59.772
    endloop
  endfacet
  facet normal 0 1 0
    outer loop
      vertex 12.5 10.5 0
      vertex 4.2537 10.5 59.7948
      vertex 4.33029 10.5 59.7865
    endloop
  endfacet
  facet normal 0 1 0
    outer loop
      vertex 12.5 10.5 0
      vertex 4.17917 10.5 59.803
      vertex 4.2537 10.5 59.7948
    endloop
  endfacet
  facet normal 0 1 0
    outer loop
      vertex 12.5 10.5 0
      vertex 4.03012 10.5 59.8237
      vertex 4.17917 10.5 59.803
    endloop
  endfacet
  facet normal 0 1 0
    outer loop
      vertex -12.5 10.5 0
      vertex 4.03012 10.5 59.8237
      vertex 12.5 10.5 0
    endloop
  endfacet
  facet normal 0 1 0
    outer loop
      vertex 4.03012 10.5 59.8237
      vertex -12.5 10.5 0
      vertex 3.95973 10.5 59.8341
    endloop
  endfacet
  facet normal 0 1 0
    outer loop
      vertex 3.95973 10.5 59.8341
      vertex -12.5 10.5 0
      vertex 3.88935 10.5 59.8465
    endloop
  endfacet
  facet normal 0 1 0
    outer loop
      vertex 3.88935 10.5 59.8465
      vertex -12.5 10.5 0
      vertex 3.81896 10.5 59.861
    endloop
  endfacet
  facet normal 0 1 0
    outer loop
      vertex 3.81896 10.5 59.861
      vertex -12.5 10.5 0
      vertex 3.75065 10.5 59.8755
    endloop
  endfacet
  facet normal 0 1 0
    outer loop
      vertex 3.75065 10.5 59.8755
      vertex -12.5 10.5 0
      vertex 3.68233 10.5 59.8921
    endloop
  endfacet
  facet normal 0 1 0
    outer loop
      vertex 3.68233 10.5 59.8921
      vertex -12.5 10.5 0
      vertex 3.55191 10.5 59.9272
    endloop
  endfacet
  facet normal 0 1 0
    outer loop
      vertex 3.55191 10.5 59.9272
      vertex -12.5 10.5 0
      vertex 3.48774 10.5 59.9479
    endloop
  endfacet
  facet normal 0 1 0
    outer loop
      vertex 3.48774 10.5 59.9479
      vertex -12.5 10.5 0
      vertex 3.36353 10.5 59.9894
    endloop
  endfacet
  facet normal 0 1 0
    outer loop
      vertex 3.36353 10.5 59.9894
      vertex -12.5 10.5 0
      vertex 3.3035 10.5 60.0121
    endloop
  endfacet
  facet normal 0 1 0
    outer loop
      vertex 3.3035 10.5 60.0121
      vertex -12.5 10.5 0
      vertex 3.24346 10.5 60.037
    endloop
  endfacet
  facet normal 0 1 0
    outer loop
      vertex 3.24346 10.5 60.037
      vertex -12.5 10.5 0
      vertex 3.1855 10.5 60.0618
    endloop
  endfacet
  facet normal 0 1 0
    outer loop
      vertex 3.1855 10.5 60.0618
      vertex -12.5 10.5 0
      vertex 3.07371 10.5 60.1156
    endloop
  endfacet
  facet normal 0 1 0
    outer loop
      vertex 3.07371 10.5 60.1156
      vertex -12.5 10.5 0
      vertex 3.01988 10.5 60.1425
    endloop
  endfacet
  facet normal 0 1 0
    outer loop
      vertex 3.01988 10.5 60.1425
      vertex -12.5 10.5 0
      vertex 2.91224 10.5 60.2026
    endloop
  endfacet
  facet normal 0 1 0
    outer loop
      vertex 2.91224 10.5 60.2026
      vertex -12.5 10.5 0
      vertex 2.76318 10.5 60.3019
    endloop
  endfacet
  facet normal 0 1 0
    outer loop
      vertex 2.76318 10.5 60.3019
      vertex -12.5 10.5 0
      vertex 2.65554 10.5 60.3806
    endloop
  endfacet
  facet normal 0 1 0
    outer loop
      vertex 2.65554 10.5 60.3806
      vertex -12.5 10.5 0
      vertex 2.55203 10.5 60.4676
    endloop
  endfacet
  facet normal 0 1 0
    outer loop
      vertex 2.55203 10.5 60.4676
      vertex -12.5 10.5 0
      vertex 2.50235 10.5 60.5131
    endloop
  endfacet
  facet normal 0 1 0
    outer loop
      vertex 2.50235 10.5 60.5131
      vertex -12.5 10.5 0
      vertex 2.45473 10.5 60.5607
    endloop
  endfacet
  facet normal 0 1 0
    outer loop
      vertex 2.45473 10.5 60.5607
      vertex -12.5 10.5 0
      vertex 2.40919 10.5 60.6104
    endloop
  endfacet
  facet normal 0 1 0
    outer loop
      vertex 2.40919 10.5 60.6104
      vertex -12.5 10.5 0
      vertex 2.3181 10.5 60.7139
    endloop
  endfacet
  facet normal 0 1 0
    outer loop
      vertex 1.9786 10.5 61.2708
      vertex -12.5 10.5 0
      vertex -12.5 10.5 80
    endloop
  endfacet
  facet normal 0 1 0
    outer loop
      vertex 7.243 10.5 77.7016
      vertex 7.52661 10.5 77.6995
      vertex 7.38584 10.5 77.6995
    endloop
  endfacet
  facet normal 0 1 0
    outer loop
      vertex 8.00068 10.5 72.6504
      vertex 8.0959 10.5 74.0995
      vertex 8.18906 10.5 74.0975
    endloop
  endfacet
  facet normal 0 1 0
    outer loop
      vertex 8.00068 10.5 72.6504
      vertex 8.18906 10.5 74.0975
      vertex 8.27808 10.5 74.0954
    endloop
  endfacet
  facet normal 0 1 0
    outer loop
      vertex 8.00068 10.5 72.6504
      vertex 8.27808 10.5 74.0954
      vertex 8.36502 10.5 74.0933
    endloop
  endfacet
  facet normal 0 1 0
    outer loop
      vertex 8.00068 10.5 72.6504
      vertex 8.36502 10.5 74.0933
      vertex 8.44783 10.5 74.0892
    endloop
  endfacet
  facet normal 0 1 0
    outer loop
      vertex 8.00068 10.5 72.6504
      vertex 8.44783 10.5 74.0892
      vertex 8.52857 10.5 74.085
    endloop
  endfacet
  facet normal 0 1 0
    outer loop
      vertex 8.00068 10.5 72.6504
      vertex 8.52857 10.5 74.085
      vertex 8.60723 10.5 74.0809
    endloop
  endfacet
  facet normal 0 1 0
    outer loop
      vertex 8.00068 10.5 72.6504
      vertex 8.60723 10.5 74.0809
      vertex 8.68176 10.5 74.0747
    endloop
  endfacet
  facet normal 0 1 0
    outer loop
      vertex 8.00068 10.5 72.6504
      vertex 8.68176 10.5 74.0747
      vertex 8.75421 10.5 74.0685
    endloop
  endfacet
  facet normal 0 1 0
    outer loop
      vertex 8.00068 10.5 72.6504
      vertex 8.75421 10.5 74.0685
      vertex 8.82253 10.5 74.0602
    endloop
  endfacet
  facet normal 0 1 0
    outer loop
      vertex 8.00068 10.5 72.6504
      vertex 8.82253 10.5 74.0602
      vertex 8.88877 10.5 74.0519
    endloop
  endfacet
  facet normal 0 1 0
    outer loop
      vertex 8.00068 10.5 72.6504
      vertex 8.88877 10.5 74.0519
      vertex 8.95295 10.5 74.0436
    endloop
  endfacet
  facet normal 0 1 0
    outer loop
      vertex 8.00068 10.5 72.6504
      vertex 8.95295 10.5 74.0436
      vertex 9.01298 10.5 74.0333
    endloop
  endfacet
  facet normal 0 1 0
    outer loop
      vertex 9.77273 10.5 73.2094
      vertex 9.01298 10.5 74.0333
      vertex 9.07095 10.5 74.0229
    endloop
  endfacet
  facet normal 0 1 0
    outer loop
      vertex 9.77273 10.5 73.2094
      vertex 9.07095 10.5 74.0229
      vertex 9.12684 10.5 74.0105
    endloop
  endfacet
  facet normal 0 1 0
    outer loop
      vertex 9.76238 10.5 73.3356
      vertex 9.12684 10.5 74.0105
      vertex 9.1786 10.5 73.9981
    endloop
  endfacet
  facet normal 0 1 0
    outer loop
      vertex 9.76238 10.5 73.3356
      vertex 9.1786 10.5 73.9981
      vertex 9.22828 10.5 73.9857
    endloop
  endfacet
  facet normal 0 1 0
    outer loop
      vertex 9.76238 10.5 73.3356
      vertex 9.22828 10.5 73.9857
      vertex 9.27382 10.5 73.9712
    endloop
  endfacet
  facet normal 0 1 0
    outer loop
      vertex 9.7541 10.5 73.404
      vertex 9.27382 10.5 73.9712
      vertex 9.3173 10.5 73.9567
    endloop
  endfacet
  facet normal 0 1 0
    outer loop
      vertex 9.39596 10.5 73.9256
      vertex 9.3173 10.5 73.9567
      vertex 9.3587 10.5 73.9422
    endloop
  endfacet
  facet normal 0 1 0
    outer loop
      vertex 9.3173 10.5 73.9567
      vertex 9.39596 10.5 73.9256
      vertex 9.74789 10.5 73.4454
    endloop
  endfacet
  facet normal 0 1 0
    outer loop
      vertex 9.46221 10.5 73.8904
      vertex 9.39596 10.5 73.9256
      vertex 9.43115 10.5 73.9091
    endloop
  endfacet
  facet normal 0 1 0
    outer loop
      vertex 9.39596 10.5 73.9256
      vertex 9.46221 10.5 73.8904
      vertex 9.74789 10.5 73.4454
    endloop
  endfacet
  facet normal 0 1 0
    outer loop
      vertex 9.74789 10.5 73.4454
      vertex 9.46221 10.5 73.8904
      vertex 9.49119 10.5 73.8718
    endloop
  endfacet
  facet normal 0 1 0
    outer loop
      vertex 9.74789 10.5 73.4454
      vertex 9.49119 10.5 73.8718
      vertex 9.50568 10.5 73.8615
    endloop
  endfacet
  facet normal 0 1 0
    outer loop
      vertex 9.53466 10.5 73.8387
      vertex 9.50568 10.5 73.8615
      vertex 9.52224 10.5 73.8511
    endloop
  endfacet
  facet normal 0 1 0
    outer loop
      vertex 9.74789 10.5 73.4454
      vertex 9.50568 10.5 73.8615
      vertex 9.53466 10.5 73.8387
    endloop
  endfacet
  facet normal 0 1 0
    outer loop
      vertex 9.57607 10.5 73.8035
      vertex 9.53466 10.5 73.8387
      vertex 9.54915 10.5 73.8283
    endloop
  endfacet
  facet normal 0 1 0
    outer loop
      vertex 9.57607 10.5 73.8035
      vertex 9.54915 10.5 73.8283
      vertex 9.56364 10.5 73.8159
    endloop
  endfacet
  facet normal 0 1 0
    outer loop
      vertex 9.61126 10.5 73.7662
      vertex 9.53466 10.5 73.8387
      vertex 9.57607 10.5 73.8035
    endloop
  endfacet
  facet normal 0 1 0
    outer loop
      vertex 9.61126 10.5 73.7662
      vertex 9.57607 10.5 73.8035
      vertex 9.58849 10.5 73.7931
    endloop
  endfacet
  facet normal 0 1 0
    outer loop
      vertex 9.61126 10.5 73.7662
      vertex 9.58849 10.5 73.7931
      vertex 9.60091 10.5 73.7807
    endloop
  endfacet
  facet normal 0 1 0
    outer loop
      vertex 9.53466 10.5 73.8387
      vertex 9.61126 10.5 73.7662
      vertex 9.71891 10.5 73.5737
    endloop
  endfacet
  facet normal 0 1 0
    outer loop
      vertex 9.65266 10.5 73.7124
      vertex 9.61126 10.5 73.7662
      vertex 9.62368 10.5 73.7538
    endloop
  endfacet
  facet normal 0 1 0
    outer loop
      vertex 9.65266 10.5 73.7124
      vertex 9.62368 10.5 73.7538
      vertex 9.63403 10.5 73.7414
    endloop
  endfacet
  facet normal 0 1 0
    outer loop
      vertex 9.65266 10.5 73.7124
      vertex 9.63403 10.5 73.7414
      vertex 9.64438 10.5 73.7269
    endloop
  endfacet
  facet normal 0 1 0
    outer loop
      vertex 9.71891 10.5 73.5737
      vertex 9.61126 10.5 73.7662
      vertex 9.65266 10.5 73.7124
    endloop
  endfacet
  facet normal 0 1 0
    outer loop
      vertex 9.69406 10.5 73.6379
      vertex 9.65266 10.5 73.7124
      vertex 9.66301 10.5 73.6979
    endloop
  endfacet
  facet normal 0 1 0
    outer loop
      vertex 9.69406 10.5 73.6379
      vertex 9.66301 10.5 73.6979
      vertex 9.68785 10.5 73.6544
    endloop
  endfacet
  facet normal 0 1 0
    outer loop
      vertex 9.71891 10.5 73.5737
      vertex 9.65266 10.5 73.7124
      vertex 9.69406 10.5 73.6379
    endloop
  endfacet
  facet normal 0 1 0
    outer loop
      vertex 9.71477 10.5 73.5903
      vertex 9.69406 10.5 73.6379
      vertex 9.70234 10.5 73.6234
    endloop
  endfacet
  facet normal 0 1 0
    outer loop
      vertex 9.69406 10.5 73.6379
      vertex 9.71477 10.5 73.5903
      vertex 9.71891 10.5 73.5737
    endloop
  endfacet
  facet normal 0 1 0
    outer loop
      vertex 9.53466 10.5 73.8387
      vertex 9.71891 10.5 73.5737
      vertex 9.74789 10.5 73.4454
    endloop
  endfacet
  facet normal 0 1 0
    outer loop
      vertex 9.7334 10.5 73.524
      vertex 9.71891 10.5 73.5737
      vertex 9.72512 10.5 73.5572
    endloop
  endfacet
  facet normal 0 1 0
    outer loop
      vertex 9.74789 10.5 73.4454
      vertex 9.71891 10.5 73.5737
      vertex 9.7334 10.5 73.524
    endloop
  endfacet
  facet normal 0 1 0
    outer loop
      vertex 9.74789 10.5 73.4454
      vertex 9.7334 10.5 73.524
      vertex 9.74168 10.5 73.4868
    endloop
  endfacet
  facet normal 0 1 0
    outer loop
      vertex 9.74789 10.5 73.4454
      vertex 9.74168 10.5 73.4868
      vertex 9.74582 10.5 73.4661
    endloop
  endfacet
  facet normal 0 1 0
    outer loop
      vertex 9.3173 10.5 73.9567
      vertex 9.74789 10.5 73.4454
      vertex 9.7541 10.5 73.404
    endloop
  endfacet
  facet normal 0 1 0
    outer loop
      vertex 9.7541 10.5 73.404
      vertex 9.74789 10.5 73.4454
      vertex 9.75203 10.5 73.4247
    endloop
  endfacet
  facet normal 0 1 0
    outer loop
      vertex 9.27382 10.5 73.9712
      vertex 9.7541 10.5 73.404
      vertex 9.76238 10.5 73.3356
    endloop
  endfacet
  facet normal 0 1 0
    outer loop
      vertex 9.76238 10.5 73.3356
      vertex 9.7541 10.5 73.404
      vertex 9.75824 10.5 73.3812
    endloop
  endfacet
  facet normal 0 1 0
    outer loop
      vertex 9.12684 10.5 74.0105
      vertex 9.76238 10.5 73.3356
      vertex 9.77273 10.5 73.2094
    endloop
  endfacet
  facet normal 0 1 0
    outer loop
      vertex 9.77273 10.5 73.2094
      vertex 9.76238 10.5 73.3356
      vertex 9.76652 10.5 73.3108
    endloop
  endfacet
  facet normal 0 1 -0
    outer loop
      vertex 9.77273 10.5 73.2094
      vertex 9.76652 10.5 73.3108
      vertex 9.77273 10.5 73.2363
    endloop
  endfacet
  facet normal 0 1 0
    outer loop
      vertex 9.01298 10.5 74.0333
      vertex 9.77273 10.5 73.2094
      vertex 9.7748 10.5 73.1824
    endloop
  endfacet
  facet normal 0 1 0
    outer loop
      vertex 9.01298 10.5 74.0333
      vertex 9.7748 10.5 73.1824
      vertex 9.77687 10.5 73.1245
    endloop
  endfacet
  facet normal 0 1 -0
    outer loop
      vertex 9.77687 10.5 73.1245
      vertex 9.7748 10.5 73.1824
      vertex 9.77687 10.5 73.1535
    endloop
  endfacet
  facet normal 0 1 0
    outer loop
      vertex 9.01298 10.5 74.0333
      vertex 9.77687 10.5 73.1245
      vertex 8.00068 10.5 72.6504
    endloop
  endfacet
  facet normal 0 1 -0
    outer loop
      vertex 9.77894 10.5 73.0665
      vertex 9.77687 10.5 73.1245
      vertex 9.77894 10.5 73.0955
    endloop
  endfacet
  facet normal 0 1 0
    outer loop
      vertex 9.77687 10.5 73.1245
      vertex 9.77894 10.5 73.0665
      vertex 8.00068 10.5 72.6504
    endloop
  endfacet
  facet normal 0 1 0
    outer loop
      vertex 8.00068 10.5 72.6504
      vertex 9.77894 10.5 73.0665
      vertex 9.78101 10.5 73.0355
    endloop
  endfacet
  facet normal 0 1 0
    outer loop
      vertex 8.00068 10.5 72.6504
      vertex 9.78101 10.5 73.0355
      vertex 9.78101 10.5 72.6504
    endloop
  endfacet
  facet normal 0 1 0
    outer loop
      vertex 8.0959 10.5 74.0995
      vertex 8.00068 10.5 72.6504
      vertex 8.00068 10.5 74.0995
    endloop
  endfacet
  facet normal 0 1 0
    outer loop
      vertex 6.11684 10.5 72.6504
      vertex 5.69245 10.5 71.7872
      vertex 5.64484 10.5 71.7892
    endloop
  endfacet
  facet normal 0 1 0
    outer loop
      vertex 6.11684 10.5 72.6504
      vertex 5.84151 10.5 71.783
      vertex 5.78975 10.5 71.7851
    endloop
  endfacet
  facet normal 0 1 0
    outer loop
      vertex 4.76503 10.5 72.0149
      vertex 4.88923 10.5 71.9238
      vertex 4.81471 10.5 71.9714
    endloop
  endfacet
  facet normal 0 1 0
    outer loop
      vertex 6.54536 10.5 59.7037
      vertex 6.6882 10.5 59.7016
      vertex 6.40459 10.5 59.7037
    endloop
  endfacet
  facet normal 0 1 0
    outer loop
      vertex 5.93052 10.5 64.7528
      vertex 4.15019 10.5 64.3677
      vertex 4.15019 10.5 64.7528
    endloop
  endfacet
  facet normal 0 1 0
    outer loop
      vertex 5.93052 10.5 64.7528
      vertex 4.15226 10.5 64.3367
      vertex 4.15019 10.5 64.3677
    endloop
  endfacet
  facet normal 0 1 -0
    outer loop
      vertex 4.15433 10.5 64.2787
      vertex 4.15226 10.5 64.3367
      vertex 5.93052 10.5 64.7528
    endloop
  endfacet
  facet normal 0 1 0
    outer loop
      vertex 4.15226 10.5 64.3367
      vertex 4.15433 10.5 64.2787
      vertex 4.15226 10.5 64.3077
    endloop
  endfacet
  facet normal 0 1 -0
    outer loop
      vertex 4.97825 10.5 63.3616
      vertex 4.15433 10.5 64.2787
      vertex 5.93052 10.5 64.7528
    endloop
  endfacet
  facet normal 0 1 0
    outer loop
      vertex 4.15433 10.5 64.2787
      vertex 4.1564 10.5 64.2207
      vertex 4.15433 10.5 64.2497
    endloop
  endfacet
  facet normal 0 1 0
    outer loop
      vertex 4.15433 10.5 64.2787
      vertex 4.97825 10.5 63.3616
      vertex 4.1564 10.5 64.2207
    endloop
  endfacet
  facet normal 0 1 0
    outer loop
      vertex 4.1564 10.5 64.2207
      vertex 4.97825 10.5 63.3616
      vertex 4.15847 10.5 64.1938
    endloop
  endfacet
  facet normal -0 1 -0
    outer loop
      vertex 4.91822 10.5 63.3699
      vertex 4.15847 10.5 64.1938
      vertex 4.97825 10.5 63.3616
    endloop
  endfacet
  facet normal -0 1 -0
    outer loop
      vertex 4.86025 10.5 63.3803
      vertex 4.15847 10.5 64.1938
      vertex 4.91822 10.5 63.3699
    endloop
  endfacet
  facet normal -0 1 -0
    outer loop
      vertex 4.80436 10.5 63.3927
      vertex 4.15847 10.5 64.1938
      vertex 4.86025 10.5 63.3803
    endloop
  endfacet
  facet normal 0 1 0
    outer loop
      vertex 4.15847 10.5 64.1938
      vertex 4.16054 10.5 64.1421
      vertex 4.15847 10.5 64.1669
    endloop
  endfacet
  facet normal 0 1 0
    outer loop
      vertex 4.15847 10.5 64.1938
      vertex 4.80436 10.5 63.3927
      vertex 4.16054 10.5 64.1421
    endloop
  endfacet
  facet normal -0 1 -0
    outer loop
      vertex 4.16882 10.5 64.0676
      vertex 4.16261 10.5 64.1152
      vertex 4.80436 10.5 63.3927
    endloop
  endfacet
  facet normal 0 1 0
    outer loop
      vertex 4.16261 10.5 64.1152
      vertex 4.16882 10.5 64.0676
      vertex 4.16468 10.5 64.0924
    endloop
  endfacet
  facet normal -0 1 -0
    outer loop
      vertex 4.7526 10.5 63.4051
      vertex 4.16882 10.5 64.0676
      vertex 4.80436 10.5 63.3927
    endloop
  endfacet
  facet normal -0 1 -0
    outer loop
      vertex 4.1771 10.5 63.9992
      vertex 4.16882 10.5 64.0676
      vertex 4.7526 10.5 63.4051
    endloop
  endfacet
  facet normal 0 1 0
    outer loop
      vertex 4.16882 10.5 64.0676
      vertex 4.1771 10.5 63.9992
      vertex 4.17296 10.5 64.022
    endloop
  endfacet
  facet normal -0 1 -0
    outer loop
      vertex 4.18331 10.5 63.9578
      vertex 4.1771 10.5 63.9992
      vertex 4.65738 10.5 63.432
    endloop
  endfacet
  facet normal 0 1 0
    outer loop
      vertex 4.1771 10.5 63.9992
      vertex 4.18331 10.5 63.9578
      vertex 4.17917 10.5 63.9785
    endloop
  endfacet
  facet normal -0 1 -0
    outer loop
      vertex 4.18952 10.5 63.9164
      vertex 4.18331 10.5 63.9578
      vertex 4.6139 10.5 63.4465
    endloop
  endfacet
  facet normal 0 1 0
    outer loop
      vertex 4.18331 10.5 63.9578
      vertex 4.18952 10.5 63.9164
      vertex 4.18538 10.5 63.9371
    endloop
  endfacet
  facet normal 0 1 0
    outer loop
      vertex 4.18952 10.5 63.9164
      vertex 4.6139 10.5 63.4465
      vertex 4.1978 10.5 63.8792
    endloop
  endfacet
  facet normal -0 1 -0
    outer loop
      vertex 4.39654 10.5 63.5645
      vertex 4.1978 10.5 63.8792
      vertex 4.6139 10.5 63.4465
    endloop
  endfacet
  facet normal 0 1 0
    outer loop
      vertex 4.1978 10.5 63.8792
      vertex 4.21229 10.5 63.8295
      vertex 4.20608 10.5 63.8461
    endloop
  endfacet
  facet normal 0 1 0
    outer loop
      vertex 4.1978 10.5 63.8792
      vertex 4.39654 10.5 63.5645
      vertex 4.21229 10.5 63.8295
    endloop
  endfacet
  facet normal 0 1 0
    outer loop
      vertex 4.21643 10.5 63.8129
      vertex 4.23713 10.5 63.7632
      vertex 4.22885 10.5 63.7798
    endloop
  endfacet
  facet normal 0 1 0
    outer loop
      vertex 4.21229 10.5 63.8295
      vertex 4.23713 10.5 63.7632
      vertex 4.21643 10.5 63.8129
    endloop
  endfacet
  facet normal 0 1 0
    outer loop
      vertex 4.21229 10.5 63.8295
      vertex 4.27854 10.5 63.6908
      vertex 4.23713 10.5 63.7632
    endloop
  endfacet
  facet normal 0 1 0
    outer loop
      vertex 4.23713 10.5 63.7632
      vertex 4.26819 10.5 63.7053
      vertex 4.24335 10.5 63.7488
    endloop
  endfacet
  facet normal -0 1 -0
    outer loop
      vertex 4.26819 10.5 63.7053
      vertex 4.23713 10.5 63.7632
      vertex 4.27854 10.5 63.6908
    endloop
  endfacet
  facet normal 0 1 0
    outer loop
      vertex 4.27854 10.5 63.6908
      vertex 4.29717 10.5 63.6618
      vertex 4.28682 10.5 63.6763
    endloop
  endfacet
  facet normal 0 1 0
    outer loop
      vertex 4.29717 10.5 63.6618
      vertex 4.31994 10.5 63.637
      vertex 4.30752 10.5 63.6494
    endloop
  endfacet
  facet normal 0 1 0
    outer loop
      vertex 4.27854 10.5 63.6908
      vertex 4.39654 10.5 63.5645
      vertex 4.31994 10.5 63.637
    endloop
  endfacet
  facet normal 0 1 0
    outer loop
      vertex 4.31994 10.5 63.637
      vertex 4.35513 10.5 63.5976
      vertex 4.33029 10.5 63.6225
    endloop
  endfacet
  facet normal 0 1 0
    outer loop
      vertex 4.36755 10.5 63.5873
      vertex 4.39654 10.5 63.5645
      vertex 4.38205 10.5 63.5749
    endloop
  endfacet
  facet normal -0 1 -0
    outer loop
      vertex 4.35513 10.5 63.5976
      vertex 4.31994 10.5 63.637
      vertex 4.36755 10.5 63.5873
    endloop
  endfacet
  facet normal 0 1 0
    outer loop
      vertex 4.39654 10.5 63.5645
      vertex 4.42552 10.5 63.5417
      vertex 4.40896 10.5 63.5521
    endloop
  endfacet
  facet normal -0 1 -0
    outer loop
      vertex 4.36755 10.5 63.5873
      vertex 4.31994 10.5 63.637
      vertex 4.39654 10.5 63.5645
    endloop
  endfacet
  facet normal 0 1 0
    outer loop
      vertex 4.39654 10.5 63.5645
      vertex 4.6139 10.5 63.4465
      vertex 4.42552 10.5 63.5417
    endloop
  endfacet
  facet normal 0 1 0
    outer loop
      vertex 4.44001 10.5 63.5314
      vertex 4.6139 10.5 63.4465
      vertex 4.46899 10.5 63.5128
    endloop
  endfacet
  facet normal 0 1 0
    outer loop
      vertex 4.46899 10.5 63.5128
      vertex 4.53524 10.5 63.4776
      vertex 4.50004 10.5 63.4941
    endloop
  endfacet
  facet normal 0 1 0
    outer loop
      vertex 4.46899 10.5 63.5128
      vertex 4.6139 10.5 63.4465
      vertex 4.53524 10.5 63.4776
    endloop
  endfacet
  facet normal 0 1 0
    outer loop
      vertex 4.53524 10.5 63.4776
      vertex 4.6139 10.5 63.4465
      vertex 4.5725 10.5 63.461
    endloop
  endfacet
  facet normal 0 1 0
    outer loop
      vertex 4.42552 10.5 63.5417
      vertex 4.6139 10.5 63.4465
      vertex 4.44001 10.5 63.5314
    endloop
  endfacet
  facet normal -0 1 -0
    outer loop
      vertex 4.29717 10.5 63.6618
      vertex 4.27854 10.5 63.6908
      vertex 4.31994 10.5 63.637
    endloop
  endfacet
  facet normal 0 1 0
    outer loop
      vertex 4.65738 10.5 63.432
      vertex 4.7526 10.5 63.4051
      vertex 4.70292 10.5 63.4175
    endloop
  endfacet
  facet normal -0 1 -0
    outer loop
      vertex 4.27854 10.5 63.6908
      vertex 4.21229 10.5 63.8295
      vertex 4.39654 10.5 63.5645
    endloop
  endfacet
  facet normal -0 1 -0
    outer loop
      vertex 4.6139 10.5 63.4465
      vertex 4.18331 10.5 63.9578
      vertex 4.65738 10.5 63.432
    endloop
  endfacet
  facet normal -0 1 -0
    outer loop
      vertex 4.65738 10.5 63.432
      vertex 4.1771 10.5 63.9992
      vertex 4.7526 10.5 63.4051
    endloop
  endfacet
  facet normal 0 1 0
    outer loop
      vertex 4.16054 10.5 64.1421
      vertex 4.80436 10.5 63.3927
      vertex 4.16261 10.5 64.1152
    endloop
  endfacet
  facet normal 0 1 0
    outer loop
      vertex 5.93052 10.5 64.7528
      vertex 5.04243 10.5 63.3513
      vertex 4.97825 10.5 63.3616
    endloop
  endfacet
  facet normal 0 1 0
    outer loop
      vertex 5.93052 10.5 64.7528
      vertex 5.10867 10.5 63.343
      vertex 5.04243 10.5 63.3513
    endloop
  endfacet
  facet normal 0 1 0
    outer loop
      vertex 5.93052 10.5 64.7528
      vertex 5.17699 10.5 63.3347
      vertex 5.10867 10.5 63.343
    endloop
  endfacet
  facet normal 0 1 0
    outer loop
      vertex 5.93052 10.5 64.7528
      vertex 5.24944 10.5 63.3285
      vertex 5.17699 10.5 63.3347
    endloop
  endfacet
  facet normal 0 1 0
    outer loop
      vertex 5.93052 10.5 64.7528
      vertex 5.32397 10.5 63.3223
      vertex 5.24944 10.5 63.3285
    endloop
  endfacet
  facet normal 0 1 0
    outer loop
      vertex 5.93052 10.5 64.7528
      vertex 5.40263 10.5 63.3182
      vertex 5.32397 10.5 63.3223
    endloop
  endfacet
  facet normal 0 1 0
    outer loop
      vertex 5.93052 10.5 64.7528
      vertex 5.48337 10.5 63.314
      vertex 5.40263 10.5 63.3182
    endloop
  endfacet
  facet normal 0 1 0
    outer loop
      vertex 5.93052 10.5 64.7528
      vertex 5.56617 10.5 63.3099
      vertex 5.48337 10.5 63.314
    endloop
  endfacet
  facet normal 0 1 0
    outer loop
      vertex 5.93052 10.5 64.7528
      vertex 5.65312 10.5 63.3078
      vertex 5.56617 10.5 63.3099
    endloop
  endfacet
  facet normal 0 1 0
    outer loop
      vertex 5.93052 10.5 64.7528
      vertex 5.74214 10.5 63.3057
      vertex 5.65312 10.5 63.3078
    endloop
  endfacet
  facet normal 0 1 0
    outer loop
      vertex 5.83529 10.5 63.3037
      vertex 5.93052 10.5 64.7528
      vertex 5.93052 10.5 63.3037
    endloop
  endfacet
  facet normal 0 1 0
    outer loop
      vertex 5.93052 10.5 64.7528
      vertex 5.83529 10.5 63.3037
      vertex 5.74214 10.5 63.3057
    endloop
  endfacet
  facet normal 0 1 0
    outer loop
      vertex 9.43115 10.5 64.7466
      vertex 7.81436 10.5 64.7528
      vertex 9.42494 10.5 64.7838
    endloop
  endfacet
  facet normal 0 1 0
    outer loop
      vertex 9.4353 10.5 64.7093
      vertex 7.81436 10.5 64.7528
      vertex 9.43115 10.5 64.7466
    endloop
  endfacet
  facet normal 0 1 0
    outer loop
      vertex 9.43944 10.5 64.67
      vertex 7.81436 10.5 64.7528
      vertex 9.4353 10.5 64.7093
    endloop
  endfacet
  facet normal 0 1 0
    outer loop
      vertex 9.44151 10.5 64.6286
      vertex 7.81436 10.5 64.7528
      vertex 9.43944 10.5 64.67
    endloop
  endfacet
  facet normal 0 1 0
    outer loop
      vertex 9.44565 10.5 64.5892
      vertex 7.81436 10.5 64.7528
      vertex 9.44151 10.5 64.6286
    endloop
  endfacet
  facet normal 0 1 0
    outer loop
      vertex 9.44772 10.5 64.5478
      vertex 7.81436 10.5 64.7528
      vertex 9.44565 10.5 64.5892
    endloop
  endfacet
  facet normal 0 1 0
    outer loop
      vertex 9.44979 10.5 64.5044
      vertex 7.81436 10.5 64.7528
      vertex 9.44772 10.5 64.5478
    endloop
  endfacet
  facet normal 0 1 0
    outer loop
      vertex 9.45393 10.5 64.4485
      vertex 7.81436 10.5 64.7528
      vertex 9.44979 10.5 64.5044
    endloop
  endfacet
  facet normal 0 1 0
    outer loop
      vertex 9.456 10.5 64.3926
      vertex 7.81436 10.5 64.7528
      vertex 9.45393 10.5 64.4485
    endloop
  endfacet
  facet normal 0 1 0
    outer loop
      vertex 9.46014 10.5 64.3367
      vertex 7.81436 10.5 64.7528
      vertex 9.456 10.5 64.3926
    endloop
  endfacet
  facet normal 0 1 0
    outer loop
      vertex 9.46428 10.5 64.2249
      vertex 7.81436 10.5 64.7528
      vertex 9.46014 10.5 64.3367
    endloop
  endfacet
  facet normal 0 1 0
    outer loop
      vertex 9.46842 10.5 64.169
      vertex 7.81436 10.5 64.7528
      vertex 9.46428 10.5 64.2249
    endloop
  endfacet
  facet normal 0 1 0
    outer loop
      vertex 9.48291 10.5 63.7632
      vertex 7.81436 10.5 64.7528
      vertex 9.46842 10.5 64.169
    endloop
  endfacet
  facet normal 0 1 0
    outer loop
      vertex 9.48498 10.5 63.7032
      vertex 7.81436 10.5 64.7528
      vertex 9.48291 10.5 63.7632
    endloop
  endfacet
  facet normal 0 1 -0
    outer loop
      vertex 9.48498 10.5 63.6432
      vertex 7.81436 10.5 64.7528
      vertex 9.48498 10.5 63.7032
    endloop
  endfacet
  facet normal 0 1 0
    outer loop
      vertex 9.48705 10.5 63.5852
      vertex 7.81436 10.5 64.7528
      vertex 9.48498 10.5 63.6432
    endloop
  endfacet
  facet normal 0 1 -0
    outer loop
      vertex 9.48705 10.5 63.5252
      vertex 7.81436 10.5 64.7528
      vertex 9.48705 10.5 63.5852
    endloop
  endfacet
  facet normal 0 1 0
    outer loop
      vertex 9.48912 10.5 63.4651
      vertex 7.81436 10.5 64.7528
      vertex 9.48705 10.5 63.5252
    endloop
  endfacet
  facet normal 0 1 -0
    outer loop
      vertex 9.48912 10.5 63.343
      vertex 7.81436 10.5 64.7528
      vertex 9.48912 10.5 63.4651
    endloop
  endfacet
  facet normal 0 1 0
    outer loop
      vertex 9.49119 10.5 63.2809
      vertex 7.81436 10.5 64.7528
      vertex 9.48912 10.5 63.343
    endloop
  endfacet
  facet normal 0 1 -0
    outer loop
      vertex 9.49119 10.5 62.7758
      vertex 7.81436 10.5 64.7528
      vertex 9.49119 10.5 63.2809
    endloop
  endfacet
  facet normal 0 1 -0
    outer loop
      vertex 9.48912 10.5 62.6743
      vertex 7.81436 10.5 64.7528
      vertex 9.49119 10.5 62.7758
    endloop
  endfacet
  facet normal 0 1 -0
    outer loop
      vertex 9.48912 10.5 62.577
      vertex 7.81436 10.5 64.7528
      vertex 9.48912 10.5 62.6743
    endloop
  endfacet
  facet normal 0 1 -0
    outer loop
      vertex 9.48705 10.5 62.4797
      vertex 7.81436 10.5 64.7528
      vertex 9.48912 10.5 62.577
    endloop
  endfacet
  facet normal 0 1 -0
    outer loop
      vertex 9.48498 10.5 62.3845
      vertex 7.81436 10.5 64.7528
      vertex 9.48705 10.5 62.4797
    endloop
  endfacet
  facet normal 0 1 -0
    outer loop
      vertex 9.48498 10.5 62.2934
      vertex 7.81436 10.5 64.7528
      vertex 9.48498 10.5 62.3845
    endloop
  endfacet
  facet normal 0 1 -0
    outer loop
      vertex 9.48291 10.5 62.2044
      vertex 7.81436 10.5 64.7528
      vertex 9.48498 10.5 62.2934
    endloop
  endfacet
  facet normal 0 1 -0
    outer loop
      vertex 9.48084 10.5 62.1175
      vertex 7.81436 10.5 64.7528
      vertex 9.48291 10.5 62.2044
    endloop
  endfacet
  facet normal 0 1 0
    outer loop
      vertex 7.81436 10.5 59.7016
      vertex 9.48084 10.5 62.1175
      vertex 9.47877 10.5 62.0347
    endloop
  endfacet
  facet normal 0 1 0
    outer loop
      vertex 7.81436 10.5 59.7016
      vertex 9.47877 10.5 62.0347
      vertex 9.47463 10.5 61.9539
    endloop
  endfacet
  facet normal 0 1 0
    outer loop
      vertex 7.81436 10.5 59.7016
      vertex 9.47463 10.5 61.9539
      vertex 9.47256 10.5 61.8732
    endloop
  endfacet
  facet normal 0 1 0
    outer loop
      vertex 7.81436 10.5 59.7016
      vertex 9.47256 10.5 61.8732
      vertex 9.47049 10.5 61.7966
    endloop
  endfacet
  facet normal 0 1 0
    outer loop
      vertex 7.81436 10.5 59.7016
      vertex 9.47049 10.5 61.7966
      vertex 9.46635 10.5 61.7241
    endloop
  endfacet
  facet normal 0 1 0
    outer loop
      vertex 7.81436 10.5 59.7016
      vertex 9.46635 10.5 61.7241
      vertex 9.46428 10.5 61.6517
    endloop
  endfacet
  facet normal 0 1 0
    outer loop
      vertex 7.81436 10.5 59.7016
      vertex 9.46428 10.5 61.6517
      vertex 9.46014 10.5 61.5834
    endloop
  endfacet
  facet normal 0 1 0
    outer loop
      vertex 7.81436 10.5 59.7016
      vertex 9.46014 10.5 61.5834
      vertex 9.456 10.5 61.5171
    endloop
  endfacet
  facet normal 0 1 0
    outer loop
      vertex 7.81436 10.5 59.7016
      vertex 9.456 10.5 61.5171
      vertex 9.45186 10.5 61.453
    endloop
  endfacet
  facet normal 0 1 0
    outer loop
      vertex 7.81436 10.5 59.7016
      vertex 9.45186 10.5 61.453
      vertex 9.44772 10.5 61.3908
    endloop
  endfacet
  facet normal 0 1 0
    outer loop
      vertex 7.81436 10.5 59.7016
      vertex 9.44772 10.5 61.3908
      vertex 9.44358 10.5 61.3329
    endloop
  endfacet
  facet normal 0 1 0
    outer loop
      vertex 7.81436 10.5 59.7016
      vertex 9.44358 10.5 61.3329
      vertex 9.43944 10.5 61.277
    endloop
  endfacet
  facet normal 0 1 0
    outer loop
      vertex 7.81436 10.5 59.7016
      vertex 9.43944 10.5 61.277
      vertex 9.43322 10.5 61.2232
    endloop
  endfacet
  facet normal 0 1 0
    outer loop
      vertex 7.81436 10.5 59.7016
      vertex 9.43322 10.5 61.2232
      vertex 9.42908 10.5 61.1714
    endloop
  endfacet
  facet normal 0 1 0
    outer loop
      vertex 7.81436 10.5 59.7016
      vertex 9.42908 10.5 61.1714
      vertex 9.34628 10.5 60.1156
    endloop
  endfacet
  facet normal 0 1 0
    outer loop
      vertex 9.48084 10.5 62.1175
      vertex 7.81436 10.5 59.7016
      vertex 7.81436 10.5 64.7528
    endloop
  endfacet
  facet normal 0.219448 0.975624 -0
    outer loop
      vertex 13.2289 10.4101 0
      vertex 13.0853 10.4424 80
      vertex 13.2289 10.4101 80
    endloop
  endfacet
  facet normal 0.219448 0.975624 0
    outer loop
      vertex 13.0853 10.4424 80
      vertex 13.2289 10.4101 0
      vertex 13.0853 10.4424 0
    endloop
  endfacet
  facet normal -0.689677 0.724117 0
    outer loop
      vertex -14.5147 9.72285 0
      vertex -14.6213 9.62132 80
      vertex -14.5147 9.72285 80
    endloop
  endfacet
  facet normal -0.689677 0.724117 0
    outer loop
      vertex -14.6213 9.62132 80
      vertex -14.5147 9.72285 0
      vertex -14.6213 9.62132 0
    endloop
  endfacet
  facet normal 0.404877 -0.914371 0
    outer loop
      vertex 13.6481 -10.2716 0
      vertex 13.7827 -10.212 80
      vertex 13.6481 -10.2716 80
    endloop
  endfacet
  facet normal 0.404877 -0.914371 0
    outer loop
      vertex 13.7827 -10.212 80
      vertex 13.6481 -10.2716 0
      vertex 13.7827 -10.212 0
    endloop
  endfacet
  facet normal 0.313579 -0.949562 0
    outer loop
      vertex 13.3708 -10.3708 0
      vertex 13.5107 -10.3246 80
      vertex 13.3708 -10.3708 80
    endloop
  endfacet
  facet normal 0.313579 -0.949562 0
    outer loop
      vertex 13.5107 -10.3246 80
      vertex 13.3708 -10.3708 0
      vertex 13.5107 -10.3246 0
    endloop
  endfacet
  facet normal 0.615167 0.788397 -0
    outer loop
      vertex 14.4032 9.81903 0
      vertex 14.2871 9.90962 80
      vertex 14.4032 9.81903 80
    endloop
  endfacet
  facet normal 0.615167 0.788397 0
    outer loop
      vertex 14.2871 9.90962 80
      vertex 14.4032 9.81903 0
      vertex 14.2871 9.90962 0
    endloop
  endfacet
  facet normal -0.170453 0.985366 0
    outer loop
      vertex -12.9402 10.4675 0
      vertex -13.0853 10.4424 80
      vertex -12.9402 10.4675 80
    endloop
  endfacet
  facet normal -0.170453 0.985366 0
    outer loop
      vertex -13.0853 10.4424 80
      vertex -12.9402 10.4675 0
      vertex -13.0853 10.4424 0
    endloop
  endfacet
  facet normal 0.266908 -0.963722 0
    outer loop
      vertex 13.2289 -10.4101 0
      vertex 13.3708 -10.3708 80
      vertex 13.2289 -10.4101 80
    endloop
  endfacet
  facet normal 0.266908 -0.963722 0
    outer loop
      vertex 13.3708 -10.3708 80
      vertex 13.2289 -10.4101 0
      vertex 13.3708 -10.3708 0
    endloop
  endfacet
  facet normal 0.57583 0.81757 -0
    outer loop
      vertex 14.2871 9.90962 0
      vertex 14.1667 9.99442 80
      vertex 14.2871 9.90962 80
    endloop
  endfacet
  facet normal 0.57583 0.81757 0
    outer loop
      vertex 14.1667 9.99442 80
      vertex 14.2871 9.90962 0
      vertex 14.1667 9.99442 0
    endloop
  endfacet
  facet normal 0.0739967 0.997258 -0
    outer loop
      vertex 12.7941 10.4855 0
      vertex 12.6472 10.4964 80
      vertex 12.7941 10.4855 80
    endloop
  endfacet
  facet normal 0.0739967 0.997258 0
    outer loop
      vertex 12.6472 10.4964 80
      vertex 12.7941 10.4855 0
      vertex 12.6472 10.4964 0
    endloop
  endfacet
  facet normal -0.313579 -0.949562 0
    outer loop
      vertex -13.5107 -10.3246 0
      vertex -13.3708 -10.3708 80
      vertex -13.5107 -10.3246 80
    endloop
  endfacet
  facet normal -0.313579 -0.949562 -0
    outer loop
      vertex -13.3708 -10.3708 80
      vertex -13.5107 -10.3246 0
      vertex -13.3708 -10.3708 0
    endloop
  endfacet
  facet normal -0.844798 -0.535086 0
    outer loop
      vertex -14.9944 -9.16672 0
      vertex -15.0732 -9.04231 80
      vertex -15.0732 -9.04231 0
    endloop
  endfacet
  facet normal -0.844798 -0.535086 0
    outer loop
      vertex -15.0732 -9.04231 80
      vertex -14.9944 -9.16672 0
      vertex -14.9944 -9.16672 80
    endloop
  endfacet
  facet normal 0.359889 -0.932995 0
    outer loop
      vertex 13.5107 -10.3246 0
      vertex 13.6481 -10.2716 80
      vertex 13.5107 -10.3246 80
    endloop
  endfacet
  facet normal 0.359889 -0.932995 0
    outer loop
      vertex 13.6481 -10.2716 80
      vertex 13.5107 -10.3246 0
      vertex 13.6481 -10.2716 0
    endloop
  endfacet
  facet normal -0.449657 -0.893201 0
    outer loop
      vertex -13.9142 -10.1458 0
      vertex -13.7827 -10.212 80
      vertex -13.9142 -10.1458 80
    endloop
  endfacet
  facet normal -0.449657 -0.893201 -0
    outer loop
      vertex -13.7827 -10.212 80
      vertex -13.9142 -10.1458 0
      vertex -13.7827 -10.212 0
    endloop
  endfacet
  facet normal -0.0244492 -0.999701 0
    outer loop
      vertex -12.6472 -10.4964 0
      vertex -12.5 -10.5 80
      vertex -12.6472 -10.4964 80
    endloop
  endfacet
  facet normal -0.0244492 -0.999701 -0
    outer loop
      vertex -12.5 -10.5 80
      vertex -12.6472 -10.4964 0
      vertex -12.5 -10.5 0
    endloop
  endfacet
  facet normal 0.359889 0.932995 -0
    outer loop
      vertex 13.6481 10.2716 0
      vertex 13.5107 10.3246 80
      vertex 13.6481 10.2716 80
    endloop
  endfacet
  facet normal 0.359889 0.932995 0
    outer loop
      vertex 13.5107 10.3246 80
      vertex 13.6481 10.2716 0
      vertex 13.5107 10.3246 0
    endloop
  endfacet
  facet normal -0.404877 -0.914371 0
    outer loop
      vertex -13.7827 -10.212 0
      vertex -13.6481 -10.2716 80
      vertex -13.7827 -10.212 80
    endloop
  endfacet
  facet normal -0.404877 -0.914371 -0
    outer loop
      vertex -13.6481 -10.2716 80
      vertex -13.7827 -10.212 0
      vertex -13.6481 -10.2716 0
    endloop
  endfacet
  facet normal -0.914382 -0.404852 0
    outer loop
      vertex -15.212 -8.78267 0
      vertex -15.2716 -8.64806 80
      vertex -15.2716 -8.64806 0
    endloop
  endfacet
  facet normal -0.914382 -0.404852 0
    outer loop
      vertex -15.2716 -8.64806 80
      vertex -15.212 -8.78267 0
      vertex -15.212 -8.78267 80
    endloop
  endfacet
  facet normal -0.359889 0.932995 0
    outer loop
      vertex -13.5107 10.3246 0
      vertex -13.6481 10.2716 80
      vertex -13.5107 10.3246 80
    endloop
  endfacet
  facet normal -0.359889 0.932995 0
    outer loop
      vertex -13.6481 10.2716 80
      vertex -13.5107 10.3246 0
      vertex -13.6481 10.2716 0
    endloop
  endfacet
  facet normal 0.122279 -0.992496 0
    outer loop
      vertex 12.7941 -10.4855 0
      vertex 12.9402 -10.4675 80
      vertex 12.7941 -10.4855 80
    endloop
  endfacet
  facet normal 0.122279 -0.992496 0
    outer loop
      vertex 12.9402 -10.4675 80
      vertex 12.7941 -10.4855 0
      vertex 12.9402 -10.4675 0
    endloop
  endfacet
  facet normal 0.724009 0.689791 0
    outer loop
      vertex 14.7229 9.51468 80
      vertex 14.6213 9.62132 0
      vertex 14.6213 9.62132 80
    endloop
  endfacet
  facet normal 0.724009 0.689791 0
    outer loop
      vertex 14.6213 9.62132 0
      vertex 14.7229 9.51468 80
      vertex 14.7229 9.51468 0
    endloop
  endfacet
  facet normal 0.122279 0.992496 -0
    outer loop
      vertex 12.9402 10.4675 0
      vertex 12.7941 10.4855 80
      vertex 12.9402 10.4675 80
    endloop
  endfacet
  facet normal 0.122279 0.992496 0
    outer loop
      vertex 12.7941 10.4855 80
      vertex 12.9402 10.4675 0
      vertex 12.7941 10.4855 0
    endloop
  endfacet
  facet normal -0.893215 0.44963 0
    outer loop
      vertex -15.212 8.78267 0
      vertex -15.1458 8.91418 80
      vertex -15.1458 8.91418 0
    endloop
  endfacet
  facet normal -0.893215 0.44963 0
    outer loop
      vertex -15.1458 8.91418 80
      vertex -15.212 8.78267 0
      vertex -15.212 8.78267 80
    endloop
  endfacet
  facet normal -0.757479 -0.652859 0
    outer loop
      vertex -14.7229 -9.51468 0
      vertex -14.819 -9.40318 80
      vertex -14.819 -9.40318 0
    endloop
  endfacet
  facet normal -0.757479 -0.652859 0
    outer loop
      vertex -14.819 -9.40318 80
      vertex -14.7229 -9.51468 0
      vertex -14.7229 -9.51468 80
    endloop
  endfacet
  facet normal 0.844798 0.535086 0
    outer loop
      vertex 15.0732 9.04231 80
      vertex 14.9944 9.16672 0
      vertex 14.9944 9.16672 80
    endloop
  endfacet
  facet normal 0.844798 0.535086 0
    outer loop
      vertex 14.9944 9.16672 0
      vertex 15.0732 9.04231 80
      vertex 15.0732 9.04231 0
    endloop
  endfacet
  facet normal 0.997257 -0.0740218 0
    outer loop
      vertex 15.4855 -7.79405 80
      vertex 15.4964 -7.6472 0
      vertex 15.4964 -7.6472 80
    endloop
  endfacet
  facet normal 0.997257 -0.0740218 0
    outer loop
      vertex 15.4964 -7.6472 0
      vertex 15.4855 -7.79405 80
      vertex 15.4855 -7.79405 0
    endloop
  endfacet
  facet normal -0.817502 -0.575926 0
    outer loop
      vertex -14.9096 -9.28709 0
      vertex -14.9944 -9.16672 80
      vertex -14.9944 -9.16672 0
    endloop
  endfacet
  facet normal -0.817502 -0.575926 0
    outer loop
      vertex -14.9944 -9.16672 80
      vertex -14.9096 -9.28709 0
      vertex -14.9096 -9.28709 80
    endloop
  endfacet
  facet normal 0.999701 -0.0244492 0
    outer loop
      vertex 15.4964 -7.6472 80
      vertex 15.5 -7.5 0
      vertex 15.5 -7.5 80
    endloop
  endfacet
  facet normal 0.999701 -0.0244492 0
    outer loop
      vertex 15.5 -7.5 0
      vertex 15.4964 -7.6472 80
      vertex 15.4964 -7.6472 0
    endloop
  endfacet
  facet normal 0.53502 -0.84484 0
    outer loop
      vertex 14.0423 -10.0732 0
      vertex 14.1667 -9.99442 80
      vertex 14.0423 -10.0732 80
    endloop
  endfacet
  facet normal 0.53502 -0.84484 0
    outer loop
      vertex 14.1667 -9.99442 80
      vertex 14.0423 -10.0732 0
      vertex 14.1667 -9.99442 0
    endloop
  endfacet
  facet normal 0.653171 -0.757211 0
    outer loop
      vertex 14.4032 -9.81903 0
      vertex 14.5147 -9.72285 80
      vertex 14.4032 -9.81903 80
    endloop
  endfacet
  facet normal 0.653171 -0.757211 0
    outer loop
      vertex 14.5147 -9.72285 80
      vertex 14.4032 -9.81903 0
      vertex 14.5147 -9.72285 0
    endloop
  endfacet
  facet normal -0.724009 0.689791 0
    outer loop
      vertex -14.7229 9.51468 0
      vertex -14.6213 9.62132 80
      vertex -14.6213 9.62132 0
    endloop
  endfacet
  facet normal -0.724009 0.689791 0
    outer loop
      vertex -14.6213 9.62132 80
      vertex -14.7229 9.51468 0
      vertex -14.7229 9.51468 80
    endloop
  endfacet
  facet normal -0.975647 0.219346 0
    outer loop
      vertex -15.4424 8.08527 0
      vertex -15.4101 8.22894 80
      vertex -15.4101 8.22894 0
    endloop
  endfacet
  facet normal -0.975647 0.219346 0
    outer loop
      vertex -15.4101 8.22894 80
      vertex -15.4424 8.08527 0
      vertex -15.4424 8.08527 80
    endloop
  endfacet
  facet normal 0.949509 -0.313741 0
    outer loop
      vertex 15.3246 -8.51067 80
      vertex 15.3708 -8.37085 0
      vertex 15.3708 -8.37085 80
    endloop
  endfacet
  facet normal 0.949509 -0.313741 0
    outer loop
      vertex 15.3708 -8.37085 0
      vertex 15.3246 -8.51067 80
      vertex 15.3246 -8.51067 0
    endloop
  endfacet
  facet normal 0.914382 -0.404852 0
    outer loop
      vertex 15.212 -8.78267 80
      vertex 15.2716 -8.64806 0
      vertex 15.2716 -8.64806 80
    endloop
  endfacet
  facet normal 0.914382 -0.404852 0
    outer loop
      vertex 15.2716 -8.64806 0
      vertex 15.212 -8.78267 80
      vertex 15.212 -8.78267 0
    endloop
  endfacet
  facet normal -0.122279 -0.992496 0
    outer loop
      vertex -12.9402 -10.4675 0
      vertex -12.7941 -10.4855 80
      vertex -12.9402 -10.4675 80
    endloop
  endfacet
  facet normal -0.122279 -0.992496 -0
    outer loop
      vertex -12.7941 -10.4855 80
      vertex -12.9402 -10.4675 0
      vertex -12.7941 -10.4855 0
    endloop
  endfacet
  facet normal -0.449657 0.893201 0
    outer loop
      vertex -13.7827 10.212 0
      vertex -13.9142 10.1458 80
      vertex -13.7827 10.212 80
    endloop
  endfacet
  facet normal -0.449657 0.893201 0
    outer loop
      vertex -13.9142 10.1458 80
      vertex -13.7827 10.212 0
      vertex -13.9142 10.1458 0
    endloop
  endfacet
  facet normal -0.9925 0.122246 0
    outer loop
      vertex -15.4855 7.79405 0
      vertex -15.4675 7.94019 80
      vertex -15.4675 7.94019 0
    endloop
  endfacet
  facet normal -0.9925 0.122246 0
    outer loop
      vertex -15.4675 7.94019 80
      vertex -15.4855 7.79405 0
      vertex -15.4855 7.79405 80
    endloop
  endfacet
  facet normal -0.0244492 0.999701 0
    outer loop
      vertex -12.5 10.5 0
      vertex -12.6472 10.4964 80
      vertex -12.5 10.5 80
    endloop
  endfacet
  facet normal -0.0244492 0.999701 0
    outer loop
      vertex -12.6472 10.4964 80
      vertex -12.5 10.5 0
      vertex -12.6472 10.4964 0
    endloop
  endfacet
  facet normal -0.0739967 -0.997258 0
    outer loop
      vertex -12.7941 -10.4855 0
      vertex -12.6472 -10.4964 80
      vertex -12.7941 -10.4855 80
    endloop
  endfacet
  facet normal -0.0739967 -0.997258 -0
    outer loop
      vertex -12.6472 -10.4964 80
      vertex -12.7941 -10.4855 0
      vertex -12.6472 -10.4964 0
    endloop
  endfacet
  facet normal 0.0244492 0.999701 -0
    outer loop
      vertex 12.6472 10.4964 0
      vertex 12.5 10.5 80
      vertex 12.6472 10.4964 80
    endloop
  endfacet
  facet normal 0.0244492 0.999701 0
    outer loop
      vertex 12.5 10.5 80
      vertex 12.6472 10.4964 0
      vertex 12.5 10.5 0
    endloop
  endfacet
  facet normal 0.844798 -0.535086 0
    outer loop
      vertex 14.9944 -9.16672 80
      vertex 15.0732 -9.04231 0
      vertex 15.0732 -9.04231 80
    endloop
  endfacet
  facet normal 0.844798 -0.535086 0
    outer loop
      vertex 15.0732 -9.04231 0
      vertex 14.9944 -9.16672 80
      vertex 14.9944 -9.16672 0
    endloop
  endfacet
  facet normal -0.493064 0.869993 0
    outer loop
      vertex -13.9142 10.1458 0
      vertex -14.0423 10.0732 80
      vertex -13.9142 10.1458 80
    endloop
  endfacet
  facet normal -0.493064 0.869993 0
    outer loop
      vertex -14.0423 10.0732 80
      vertex -13.9142 10.1458 0
      vertex -14.0423 10.0732 0
    endloop
  endfacet
  facet normal -0.219448 -0.975624 0
    outer loop
      vertex -13.2289 -10.4101 0
      vertex -13.0853 -10.4424 80
      vertex -13.2289 -10.4101 80
    endloop
  endfacet
  facet normal -0.219448 -0.975624 -0
    outer loop
      vertex -13.0853 -10.4424 80
      vertex -13.2289 -10.4101 0
      vertex -13.0853 -10.4424 0
    endloop
  endfacet
  facet normal -0.266908 0.963722 0
    outer loop
      vertex -13.2289 10.4101 0
      vertex -13.3708 10.3708 80
      vertex -13.2289 10.4101 80
    endloop
  endfacet
  facet normal -0.266908 0.963722 0
    outer loop
      vertex -13.3708 10.3708 80
      vertex -13.2289 10.4101 0
      vertex -13.3708 10.3708 0
    endloop
  endfacet
  facet normal -0.615167 0.788397 0
    outer loop
      vertex -14.2871 9.90962 0
      vertex -14.4032 9.81903 80
      vertex -14.2871 9.90962 80
    endloop
  endfacet
  facet normal -0.615167 0.788397 0
    outer loop
      vertex -14.4032 9.81903 80
      vertex -14.2871 9.90962 0
      vertex -14.4032 9.81903 0
    endloop
  endfacet
  facet normal 0.757479 0.652859 0
    outer loop
      vertex 14.819 9.40318 80
      vertex 14.7229 9.51468 0
      vertex 14.7229 9.51468 80
    endloop
  endfacet
  facet normal 0.757479 0.652859 0
    outer loop
      vertex 14.7229 9.51468 0
      vertex 14.819 9.40318 80
      vertex 14.819 9.40318 0
    endloop
  endfacet
  facet normal -0.949509 0.313741 0
    outer loop
      vertex -15.3708 8.37085 0
      vertex -15.3246 8.51067 80
      vertex -15.3246 8.51067 0
    endloop
  endfacet
  facet normal -0.949509 0.313741 0
    outer loop
      vertex -15.3246 8.51067 80
      vertex -15.3708 8.37085 0
      vertex -15.3708 8.37085 80
    endloop
  endfacet
  facet normal 0.997257 0.0740218 0
    outer loop
      vertex 15.4964 7.6472 80
      vertex 15.4855 7.79405 0
      vertex 15.4855 7.79405 80
    endloop
  endfacet
  facet normal 0.997257 0.0740218 0
    outer loop
      vertex 15.4855 7.79405 0
      vertex 15.4964 7.6472 80
      vertex 15.4964 7.6472 0
    endloop
  endfacet
  facet normal 0.57583 -0.81757 0
    outer loop
      vertex 14.1667 -9.99442 0
      vertex 14.2871 -9.90962 80
      vertex 14.1667 -9.99442 80
    endloop
  endfacet
  facet normal 0.57583 -0.81757 0
    outer loop
      vertex 14.2871 -9.90962 80
      vertex 14.1667 -9.99442 0
      vertex 14.2871 -9.90962 0
    endloop
  endfacet
  facet normal -0.0739967 0.997258 0
    outer loop
      vertex -12.6472 10.4964 0
      vertex -12.7941 10.4855 80
      vertex -12.6472 10.4964 80
    endloop
  endfacet
  facet normal -0.0739967 0.997258 0
    outer loop
      vertex -12.7941 10.4855 80
      vertex -12.6472 10.4964 0
      vertex -12.7941 10.4855 0
    endloop
  endfacet
  facet normal 0.219448 -0.975624 0
    outer loop
      vertex 13.0853 -10.4424 0
      vertex 13.2289 -10.4101 80
      vertex 13.0853 -10.4424 80
    endloop
  endfacet
  facet normal 0.219448 -0.975624 0
    outer loop
      vertex 13.2289 -10.4101 80
      vertex 13.0853 -10.4424 0
      vertex 13.2289 -10.4101 0
    endloop
  endfacet
  facet normal -0.817502 0.575926 0
    outer loop
      vertex -14.9944 9.16672 0
      vertex -14.9096 9.28709 80
      vertex -14.9096 9.28709 0
    endloop
  endfacet
  facet normal -0.817502 0.575926 0
    outer loop
      vertex -14.9096 9.28709 80
      vertex -14.9944 9.16672 0
      vertex -14.9944 9.16672 80
    endloop
  endfacet
  facet normal -0.689677 -0.724117 0
    outer loop
      vertex -14.6213 -9.62132 0
      vertex -14.5147 -9.72285 80
      vertex -14.6213 -9.62132 80
    endloop
  endfacet
  facet normal -0.689677 -0.724117 -0
    outer loop
      vertex -14.5147 -9.72285 80
      vertex -14.6213 -9.62132 0
      vertex -14.5147 -9.72285 0
    endloop
  endfacet
  facet normal -0.985362 0.170475 0
    outer loop
      vertex -15.4675 7.94019 0
      vertex -15.4424 8.08527 80
      vertex -15.4424 8.08527 0
    endloop
  endfacet
  facet normal -0.985362 0.170475 0
    outer loop
      vertex -15.4424 8.08527 80
      vertex -15.4675 7.94019 0
      vertex -15.4675 7.94019 80
    endloop
  endfacet
  facet normal 0.975647 0.219346 0
    outer loop
      vertex 15.4424 8.08527 80
      vertex 15.4101 8.22894 0
      vertex 15.4101 8.22894 80
    endloop
  endfacet
  facet normal 0.975647 0.219346 0
    outer loop
      vertex 15.4101 8.22894 0
      vertex 15.4424 8.08527 80
      vertex 15.4424 8.08527 0
    endloop
  endfacet
  facet normal -0.997257 -0.0740218 0
    outer loop
      vertex -15.4855 -7.79405 0
      vertex -15.4964 -7.6472 80
      vertex -15.4964 -7.6472 0
    endloop
  endfacet
  facet normal -0.997257 -0.0740218 0
    outer loop
      vertex -15.4964 -7.6472 80
      vertex -15.4855 -7.79405 0
      vertex -15.4855 -7.79405 80
    endloop
  endfacet
  facet normal -0.975647 -0.219346 0
    outer loop
      vertex -15.4101 -8.22894 0
      vertex -15.4424 -8.08527 80
      vertex -15.4424 -8.08527 0
    endloop
  endfacet
  facet normal -0.975647 -0.219346 0
    outer loop
      vertex -15.4424 -8.08527 80
      vertex -15.4101 -8.22894 0
      vertex -15.4101 -8.22894 80
    endloop
  endfacet
  facet normal -0.870043 0.492977 0
    outer loop
      vertex -15.1458 8.91418 0
      vertex -15.0732 9.04231 80
      vertex -15.0732 9.04231 0
    endloop
  endfacet
  facet normal -0.870043 0.492977 0
    outer loop
      vertex -15.0732 9.04231 80
      vertex -15.1458 8.91418 0
      vertex -15.1458 8.91418 80
    endloop
  endfacet
  facet normal -0.724009 -0.689791 0
    outer loop
      vertex -14.6213 -9.62132 0
      vertex -14.7229 -9.51468 80
      vertex -14.7229 -9.51468 0
    endloop
  endfacet
  facet normal -0.724009 -0.689791 0
    outer loop
      vertex -14.7229 -9.51468 80
      vertex -14.6213 -9.62132 0
      vertex -14.6213 -9.62132 80
    endloop
  endfacet
  facet normal 0.9925 0.122246 0
    outer loop
      vertex 15.4855 7.79405 80
      vertex 15.4675 7.94019 0
      vertex 15.4675 7.94019 80
    endloop
  endfacet
  facet normal 0.9925 0.122246 0
    outer loop
      vertex 15.4675 7.94019 0
      vertex 15.4855 7.79405 80
      vertex 15.4855 7.79405 0
    endloop
  endfacet
  facet normal 0.724009 -0.689791 0
    outer loop
      vertex 14.6213 -9.62132 80
      vertex 14.7229 -9.51468 0
      vertex 14.7229 -9.51468 80
    endloop
  endfacet
  facet normal 0.724009 -0.689791 0
    outer loop
      vertex 14.7229 -9.51468 0
      vertex 14.6213 -9.62132 80
      vertex 14.6213 -9.62132 0
    endloop
  endfacet
  facet normal 0.0739967 -0.997258 0
    outer loop
      vertex 12.6472 -10.4964 0
      vertex 12.7941 -10.4855 80
      vertex 12.6472 -10.4964 80
    endloop
  endfacet
  facet normal 0.0739967 -0.997258 0
    outer loop
      vertex 12.7941 -10.4855 80
      vertex 12.6472 -10.4964 0
      vertex 12.7941 -10.4855 0
    endloop
  endfacet
  facet normal -0.493064 -0.869993 0
    outer loop
      vertex -14.0423 -10.0732 0
      vertex -13.9142 -10.1458 80
      vertex -14.0423 -10.0732 80
    endloop
  endfacet
  facet normal -0.493064 -0.869993 -0
    outer loop
      vertex -13.9142 -10.1458 80
      vertex -14.0423 -10.0732 0
      vertex -13.9142 -10.1458 0
    endloop
  endfacet
  facet normal 0.9925 -0.122246 0
    outer loop
      vertex 15.4675 -7.94019 80
      vertex 15.4855 -7.79405 0
      vertex 15.4855 -7.79405 80
    endloop
  endfacet
  facet normal 0.9925 -0.122246 0
    outer loop
      vertex 15.4855 -7.79405 0
      vertex 15.4675 -7.94019 80
      vertex 15.4675 -7.94019 0
    endloop
  endfacet
  facet normal -0.949509 -0.313741 0
    outer loop
      vertex -15.3246 -8.51067 0
      vertex -15.3708 -8.37085 80
      vertex -15.3708 -8.37085 0
    endloop
  endfacet
  facet normal -0.949509 -0.313741 0
    outer loop
      vertex -15.3708 -8.37085 80
      vertex -15.3246 -8.51067 0
      vertex -15.3246 -8.51067 80
    endloop
  endfacet
  facet normal 0.493064 -0.869993 0
    outer loop
      vertex 13.9142 -10.1458 0
      vertex 14.0423 -10.0732 80
      vertex 13.9142 -10.1458 80
    endloop
  endfacet
  facet normal 0.493064 -0.869993 0
    outer loop
      vertex 14.0423 -10.0732 80
      vertex 13.9142 -10.1458 0
      vertex 14.0423 -10.0732 0
    endloop
  endfacet
  facet normal 0.893215 -0.44963 0
    outer loop
      vertex 15.1458 -8.91418 80
      vertex 15.212 -8.78267 0
      vertex 15.212 -8.78267 80
    endloop
  endfacet
  facet normal 0.893215 -0.44963 0
    outer loop
      vertex 15.212 -8.78267 0
      vertex 15.1458 -8.91418 80
      vertex 15.1458 -8.91418 0
    endloop
  endfacet
  facet normal 0.963727 0.266891 0
    outer loop
      vertex 15.4101 8.22894 80
      vertex 15.3708 8.37085 0
      vertex 15.3708 8.37085 80
    endloop
  endfacet
  facet normal 0.963727 0.266891 0
    outer loop
      vertex 15.3708 8.37085 0
      vertex 15.4101 8.22894 80
      vertex 15.4101 8.22894 0
    endloop
  endfacet
  facet normal -0.870043 -0.492977 0
    outer loop
      vertex -15.0732 -9.04231 0
      vertex -15.1458 -8.91418 80
      vertex -15.1458 -8.91418 0
    endloop
  endfacet
  facet normal -0.870043 -0.492977 0
    outer loop
      vertex -15.1458 -8.91418 80
      vertex -15.0732 -9.04231 0
      vertex -15.0732 -9.04231 80
    endloop
  endfacet
  facet normal 0.817502 0.575926 0
    outer loop
      vertex 14.9944 9.16672 80
      vertex 14.9096 9.28709 0
      vertex 14.9096 9.28709 80
    endloop
  endfacet
  facet normal 0.817502 0.575926 0
    outer loop
      vertex 14.9096 9.28709 0
      vertex 14.9944 9.16672 80
      vertex 14.9944 9.16672 0
    endloop
  endfacet
  facet normal 0.932986 0.359912 0
    outer loop
      vertex 15.3246 8.51067 80
      vertex 15.2716 8.64806 0
      vertex 15.2716 8.64806 80
    endloop
  endfacet
  facet normal 0.932986 0.359912 0
    outer loop
      vertex 15.2716 8.64806 0
      vertex 15.3246 8.51067 80
      vertex 15.3246 8.51067 0
    endloop
  endfacet
  facet normal -0.219448 0.975624 0
    outer loop
      vertex -13.0853 10.4424 0
      vertex -13.2289 10.4101 80
      vertex -13.0853 10.4424 80
    endloop
  endfacet
  facet normal -0.219448 0.975624 0
    outer loop
      vertex -13.2289 10.4101 80
      vertex -13.0853 10.4424 0
      vertex -13.2289 10.4101 0
    endloop
  endfacet
  facet normal 0.963727 -0.266891 0
    outer loop
      vertex 15.3708 -8.37085 80
      vertex 15.4101 -8.22894 0
      vertex 15.4101 -8.22894 80
    endloop
  endfacet
  facet normal 0.963727 -0.266891 0
    outer loop
      vertex 15.4101 -8.22894 0
      vertex 15.3708 -8.37085 80
      vertex 15.3708 -8.37085 0
    endloop
  endfacet
  facet normal 0.914382 0.404852 0
    outer loop
      vertex 15.2716 8.64806 80
      vertex 15.212 8.78267 0
      vertex 15.212 8.78267 80
    endloop
  endfacet
  facet normal 0.914382 0.404852 0
    outer loop
      vertex 15.212 8.78267 0
      vertex 15.2716 8.64806 80
      vertex 15.2716 8.64806 0
    endloop
  endfacet
  facet normal -0.985362 -0.170475 0
    outer loop
      vertex -15.4424 -8.08527 0
      vertex -15.4675 -7.94019 80
      vertex -15.4675 -7.94019 0
    endloop
  endfacet
  facet normal -0.985362 -0.170475 0
    outer loop
      vertex -15.4675 -7.94019 80
      vertex -15.4424 -8.08527 0
      vertex -15.4424 -8.08527 80
    endloop
  endfacet
  facet normal -0.788338 -0.615242 0
    outer loop
      vertex -14.819 -9.40318 0
      vertex -14.9096 -9.28709 80
      vertex -14.9096 -9.28709 0
    endloop
  endfacet
  facet normal -0.788338 -0.615242 0
    outer loop
      vertex -14.9096 -9.28709 80
      vertex -14.819 -9.40318 0
      vertex -14.819 -9.40318 80
    endloop
  endfacet
  facet normal -0.932986 -0.359912 0
    outer loop
      vertex -15.2716 -8.64806 0
      vertex -15.3246 -8.51067 80
      vertex -15.3246 -8.51067 0
    endloop
  endfacet
  facet normal -0.932986 -0.359912 0
    outer loop
      vertex -15.3246 -8.51067 80
      vertex -15.2716 -8.64806 0
      vertex -15.2716 -8.64806 80
    endloop
  endfacet
  facet normal 0.653171 0.757211 -0
    outer loop
      vertex 14.5147 9.72285 0
      vertex 14.4032 9.81903 80
      vertex 14.5147 9.72285 80
    endloop
  endfacet
  facet normal 0.653171 0.757211 0
    outer loop
      vertex 14.4032 9.81903 80
      vertex 14.5147 9.72285 0
      vertex 14.4032 9.81903 0
    endloop
  endfacet
  facet normal 0.975647 -0.219346 0
    outer loop
      vertex 15.4101 -8.22894 80
      vertex 15.4424 -8.08527 0
      vertex 15.4424 -8.08527 80
    endloop
  endfacet
  facet normal 0.975647 -0.219346 0
    outer loop
      vertex 15.4424 -8.08527 0
      vertex 15.4101 -8.22894 80
      vertex 15.4101 -8.22894 0
    endloop
  endfacet
  facet normal -0.932986 0.359912 0
    outer loop
      vertex -15.3246 8.51067 0
      vertex -15.2716 8.64806 80
      vertex -15.2716 8.64806 0
    endloop
  endfacet
  facet normal -0.932986 0.359912 0
    outer loop
      vertex -15.2716 8.64806 80
      vertex -15.3246 8.51067 0
      vertex -15.3246 8.51067 80
    endloop
  endfacet
  facet normal -0.53502 -0.84484 0
    outer loop
      vertex -14.1667 -9.99442 0
      vertex -14.0423 -10.0732 80
      vertex -14.1667 -9.99442 80
    endloop
  endfacet
  facet normal -0.53502 -0.84484 -0
    outer loop
      vertex -14.0423 -10.0732 80
      vertex -14.1667 -9.99442 0
      vertex -14.0423 -10.0732 0
    endloop
  endfacet
  facet normal 0.689677 0.724117 -0
    outer loop
      vertex 14.6213 9.62132 0
      vertex 14.5147 9.72285 80
      vertex 14.6213 9.62132 80
    endloop
  endfacet
  facet normal 0.689677 0.724117 0
    outer loop
      vertex 14.5147 9.72285 80
      vertex 14.6213 9.62132 0
      vertex 14.5147 9.72285 0
    endloop
  endfacet
  facet normal 0.757479 -0.652859 0
    outer loop
      vertex 14.7229 -9.51468 80
      vertex 14.819 -9.40318 0
      vertex 14.819 -9.40318 80
    endloop
  endfacet
  facet normal 0.757479 -0.652859 0
    outer loop
      vertex 14.819 -9.40318 0
      vertex 14.7229 -9.51468 80
      vertex 14.7229 -9.51468 0
    endloop
  endfacet
  facet normal 0.788338 0.615242 0
    outer loop
      vertex 14.9096 9.28709 80
      vertex 14.819 9.40318 0
      vertex 14.819 9.40318 80
    endloop
  endfacet
  facet normal 0.788338 0.615242 0
    outer loop
      vertex 14.819 9.40318 0
      vertex 14.9096 9.28709 80
      vertex 14.9096 9.28709 0
    endloop
  endfacet
  facet normal -0.313579 0.949562 0
    outer loop
      vertex -13.3708 10.3708 0
      vertex -13.5107 10.3246 80
      vertex -13.3708 10.3708 80
    endloop
  endfacet
  facet normal -0.313579 0.949562 0
    outer loop
      vertex -13.5107 10.3246 80
      vertex -13.3708 10.3708 0
      vertex -13.5107 10.3246 0
    endloop
  endfacet
  facet normal 0.949509 0.313741 0
    outer loop
      vertex 15.3708 8.37085 80
      vertex 15.3246 8.51067 0
      vertex 15.3246 8.51067 80
    endloop
  endfacet
  facet normal 0.949509 0.313741 0
    outer loop
      vertex 15.3246 8.51067 0
      vertex 15.3708 8.37085 80
      vertex 15.3708 8.37085 0
    endloop
  endfacet
  facet normal 0.788338 -0.615242 0
    outer loop
      vertex 14.819 -9.40318 80
      vertex 14.9096 -9.28709 0
      vertex 14.9096 -9.28709 80
    endloop
  endfacet
  facet normal 0.788338 -0.615242 0
    outer loop
      vertex 14.9096 -9.28709 0
      vertex 14.819 -9.40318 80
      vertex 14.819 -9.40318 0
    endloop
  endfacet
  facet normal -0.893215 -0.44963 0
    outer loop
      vertex -15.1458 -8.91418 0
      vertex -15.212 -8.78267 80
      vertex -15.212 -8.78267 0
    endloop
  endfacet
  facet normal -0.893215 -0.44963 0
    outer loop
      vertex -15.212 -8.78267 80
      vertex -15.1458 -8.91418 0
      vertex -15.1458 -8.91418 80
    endloop
  endfacet
  facet normal 0 0 -1
    outer loop
      vertex 12.5 -10.5 0
      vertex 15.5 -7.5 0
      vertex 15.4964 -7.6472 0
    endloop
  endfacet
  facet normal 0 0 -1
    outer loop
      vertex 15.5 -7.5 0
      vertex 10.25 0 0
      vertex 15.5 7.5 0
    endloop
  endfacet
  facet normal 0 0 -1
    outer loop
      vertex 12.5 -10.5 0
      vertex 15.4964 -7.6472 0
      vertex 15.4855 -7.79405 0
    endloop
  endfacet
  facet normal 0 0 -1
    outer loop
      vertex 10.2461 0.15947 0
      vertex 15.5 7.5 0
      vertex 10.25 0 0
    endloop
  endfacet
  facet normal 0 0 -1
    outer loop
      vertex 12.5 -10.5 0
      vertex 15.4855 -7.79405 0
      vertex 15.4675 -7.94019 0
    endloop
  endfacet
  facet normal 0 0 -1
    outer loop
      vertex 10.2344 0.318555 0
      vertex 15.5 7.5 0
      vertex 10.2461 0.15947 0
    endloop
  endfacet
  facet normal 0 0 -1
    outer loop
      vertex 12.5 -10.5 0
      vertex 15.4675 -7.94019 0
      vertex 15.4424 -8.08527 0
    endloop
  endfacet
  facet normal 0 0 -1
    outer loop
      vertex 10.2148 0.476873 0
      vertex 15.5 7.5 0
      vertex 10.2344 0.318555 0
    endloop
  endfacet
  facet normal 0 0 -1
    outer loop
      vertex 12.5 -10.5 0
      vertex 15.4424 -8.08527 0
      vertex 15.4101 -8.22894 0
    endloop
  endfacet
  facet normal 0 0 -1
    outer loop
      vertex 10.1876 0.634043 0
      vertex 15.5 7.5 0
      vertex 10.2148 0.476873 0
    endloop
  endfacet
  facet normal 0 0 -1
    outer loop
      vertex 12.5 -10.5 0
      vertex 15.4101 -8.22894 0
      vertex 15.3708 -8.37085 0
    endloop
  endfacet
  facet normal 0 0 -1
    outer loop
      vertex 10.1526 0.789685 0
      vertex 15.5 7.5 0
      vertex 10.1876 0.634043 0
    endloop
  endfacet
  facet normal 0 0 -1
    outer loop
      vertex 12.5 -10.5 0
      vertex 15.3708 -8.37085 0
      vertex 15.3246 -8.51067 0
    endloop
  endfacet
  facet normal 0 0 -1
    outer loop
      vertex 10.1101 0.943425 0
      vertex 15.5 7.5 0
      vertex 10.1526 0.789685 0
    endloop
  endfacet
  facet normal 0 0 -1
    outer loop
      vertex 12.5 -10.5 0
      vertex 15.3246 -8.51067 0
      vertex 15.2716 -8.64806 0
    endloop
  endfacet
  facet normal 0 0 -1
    outer loop
      vertex 10.06 1.09489 0
      vertex 15.5 7.5 0
      vertex 10.1101 0.943425 0
    endloop
  endfacet
  facet normal 0 0 -1
    outer loop
      vertex 12.5 -10.5 0
      vertex 15.2716 -8.64806 0
      vertex 15.212 -8.78267 0
    endloop
  endfacet
  facet normal 0 0 -1
    outer loop
      vertex 10.0026 1.24372 0
      vertex 15.5 7.5 0
      vertex 10.06 1.09489 0
    endloop
  endfacet
  facet normal 0 0 -1
    outer loop
      vertex 12.5 -10.5 0
      vertex 15.212 -8.78267 0
      vertex 15.1458 -8.91418 0
    endloop
  endfacet
  facet normal 0 0 -1
    outer loop
      vertex 9.93796 1.38955 0
      vertex 15.5 7.5 0
      vertex 10.0026 1.24372 0
    endloop
  endfacet
  facet normal 0 0 -1
    outer loop
      vertex 12.5 -10.5 0
      vertex 15.1458 -8.91418 0
      vertex 15.0732 -9.04231 0
    endloop
  endfacet
  facet normal 0 0 -1
    outer loop
      vertex 9.86624 1.53204 0
      vertex 15.5 7.5 0
      vertex 9.93796 1.38955 0
    endloop
  endfacet
  facet normal 0 0 -1
    outer loop
      vertex 12.5 -10.5 0
      vertex 15.0732 -9.04231 0
      vertex 14.9944 -9.16672 0
    endloop
  endfacet
  facet normal 0 0 -1
    outer loop
      vertex 9.78762 1.67083 0
      vertex 15.5 7.5 0
      vertex 9.86624 1.53204 0
    endloop
  endfacet
  facet normal 0 0 -1
    outer loop
      vertex 12.5 -10.5 0
      vertex 14.9944 -9.16672 0
      vertex 14.9096 -9.28709 0
    endloop
  endfacet
  facet normal 0 0 -1
    outer loop
      vertex 9.70228 1.8056 0
      vertex 15.5 7.5 0
      vertex 9.78762 1.67083 0
    endloop
  endfacet
  facet normal 0 0 -1
    outer loop
      vertex 12.5 -10.5 0
      vertex 14.9096 -9.28709 0
      vertex 14.819 -9.40318 0
    endloop
  endfacet
  facet normal 0 0 -1
    outer loop
      vertex 9.61042 1.93602 0
      vertex 15.5 7.5 0
      vertex 9.70228 1.8056 0
    endloop
  endfacet
  facet normal 0 0 -1
    outer loop
      vertex 12.5 -10.5 0
      vertex 14.819 -9.40318 0
      vertex 14.7229 -9.51468 0
    endloop
  endfacet
  facet normal 0 0 -1
    outer loop
      vertex 9.51228 2.06178 0
      vertex 15.5 7.5 0
      vertex 9.61042 1.93602 0
    endloop
  endfacet
  facet normal 0 0 -1
    outer loop
      vertex 12.5 -10.5 0
      vertex 14.7229 -9.51468 0
      vertex 14.6213 -9.62132 0
    endloop
  endfacet
  facet normal 0 0 -1
    outer loop
      vertex 9.40809 2.18257 0
      vertex 15.5 7.5 0
      vertex 9.51228 2.06178 0
    endloop
  endfacet
  facet normal 0 0 -1
    outer loop
      vertex 12.5 -10.5 0
      vertex 14.6213 -9.62132 0
      vertex 14.5147 -9.72285 0
    endloop
  endfacet
  facet normal 0 0 -1
    outer loop
      vertex 9.2981 2.2981 0
      vertex 15.5 7.5 0
      vertex 9.40809 2.18257 0
    endloop
  endfacet
  facet normal 0 0 -1
    outer loop
      vertex 12.5 -10.5 0
      vertex 14.5147 -9.72285 0
      vertex 14.4032 -9.81903 0
    endloop
  endfacet
  facet normal 0 0 -1
    outer loop
      vertex 9.18257 2.40809 0
      vertex 15.5 7.5 0
      vertex 9.2981 2.2981 0
    endloop
  endfacet
  facet normal 0 0 -1
    outer loop
      vertex 12.5 -10.5 0
      vertex 14.4032 -9.81903 0
      vertex 14.2871 -9.90962 0
    endloop
  endfacet
  facet normal 0 0 -1
    outer loop
      vertex 9.06178 2.51228 0
      vertex 15.5 7.5 0
      vertex 9.18257 2.40809 0
    endloop
  endfacet
  facet normal 0 0 -1
    outer loop
      vertex 12.5 -10.5 0
      vertex 14.2871 -9.90962 0
      vertex 14.1667 -9.99442 0
    endloop
  endfacet
  facet normal 0 0 -1
    outer loop
      vertex 8.93602 2.61042 0
      vertex 15.5 7.5 0
      vertex 9.06178 2.51228 0
    endloop
  endfacet
  facet normal 0 0 -1
    outer loop
      vertex 12.5 -10.5 0
      vertex 14.1667 -9.99442 0
      vertex 14.0423 -10.0732 0
    endloop
  endfacet
  facet normal 0 0 -1
    outer loop
      vertex 8.8056 2.70228 0
      vertex 15.5 7.5 0
      vertex 8.93602 2.61042 0
    endloop
  endfacet
  facet normal 0 0 -1
    outer loop
      vertex 12.5 -10.5 0
      vertex 14.0423 -10.0732 0
      vertex 13.9142 -10.1458 0
    endloop
  endfacet
  facet normal 0 -0 -1
    outer loop
      vertex 12.5 10.5 0
      vertex 15.5 7.5 0
      vertex 8.8056 2.70228 0
    endloop
  endfacet
  facet normal 0 0 -1
    outer loop
      vertex 12.5 -10.5 0
      vertex 13.9142 -10.1458 0
      vertex 13.7827 -10.212 0
    endloop
  endfacet
  facet normal 0 0 -1
    outer loop
      vertex 15.4964 7.6472 0
      vertex 12.5 10.5 0
      vertex 15.4855 7.79405 0
    endloop
  endfacet
  facet normal 0 0 -1
    outer loop
      vertex 12.5 -10.5 0
      vertex 13.7827 -10.212 0
      vertex 13.6481 -10.2716 0
    endloop
  endfacet
  facet normal 0 0 -1
    outer loop
      vertex 15.4855 7.79405 0
      vertex 12.5 10.5 0
      vertex 15.4675 7.94019 0
    endloop
  endfacet
  facet normal 0 0 -1
    outer loop
      vertex 12.5 -10.5 0
      vertex 13.6481 -10.2716 0
      vertex 13.5107 -10.3246 0
    endloop
  endfacet
  facet normal 0 0 -1
    outer loop
      vertex 15.4675 7.94019 0
      vertex 12.5 10.5 0
      vertex 15.4424 8.08527 0
    endloop
  endfacet
  facet normal 0 0 -1
    outer loop
      vertex 12.5 -10.5 0
      vertex 13.5107 -10.3246 0
      vertex 13.3708 -10.3708 0
    endloop
  endfacet
  facet normal 0 0 -1
    outer loop
      vertex 15.4424 8.08527 0
      vertex 12.5 10.5 0
      vertex 15.4101 8.22894 0
    endloop
  endfacet
  facet normal 0 0 -1
    outer loop
      vertex 12.5 -10.5 0
      vertex 13.3708 -10.3708 0
      vertex 13.2289 -10.4101 0
    endloop
  endfacet
  facet normal 0 0 -1
    outer loop
      vertex 15.4101 8.22894 0
      vertex 12.5 10.5 0
      vertex 15.3708 8.37085 0
    endloop
  endfacet
  facet normal 0 0 -1
    outer loop
      vertex 12.5 -10.5 0
      vertex 13.2289 -10.4101 0
      vertex 13.0853 -10.4424 0
    endloop
  endfacet
  facet normal 0 0 -1
    outer loop
      vertex 15.3708 8.37085 0
      vertex 12.5 10.5 0
      vertex 15.3246 8.51067 0
    endloop
  endfacet
  facet normal 0 0 -1
    outer loop
      vertex 12.5 -10.5 0
      vertex 13.0853 -10.4424 0
      vertex 12.9402 -10.4675 0
    endloop
  endfacet
  facet normal 0 0 -1
    outer loop
      vertex 15.3246 8.51067 0
      vertex 12.5 10.5 0
      vertex 15.2716 8.64806 0
    endloop
  endfacet
  facet normal 0 0 -1
    outer loop
      vertex 12.5 -10.5 0
      vertex 12.9402 -10.4675 0
      vertex 12.7941 -10.4855 0
    endloop
  endfacet
  facet normal 0 0 -1
    outer loop
      vertex 15.2716 8.64806 0
      vertex 12.5 10.5 0
      vertex 15.212 8.78267 0
    endloop
  endfacet
  facet normal 0 0 -1
    outer loop
      vertex 12.5 -10.5 0
      vertex 12.7941 -10.4855 0
      vertex 12.6472 -10.4964 0
    endloop
  endfacet
  facet normal 0 0 -1
    outer loop
      vertex 15.1458 8.91418 0
      vertex 12.5 10.5 0
      vertex 15.0732 9.04231 0
    endloop
  endfacet
  facet normal -0 0 -1
    outer loop
      vertex 15.5 -7.5 0
      vertex 12.5 -10.5 0
      vertex 8.8056 -2.70228 0
    endloop
  endfacet
  facet normal 0 0 -1
    outer loop
      vertex 15.0732 9.04231 0
      vertex 12.5 10.5 0
      vertex 14.9944 9.16672 0
    endloop
  endfacet
  facet normal 0 0 -1
    outer loop
      vertex 14.9944 9.16672 0
      vertex 12.5 10.5 0
      vertex 14.9096 9.28709 0
    endloop
  endfacet
  facet normal 0 0 -1
    outer loop
      vertex 15.5 -7.5 0
      vertex 10.2461 -0.15947 0
      vertex 10.25 0 0
    endloop
  endfacet
  facet normal 0 0 -1
    outer loop
      vertex 15.5 -7.5 0
      vertex 10.2344 -0.318555 0
      vertex 10.2461 -0.15947 0
    endloop
  endfacet
  facet normal 0 0 -1
    outer loop
      vertex 15.5 -7.5 0
      vertex 10.2148 -0.476873 0
      vertex 10.2344 -0.318555 0
    endloop
  endfacet
  facet normal 0 0 -1
    outer loop
      vertex 15.5 -7.5 0
      vertex 10.1876 -0.634043 0
      vertex 10.2148 -0.476873 0
    endloop
  endfacet
  facet normal 0 0 -1
    outer loop
      vertex 15.5 -7.5 0
      vertex 10.1526 -0.789685 0
      vertex 10.1876 -0.634043 0
    endloop
  endfacet
  facet normal 0 0 -1
    outer loop
      vertex 15.5 -7.5 0
      vertex 10.1101 -0.943425 0
      vertex 10.1526 -0.789685 0
    endloop
  endfacet
  facet normal 0 0 -1
    outer loop
      vertex 15.5 -7.5 0
      vertex 10.06 -1.09489 0
      vertex 10.1101 -0.943425 0
    endloop
  endfacet
  facet normal 0 0 -1
    outer loop
      vertex 15.5 -7.5 0
      vertex 10.0026 -1.24372 0
      vertex 10.06 -1.09489 0
    endloop
  endfacet
  facet normal 0 0 -1
    outer loop
      vertex 15.5 -7.5 0
      vertex 9.93796 -1.38955 0
      vertex 10.0026 -1.24372 0
    endloop
  endfacet
  facet normal 0 0 -1
    outer loop
      vertex 15.5 -7.5 0
      vertex 9.86624 -1.53204 0
      vertex 9.93796 -1.38955 0
    endloop
  endfacet
  facet normal 0 0 -1
    outer loop
      vertex 15.5 -7.5 0
      vertex 9.78762 -1.67083 0
      vertex 9.86624 -1.53204 0
    endloop
  endfacet
  facet normal 0 0 -1
    outer loop
      vertex 15.5 -7.5 0
      vertex 9.70228 -1.8056 0
      vertex 9.78762 -1.67083 0
    endloop
  endfacet
  facet normal 0 0 -1
    outer loop
      vertex 15.5 -7.5 0
      vertex 9.61042 -1.93602 0
      vertex 9.70228 -1.8056 0
    endloop
  endfacet
  facet normal 0 0 -1
    outer loop
      vertex 15.5 -7.5 0
      vertex 9.51228 -2.06178 0
      vertex 9.61042 -1.93602 0
    endloop
  endfacet
  facet normal 0 0 -1
    outer loop
      vertex 15.5 -7.5 0
      vertex 9.40809 -2.18257 0
      vertex 9.51228 -2.06178 0
    endloop
  endfacet
  facet normal 0 0 -1
    outer loop
      vertex 15.5 -7.5 0
      vertex 9.2981 -2.2981 0
      vertex 9.40809 -2.18257 0
    endloop
  endfacet
  facet normal 0 0 -1
    outer loop
      vertex 15.5 -7.5 0
      vertex 9.18257 -2.40809 0
      vertex 9.2981 -2.2981 0
    endloop
  endfacet
  facet normal 0 0 -1
    outer loop
      vertex 15.5 -7.5 0
      vertex 9.06178 -2.51228 0
      vertex 9.18257 -2.40809 0
    endloop
  endfacet
  facet normal 0 0 -1
    outer loop
      vertex 15.5 -7.5 0
      vertex 8.93602 -2.61042 0
      vertex 9.06178 -2.51228 0
    endloop
  endfacet
  facet normal 0 0 -1
    outer loop
      vertex 15.5 -7.5 0
      vertex 8.8056 -2.70228 0
      vertex 8.93602 -2.61042 0
    endloop
  endfacet
  facet normal 0 0 -1
    outer loop
      vertex 12.5 -10.5 0
      vertex 8.67083 -2.78762 0
      vertex 8.8056 -2.70228 0
    endloop
  endfacet
  facet normal 0 0 -1
    outer loop
      vertex 12.5 -10.5 0
      vertex 8.53204 -2.86624 0
      vertex 8.67083 -2.78762 0
    endloop
  endfacet
  facet normal 0 0 -1
    outer loop
      vertex 12.5 -10.5 0
      vertex 8.38955 -2.93796 0
      vertex 8.53204 -2.86624 0
    endloop
  endfacet
  facet normal 0 0 -1
    outer loop
      vertex 12.5 -10.5 0
      vertex 8.24372 -3.00261 0
      vertex 8.38955 -2.93796 0
    endloop
  endfacet
  facet normal 0 0 -1
    outer loop
      vertex 12.5 -10.5 0
      vertex 8.09489 -3.06002 0
      vertex 8.24372 -3.00261 0
    endloop
  endfacet
  facet normal 0 0 -1
    outer loop
      vertex 12.5 -10.5 0
      vertex 7.94343 -3.11006 0
      vertex 8.09489 -3.06002 0
    endloop
  endfacet
  facet normal 0 0 -1
    outer loop
      vertex 12.5 -10.5 0
      vertex 7.78969 -3.1526 0
      vertex 7.94343 -3.11006 0
    endloop
  endfacet
  facet normal 0 0 -1
    outer loop
      vertex 12.5 -10.5 0
      vertex 7.63404 -3.18755 0
      vertex 7.78969 -3.1526 0
    endloop
  endfacet
  facet normal 0 0 -1
    outer loop
      vertex 12.5 -10.5 0
      vertex 7.47687 -3.21482 0
      vertex 7.63404 -3.18755 0
    endloop
  endfacet
  facet normal 0 0 -1
    outer loop
      vertex 12.5 -10.5 0
      vertex 7.31855 -3.23435 0
      vertex 7.47687 -3.21482 0
    endloop
  endfacet
  facet normal 0 0 -1
    outer loop
      vertex 12.5 -10.5 0
      vertex 7.15947 -3.24609 0
      vertex 7.31855 -3.23435 0
    endloop
  endfacet
  facet normal 0 0 -1
    outer loop
      vertex 12.5 -10.5 0
      vertex 7 -3.25 0
      vertex 7.15947 -3.24609 0
    endloop
  endfacet
  facet normal 0 0 -1
    outer loop
      vertex 12.5 -10.5 0
      vertex 6.84053 -3.24609 0
      vertex 7 -3.25 0
    endloop
  endfacet
  facet normal 0 0 -1
    outer loop
      vertex 12.5 -10.5 0
      vertex 6.68144 -3.23435 0
      vertex 6.84053 -3.24609 0
    endloop
  endfacet
  facet normal 0 0 -1
    outer loop
      vertex 12.5 -10.5 0
      vertex 6.52313 -3.21482 0
      vertex 6.68144 -3.23435 0
    endloop
  endfacet
  facet normal 0 0 -1
    outer loop
      vertex 12.5 -10.5 0
      vertex 6.36596 -3.18755 0
      vertex 6.52313 -3.21482 0
    endloop
  endfacet
  facet normal 0 0 -1
    outer loop
      vertex 12.5 -10.5 0
      vertex 6.21031 -3.1526 0
      vertex 6.36596 -3.18755 0
    endloop
  endfacet
  facet normal 0 0 -1
    outer loop
      vertex 12.5 -10.5 0
      vertex 6.05657 -3.11006 0
      vertex 6.21031 -3.1526 0
    endloop
  endfacet
  facet normal 0 0 -1
    outer loop
      vertex 12.5 -10.5 0
      vertex 5.90511 -3.06002 0
      vertex 6.05657 -3.11006 0
    endloop
  endfacet
  facet normal 0 0 -1
    outer loop
      vertex 12.5 -10.5 0
      vertex 5.75628 -3.00261 0
      vertex 5.90511 -3.06002 0
    endloop
  endfacet
  facet normal 0 0 -1
    outer loop
      vertex 12.5 -10.5 0
      vertex 5.61045 -2.93796 0
      vertex 5.75628 -3.00261 0
    endloop
  endfacet
  facet normal 0 0 -1
    outer loop
      vertex -12.5 -10.5 0
      vertex 5.61045 -2.93796 0
      vertex 12.5 -10.5 0
    endloop
  endfacet
  facet normal -0 0 -1
    outer loop
      vertex 5.61045 -2.93796 0
      vertex -12.5 -10.5 0
      vertex 5.46796 -2.86624 0
    endloop
  endfacet
  facet normal -0 0 -1
    outer loop
      vertex 5.46796 -2.86624 0
      vertex -12.5 -10.5 0
      vertex 5.32917 -2.78762 0
    endloop
  endfacet
  facet normal -0 0 -1
    outer loop
      vertex 5.32917 -2.78762 0
      vertex -12.5 -10.5 0
      vertex 5.1944 -2.70228 0
    endloop
  endfacet
  facet normal -0 0 -1
    outer loop
      vertex 5.1944 -2.70228 0
      vertex -12.5 -10.5 0
      vertex 5.06398 -2.61042 0
    endloop
  endfacet
  facet normal -0 0 -1
    outer loop
      vertex 5.06398 -2.61042 0
      vertex -12.5 -10.5 0
      vertex 4.93822 -2.51228 0
    endloop
  endfacet
  facet normal -0 0 -1
    outer loop
      vertex 4.93822 -2.51228 0
      vertex -12.5 -10.5 0
      vertex 4.81743 -2.40809 0
    endloop
  endfacet
  facet normal -0 0 -1
    outer loop
      vertex 4.81743 -2.40809 0
      vertex -12.5 -10.5 0
      vertex 4.7019 -2.2981 0
    endloop
  endfacet
  facet normal -0 0 -1
    outer loop
      vertex 3.76565 -0.318555 0
      vertex -15.5 -7.5 0
      vertex 3.75391 -0.15947 0
    endloop
  endfacet
  facet normal 0 0 -1
    outer loop
      vertex -15.5 -7.5 0
      vertex 3.76565 -0.318555 0
      vertex -12.5 -10.5 0
    endloop
  endfacet
  facet normal -0 0 -1
    outer loop
      vertex 3.78518 -0.476873 0
      vertex -12.5 -10.5 0
      vertex 3.76565 -0.318555 0
    endloop
  endfacet
  facet normal -0 0 -1
    outer loop
      vertex 3.81245 -0.634043 0
      vertex -12.5 -10.5 0
      vertex 3.78518 -0.476873 0
    endloop
  endfacet
  facet normal -0 0 -1
    outer loop
      vertex 3.8474 -0.789685 0
      vertex -12.5 -10.5 0
      vertex 3.81245 -0.634043 0
    endloop
  endfacet
  facet normal -0 0 -1
    outer loop
      vertex 3.88994 -0.943425 0
      vertex -12.5 -10.5 0
      vertex 3.8474 -0.789685 0
    endloop
  endfacet
  facet normal -0 0 -1
    outer loop
      vertex 3.93998 -1.09489 0
      vertex -12.5 -10.5 0
      vertex 3.88994 -0.943425 0
    endloop
  endfacet
  facet normal -0 0 -1
    outer loop
      vertex 3.99739 -1.24372 0
      vertex -12.5 -10.5 0
      vertex 3.93998 -1.09489 0
    endloop
  endfacet
  facet normal -0 0 -1
    outer loop
      vertex 4.06203 -1.38955 0
      vertex -12.5 -10.5 0
      vertex 3.99739 -1.24372 0
    endloop
  endfacet
  facet normal -0 0 -1
    outer loop
      vertex 4.13376 -1.53204 0
      vertex -12.5 -10.5 0
      vertex 4.06203 -1.38955 0
    endloop
  endfacet
  facet normal -0 0 -1
    outer loop
      vertex 4.21238 -1.67083 0
      vertex -12.5 -10.5 0
      vertex 4.13376 -1.53204 0
    endloop
  endfacet
  facet normal -0 0 -1
    outer loop
      vertex 4.29772 -1.8056 0
      vertex -12.5 -10.5 0
      vertex 4.21238 -1.67083 0
    endloop
  endfacet
  facet normal -0 0 -1
    outer loop
      vertex 4.38958 -1.93602 0
      vertex -12.5 -10.5 0
      vertex 4.29772 -1.8056 0
    endloop
  endfacet
  facet normal -0 0 -1
    outer loop
      vertex 4.48772 -2.06178 0
      vertex -12.5 -10.5 0
      vertex 4.38958 -1.93602 0
    endloop
  endfacet
  facet normal -0 0 -1
    outer loop
      vertex 4.59191 -2.18257 0
      vertex -12.5 -10.5 0
      vertex 4.48772 -2.06178 0
    endloop
  endfacet
  facet normal -0 0 -1
    outer loop
      vertex 4.7019 -2.2981 0
      vertex -12.5 -10.5 0
      vertex 4.59191 -2.18257 0
    endloop
  endfacet
  facet normal 0 0 -1
    outer loop
      vertex 14.9096 9.28709 0
      vertex 12.5 10.5 0
      vertex 14.819 9.40318 0
    endloop
  endfacet
  facet normal 0 0 -1
    outer loop
      vertex 14.819 9.40318 0
      vertex 12.5 10.5 0
      vertex 14.7229 9.51468 0
    endloop
  endfacet
  facet normal 0 0 -1
    outer loop
      vertex 14.7229 9.51468 0
      vertex 12.5 10.5 0
      vertex 14.6213 9.62132 0
    endloop
  endfacet
  facet normal 0 0 -1
    outer loop
      vertex 14.6213 9.62132 0
      vertex 12.5 10.5 0
      vertex 14.5147 9.72285 0
    endloop
  endfacet
  facet normal 0 0 -1
    outer loop
      vertex 14.5147 9.72285 0
      vertex 12.5 10.5 0
      vertex 14.4032 9.81903 0
    endloop
  endfacet
  facet normal 0 0 -1
    outer loop
      vertex 14.4032 9.81903 0
      vertex 12.5 10.5 0
      vertex 14.2871 9.90962 0
    endloop
  endfacet
  facet normal 0 0 -1
    outer loop
      vertex 14.2871 9.90962 0
      vertex 12.5 10.5 0
      vertex 14.1667 9.99442 0
    endloop
  endfacet
  facet normal 0 0 -1
    outer loop
      vertex 14.0423 10.0732 0
      vertex 12.5 10.5 0
      vertex 13.9142 10.1458 0
    endloop
  endfacet
  facet normal 0 0 -1
    outer loop
      vertex 13.9142 10.1458 0
      vertex 12.5 10.5 0
      vertex 13.7827 10.212 0
    endloop
  endfacet
  facet normal 0 0 -1
    outer loop
      vertex 13.7827 10.212 0
      vertex 12.5 10.5 0
      vertex 13.6481 10.2716 0
    endloop
  endfacet
  facet normal 0 0 -1
    outer loop
      vertex 13.6481 10.2716 0
      vertex 12.5 10.5 0
      vertex 13.5107 10.3246 0
    endloop
  endfacet
  facet normal 0 0 -1
    outer loop
      vertex 13.5107 10.3246 0
      vertex 12.5 10.5 0
      vertex 13.3708 10.3708 0
    endloop
  endfacet
  facet normal 0 0 -1
    outer loop
      vertex 13.3708 10.3708 0
      vertex 12.5 10.5 0
      vertex 13.2289 10.4101 0
    endloop
  endfacet
  facet normal 0 0 -1
    outer loop
      vertex 13.2289 10.4101 0
      vertex 12.5 10.5 0
      vertex 13.0853 10.4424 0
    endloop
  endfacet
  facet normal 0 0 -1
    outer loop
      vertex 13.0853 10.4424 0
      vertex 12.5 10.5 0
      vertex 12.9402 10.4675 0
    endloop
  endfacet
  facet normal 0 0 -1
    outer loop
      vertex 12.7941 10.4855 0
      vertex 12.5 10.5 0
      vertex 12.6472 10.4964 0
    endloop
  endfacet
  facet normal 0 0 -1
    outer loop
      vertex 12.9402 10.4675 0
      vertex 12.5 10.5 0
      vertex 12.7941 10.4855 0
    endloop
  endfacet
  facet normal 0 0 -1
    outer loop
      vertex 14.1667 9.99442 0
      vertex 12.5 10.5 0
      vertex 14.0423 10.0732 0
    endloop
  endfacet
  facet normal 0 0 -1
    outer loop
      vertex 15.212 8.78267 0
      vertex 12.5 10.5 0
      vertex 15.1458 8.91418 0
    endloop
  endfacet
  facet normal 0 0 -1
    outer loop
      vertex 15.5 7.5 0
      vertex 12.5 10.5 0
      vertex 15.4964 7.6472 0
    endloop
  endfacet
  facet normal 0 0 -1
    outer loop
      vertex 8.67083 2.78762 0
      vertex 12.5 10.5 0
      vertex 8.8056 2.70228 0
    endloop
  endfacet
  facet normal 0 0 -1
    outer loop
      vertex 8.53204 2.86624 0
      vertex 12.5 10.5 0
      vertex 8.67083 2.78762 0
    endloop
  endfacet
  facet normal 0 0 -1
    outer loop
      vertex 8.38955 2.93796 0
      vertex 12.5 10.5 0
      vertex 8.53204 2.86624 0
    endloop
  endfacet
  facet normal 0 0 -1
    outer loop
      vertex 8.24372 3.00261 0
      vertex 12.5 10.5 0
      vertex 8.38955 2.93796 0
    endloop
  endfacet
  facet normal 0 0 -1
    outer loop
      vertex 8.09489 3.06002 0
      vertex 12.5 10.5 0
      vertex 8.24372 3.00261 0
    endloop
  endfacet
  facet normal 0 0 -1
    outer loop
      vertex 7.94343 3.11006 0
      vertex 12.5 10.5 0
      vertex 8.09489 3.06002 0
    endloop
  endfacet
  facet normal 0 0 -1
    outer loop
      vertex 7.78969 3.1526 0
      vertex 12.5 10.5 0
      vertex 7.94343 3.11006 0
    endloop
  endfacet
  facet normal 0 0 -1
    outer loop
      vertex 7.63404 3.18755 0
      vertex 12.5 10.5 0
      vertex 7.78969 3.1526 0
    endloop
  endfacet
  facet normal 0 0 -1
    outer loop
      vertex 7.47687 3.21482 0
      vertex 12.5 10.5 0
      vertex 7.63404 3.18755 0
    endloop
  endfacet
  facet normal 0 0 -1
    outer loop
      vertex 7.31855 3.23435 0
      vertex 12.5 10.5 0
      vertex 7.47687 3.21482 0
    endloop
  endfacet
  facet normal 0 0 -1
    outer loop
      vertex 7.15947 3.24609 0
      vertex 12.5 10.5 0
      vertex 7.31855 3.23435 0
    endloop
  endfacet
  facet normal 0 0 -1
    outer loop
      vertex 7 3.25 0
      vertex 12.5 10.5 0
      vertex 7.15947 3.24609 0
    endloop
  endfacet
  facet normal 0 0 -1
    outer loop
      vertex 6.84053 3.24609 0
      vertex 12.5 10.5 0
      vertex 7 3.25 0
    endloop
  endfacet
  facet normal 0 0 -1
    outer loop
      vertex 6.68144 3.23435 0
      vertex 12.5 10.5 0
      vertex 6.84053 3.24609 0
    endloop
  endfacet
  facet normal 0 0 -1
    outer loop
      vertex 6.52313 3.21482 0
      vertex 12.5 10.5 0
      vertex 6.68144 3.23435 0
    endloop
  endfacet
  facet normal 0 0 -1
    outer loop
      vertex 6.36596 3.18755 0
      vertex 12.5 10.5 0
      vertex 6.52313 3.21482 0
    endloop
  endfacet
  facet normal 0 0 -1
    outer loop
      vertex 6.21031 3.1526 0
      vertex 12.5 10.5 0
      vertex 6.36596 3.18755 0
    endloop
  endfacet
  facet normal 0 0 -1
    outer loop
      vertex 6.05657 3.11006 0
      vertex 12.5 10.5 0
      vertex 6.21031 3.1526 0
    endloop
  endfacet
  facet normal 0 0 -1
    outer loop
      vertex 5.90511 3.06002 0
      vertex 12.5 10.5 0
      vertex 6.05657 3.11006 0
    endloop
  endfacet
  facet normal 0 0 -1
    outer loop
      vertex 5.75628 3.00261 0
      vertex 12.5 10.5 0
      vertex 5.90511 3.06002 0
    endloop
  endfacet
  facet normal 0 0 -1
    outer loop
      vertex 5.61045 2.93796 0
      vertex 12.5 10.5 0
      vertex 5.75628 3.00261 0
    endloop
  endfacet
  facet normal 0 0 -1
    outer loop
      vertex -12.5 10.5 0
      vertex 5.61045 2.93796 0
      vertex 5.46796 2.86624 0
    endloop
  endfacet
  facet normal 0 0 -1
    outer loop
      vertex -12.5 10.5 0
      vertex 5.46796 2.86624 0
      vertex 5.32917 2.78762 0
    endloop
  endfacet
  facet normal 0 0 -1
    outer loop
      vertex -12.5 10.5 0
      vertex 5.32917 2.78762 0
      vertex 5.1944 2.70228 0
    endloop
  endfacet
  facet normal 0 0 -1
    outer loop
      vertex -12.5 10.5 0
      vertex 5.1944 2.70228 0
      vertex 5.06398 2.61042 0
    endloop
  endfacet
  facet normal 0 0 -1
    outer loop
      vertex -12.5 10.5 0
      vertex 5.06398 2.61042 0
      vertex 4.93822 2.51228 0
    endloop
  endfacet
  facet normal 0 0 -1
    outer loop
      vertex -12.5 10.5 0
      vertex 4.93822 2.51228 0
      vertex 4.81743 2.40809 0
    endloop
  endfacet
  facet normal 0 0 -1
    outer loop
      vertex -12.5 10.5 0
      vertex 4.81743 2.40809 0
      vertex 4.7019 2.2981 0
    endloop
  endfacet
  facet normal 0 0 -1
    outer loop
      vertex -12.5 10.5 0
      vertex 4.7019 2.2981 0
      vertex 4.59191 2.18257 0
    endloop
  endfacet
  facet normal -0 0 -1
    outer loop
      vertex 3.75391 -0.15947 0
      vertex -15.5 -7.5 0
      vertex 3.75 0 0
    endloop
  endfacet
  facet normal 0 0 -1
    outer loop
      vertex -15.5 7.5 0
      vertex 3.75 0 0
      vertex -15.5 -7.5 0
    endloop
  endfacet
  facet normal 0 0 -1
    outer loop
      vertex 3.75 0 0
      vertex -15.5 7.5 0
      vertex 3.75391 0.15947 0
    endloop
  endfacet
  facet normal 0 0 -1
    outer loop
      vertex 3.75391 0.15947 0
      vertex -15.5 7.5 0
      vertex 3.76565 0.318555 0
    endloop
  endfacet
  facet normal 0 0 -1
    outer loop
      vertex 3.76565 0.318555 0
      vertex -15.5 7.5 0
      vertex 3.78518 0.476873 0
    endloop
  endfacet
  facet normal 0 -0 -1
    outer loop
      vertex -12.5 10.5 0
      vertex 3.78518 0.476873 0
      vertex -15.5 7.5 0
    endloop
  endfacet
  facet normal 0 0 -1
    outer loop
      vertex 3.78518 0.476873 0
      vertex -12.5 10.5 0
      vertex 3.81245 0.634043 0
    endloop
  endfacet
  facet normal 0 0 -1
    outer loop
      vertex 3.81245 0.634043 0
      vertex -12.5 10.5 0
      vertex 3.8474 0.789685 0
    endloop
  endfacet
  facet normal 0 0 -1
    outer loop
      vertex 3.8474 0.789685 0
      vertex -12.5 10.5 0
      vertex 3.88994 0.943425 0
    endloop
  endfacet
  facet normal 0 0 -1
    outer loop
      vertex 3.88994 0.943425 0
      vertex -12.5 10.5 0
      vertex 3.93998 1.09489 0
    endloop
  endfacet
  facet normal 0 0 -1
    outer loop
      vertex 3.93998 1.09489 0
      vertex -12.5 10.5 0
      vertex 3.99739 1.24372 0
    endloop
  endfacet
  facet normal 0 0 -1
    outer loop
      vertex 3.99739 1.24372 0
      vertex -12.5 10.5 0
      vertex 4.06203 1.38955 0
    endloop
  endfacet
  facet normal 0 0 -1
    outer loop
      vertex 4.06203 1.38955 0
      vertex -12.5 10.5 0
      vertex 4.13376 1.53204 0
    endloop
  endfacet
  facet normal 0 0 -1
    outer loop
      vertex 4.13376 1.53204 0
      vertex -12.5 10.5 0
      vertex 4.21238 1.67083 0
    endloop
  endfacet
  facet normal 0 0 -1
    outer loop
      vertex 4.21238 1.67083 0
      vertex -12.5 10.5 0
      vertex 4.29772 1.8056 0
    endloop
  endfacet
  facet normal 0 0 -1
    outer loop
      vertex 4.29772 1.8056 0
      vertex -12.5 10.5 0
      vertex 4.38958 1.93602 0
    endloop
  endfacet
  facet normal 0 0 -1
    outer loop
      vertex 5.61045 2.93796 0
      vertex -12.5 10.5 0
      vertex 12.5 10.5 0
    endloop
  endfacet
  facet normal 0 0 -1
    outer loop
      vertex -15.5 -7.5 0
      vertex -12.5 -10.5 0
      vertex -12.6472 -10.4964 0
    endloop
  endfacet
  facet normal 0 0 -1
    outer loop
      vertex 4.38958 1.93602 0
      vertex -12.5 10.5 0
      vertex 4.48772 2.06178 0
    endloop
  endfacet
  facet normal 0 0 -1
    outer loop
      vertex -15.5 -7.5 0
      vertex -12.6472 -10.4964 0
      vertex -12.7941 -10.4855 0
    endloop
  endfacet
  facet normal 0 0 -1
    outer loop
      vertex 4.48772 2.06178 0
      vertex -12.5 10.5 0
      vertex 4.59191 2.18257 0
    endloop
  endfacet
  facet normal 0 0 -1
    outer loop
      vertex -15.5 -7.5 0
      vertex -12.7941 -10.4855 0
      vertex -12.9402 -10.4675 0
    endloop
  endfacet
  facet normal 0 0 -1
    outer loop
      vertex -12.5 10.5 0
      vertex -15.5 7.5 0
      vertex -12.6472 10.4964 0
    endloop
  endfacet
  facet normal 0 0 -1
    outer loop
      vertex -15.5 -7.5 0
      vertex -12.9402 -10.4675 0
      vertex -13.0853 -10.4424 0
    endloop
  endfacet
  facet normal 0 0 -1
    outer loop
      vertex -12.6472 10.4964 0
      vertex -15.5 7.5 0
      vertex -12.7941 10.4855 0
    endloop
  endfacet
  facet normal 0 0 -1
    outer loop
      vertex -15.5 -7.5 0
      vertex -13.0853 -10.4424 0
      vertex -13.2289 -10.4101 0
    endloop
  endfacet
  facet normal 0 0 -1
    outer loop
      vertex -12.7941 10.4855 0
      vertex -15.5 7.5 0
      vertex -12.9402 10.4675 0
    endloop
  endfacet
  facet normal 0 0 -1
    outer loop
      vertex -15.5 -7.5 0
      vertex -13.2289 -10.4101 0
      vertex -13.3708 -10.3708 0
    endloop
  endfacet
  facet normal 0 0 -1
    outer loop
      vertex -12.9402 10.4675 0
      vertex -15.5 7.5 0
      vertex -13.0853 10.4424 0
    endloop
  endfacet
  facet normal 0 0 -1
    outer loop
      vertex -15.5 -7.5 0
      vertex -13.3708 -10.3708 0
      vertex -13.5107 -10.3246 0
    endloop
  endfacet
  facet normal 0 0 -1
    outer loop
      vertex -13.0853 10.4424 0
      vertex -15.5 7.5 0
      vertex -13.2289 10.4101 0
    endloop
  endfacet
  facet normal 0 0 -1
    outer loop
      vertex -15.5 -7.5 0
      vertex -13.5107 -10.3246 0
      vertex -13.6481 -10.2716 0
    endloop
  endfacet
  facet normal 0 0 -1
    outer loop
      vertex -13.2289 10.4101 0
      vertex -15.5 7.5 0
      vertex -13.3708 10.3708 0
    endloop
  endfacet
  facet normal 0 0 -1
    outer loop
      vertex -15.5 -7.5 0
      vertex -13.6481 -10.2716 0
      vertex -13.7827 -10.212 0
    endloop
  endfacet
  facet normal 0 0 -1
    outer loop
      vertex -13.3708 10.3708 0
      vertex -15.5 7.5 0
      vertex -13.5107 10.3246 0
    endloop
  endfacet
  facet normal 0 0 -1
    outer loop
      vertex -15.5 -7.5 0
      vertex -13.7827 -10.212 0
      vertex -13.9142 -10.1458 0
    endloop
  endfacet
  facet normal 0 0 -1
    outer loop
      vertex -13.5107 10.3246 0
      vertex -15.5 7.5 0
      vertex -13.6481 10.2716 0
    endloop
  endfacet
  facet normal 0 0 -1
    outer loop
      vertex -15.5 -7.5 0
      vertex -13.9142 -10.1458 0
      vertex -14.0423 -10.0732 0
    endloop
  endfacet
  facet normal 0 0 -1
    outer loop
      vertex -13.6481 10.2716 0
      vertex -15.5 7.5 0
      vertex -13.7827 10.212 0
    endloop
  endfacet
  facet normal 0 0 -1
    outer loop
      vertex -15.5 -7.5 0
      vertex -14.0423 -10.0732 0
      vertex -14.1667 -9.99442 0
    endloop
  endfacet
  facet normal 0 0 -1
    outer loop
      vertex -13.7827 10.212 0
      vertex -15.5 7.5 0
      vertex -13.9142 10.1458 0
    endloop
  endfacet
  facet normal 0 0 -1
    outer loop
      vertex -15.5 -7.5 0
      vertex -14.1667 -9.99442 0
      vertex -14.2871 -9.90962 0
    endloop
  endfacet
  facet normal 0 0 -1
    outer loop
      vertex -13.9142 10.1458 0
      vertex -15.5 7.5 0
      vertex -14.0423 10.0732 0
    endloop
  endfacet
  facet normal 0 0 -1
    outer loop
      vertex -15.5 -7.5 0
      vertex -14.2871 -9.90962 0
      vertex -14.4032 -9.81903 0
    endloop
  endfacet
  facet normal 0 0 -1
    outer loop
      vertex -14.0423 10.0732 0
      vertex -15.5 7.5 0
      vertex -14.1667 9.99442 0
    endloop
  endfacet
  facet normal 0 0 -1
    outer loop
      vertex -15.5 -7.5 0
      vertex -14.4032 -9.81903 0
      vertex -14.5147 -9.72285 0
    endloop
  endfacet
  facet normal 0 0 -1
    outer loop
      vertex -14.1667 9.99442 0
      vertex -15.5 7.5 0
      vertex -14.2871 9.90962 0
    endloop
  endfacet
  facet normal 0 0 -1
    outer loop
      vertex -15.5 -7.5 0
      vertex -14.5147 -9.72285 0
      vertex -14.6213 -9.62132 0
    endloop
  endfacet
  facet normal 0 0 -1
    outer loop
      vertex -14.2871 9.90962 0
      vertex -15.5 7.5 0
      vertex -14.4032 9.81903 0
    endloop
  endfacet
  facet normal 0 0 -1
    outer loop
      vertex -15.5 -7.5 0
      vertex -14.6213 -9.62132 0
      vertex -14.7229 -9.51468 0
    endloop
  endfacet
  facet normal 0 0 -1
    outer loop
      vertex -14.4032 9.81903 0
      vertex -15.5 7.5 0
      vertex -14.5147 9.72285 0
    endloop
  endfacet
  facet normal 0 0 -1
    outer loop
      vertex -15.5 -7.5 0
      vertex -14.7229 -9.51468 0
      vertex -14.819 -9.40318 0
    endloop
  endfacet
  facet normal 0 0 -1
    outer loop
      vertex -14.5147 9.72285 0
      vertex -15.5 7.5 0
      vertex -14.6213 9.62132 0
    endloop
  endfacet
  facet normal 0 0 -1
    outer loop
      vertex -15.5 -7.5 0
      vertex -14.819 -9.40318 0
      vertex -14.9096 -9.28709 0
    endloop
  endfacet
  facet normal 0 0 -1
    outer loop
      vertex -14.6213 9.62132 0
      vertex -15.5 7.5 0
      vertex -14.7229 9.51468 0
    endloop
  endfacet
  facet normal 0 0 -1
    outer loop
      vertex -15.5 -7.5 0
      vertex -14.9096 -9.28709 0
      vertex -14.9944 -9.16672 0
    endloop
  endfacet
  facet normal 0 0 -1
    outer loop
      vertex -14.7229 9.51468 0
      vertex -15.5 7.5 0
      vertex -14.819 9.40318 0
    endloop
  endfacet
  facet normal 0 0 -1
    outer loop
      vertex -15.5 -7.5 0
      vertex -14.9944 -9.16672 0
      vertex -15.0732 -9.04231 0
    endloop
  endfacet
  facet normal 0 0 -1
    outer loop
      vertex -14.819 9.40318 0
      vertex -15.5 7.5 0
      vertex -14.9096 9.28709 0
    endloop
  endfacet
  facet normal 0 0 -1
    outer loop
      vertex -15.5 -7.5 0
      vertex -15.0732 -9.04231 0
      vertex -15.1458 -8.91418 0
    endloop
  endfacet
  facet normal 0 0 -1
    outer loop
      vertex -14.9096 9.28709 0
      vertex -15.5 7.5 0
      vertex -14.9944 9.16672 0
    endloop
  endfacet
  facet normal 0 0 -1
    outer loop
      vertex -15.5 -7.5 0
      vertex -15.1458 -8.91418 0
      vertex -15.212 -8.78267 0
    endloop
  endfacet
  facet normal 0 0 -1
    outer loop
      vertex -14.9944 9.16672 0
      vertex -15.5 7.5 0
      vertex -15.0732 9.04231 0
    endloop
  endfacet
  facet normal 0 0 -1
    outer loop
      vertex -15.5 -7.5 0
      vertex -15.212 -8.78267 0
      vertex -15.2716 -8.64806 0
    endloop
  endfacet
  facet normal 0 0 -1
    outer loop
      vertex -15.0732 9.04231 0
      vertex -15.5 7.5 0
      vertex -15.1458 8.91418 0
    endloop
  endfacet
  facet normal 0 0 -1
    outer loop
      vertex -15.5 -7.5 0
      vertex -15.2716 -8.64806 0
      vertex -15.3246 -8.51067 0
    endloop
  endfacet
  facet normal 0 0 -1
    outer loop
      vertex -15.1458 8.91418 0
      vertex -15.5 7.5 0
      vertex -15.212 8.78267 0
    endloop
  endfacet
  facet normal 0 0 -1
    outer loop
      vertex -15.5 -7.5 0
      vertex -15.3246 -8.51067 0
      vertex -15.3708 -8.37085 0
    endloop
  endfacet
  facet normal 0 0 -1
    outer loop
      vertex -15.212 8.78267 0
      vertex -15.5 7.5 0
      vertex -15.2716 8.64806 0
    endloop
  endfacet
  facet normal 0 0 -1
    outer loop
      vertex -15.5 -7.5 0
      vertex -15.3708 -8.37085 0
      vertex -15.4101 -8.22894 0
    endloop
  endfacet
  facet normal 0 0 -1
    outer loop
      vertex -15.2716 8.64806 0
      vertex -15.5 7.5 0
      vertex -15.3246 8.51067 0
    endloop
  endfacet
  facet normal 0 0 -1
    outer loop
      vertex -15.5 -7.5 0
      vertex -15.4101 -8.22894 0
      vertex -15.4424 -8.08527 0
    endloop
  endfacet
  facet normal 0 0 -1
    outer loop
      vertex -15.3246 8.51067 0
      vertex -15.5 7.5 0
      vertex -15.3708 8.37085 0
    endloop
  endfacet
  facet normal 0 0 -1
    outer loop
      vertex -15.5 -7.5 0
      vertex -15.4424 -8.08527 0
      vertex -15.4675 -7.94019 0
    endloop
  endfacet
  facet normal 0 0 -1
    outer loop
      vertex -15.3708 8.37085 0
      vertex -15.5 7.5 0
      vertex -15.4101 8.22894 0
    endloop
  endfacet
  facet normal 0 0 -1
    outer loop
      vertex -15.5 -7.5 0
      vertex -15.4675 -7.94019 0
      vertex -15.4855 -7.79405 0
    endloop
  endfacet
  facet normal 0 0 -1
    outer loop
      vertex -15.4101 8.22894 0
      vertex -15.5 7.5 0
      vertex -15.4424 8.08527 0
    endloop
  endfacet
  facet normal 0 0 -1
    outer loop
      vertex -15.5 -7.5 0
      vertex -15.4855 -7.79405 0
      vertex -15.4964 -7.6472 0
    endloop
  endfacet
  facet normal 0 0 -1
    outer loop
      vertex -15.4424 8.08527 0
      vertex -15.5 7.5 0
      vertex -15.4675 7.94019 0
    endloop
  endfacet
  facet normal 0 0 -1
    outer loop
      vertex -15.4675 7.94019 0
      vertex -15.5 7.5 0
      vertex -15.4855 7.79405 0
    endloop
  endfacet
  facet normal 0 0 -1
    outer loop
      vertex -15.4855 7.79405 0
      vertex -15.5 7.5 0
      vertex -15.4964 7.6472 0
    endloop
  endfacet
  facet normal 0 0 1
    outer loop
      vertex 13 8 80
      vertex 15.5 7.5 80
      vertex 15.4964 7.6472 80
    endloop
  endfacet
  facet normal 0 0 1
    outer loop
      vertex 15.5 7.5 80
      vertex 13 8 80
      vertex 15.5 -7.5 80
    endloop
  endfacet
  facet normal 0 0 1
    outer loop
      vertex 13 8 80
      vertex 15.4964 7.6472 80
      vertex 15.4855 7.79405 80
    endloop
  endfacet
  facet normal 0 0 1
    outer loop
      vertex 13 -8 80
      vertex 15.5 -7.5 80
      vertex 13 8 80
    endloop
  endfacet
  facet normal 0 0 1
    outer loop
      vertex 13 8 80
      vertex 15.4855 7.79405 80
      vertex 15.4675 7.94019 80
    endloop
  endfacet
  facet normal 0 0 1
    outer loop
      vertex 15.5 -7.5 80
      vertex 13 -8 80
      vertex 15.4964 -7.6472 80
    endloop
  endfacet
  facet normal -0 0 1
    outer loop
      vertex 13 8 80
      vertex 15.4675 7.94019 80
      vertex 15.4424 8.08527 80
    endloop
  endfacet
  facet normal 0 0 1
    outer loop
      vertex 15.4964 -7.6472 80
      vertex 13 -8 80
      vertex 15.4855 -7.79405 80
    endloop
  endfacet
  facet normal 0 0 1
    outer loop
      vertex 13 8 80
      vertex 15.4424 8.08527 80
      vertex 15.4101 8.22894 80
    endloop
  endfacet
  facet normal 0 0 1
    outer loop
      vertex 15.4855 -7.79405 80
      vertex 13 -8 80
      vertex 15.4675 -7.94019 80
    endloop
  endfacet
  facet normal 0 0 1
    outer loop
      vertex 13 8 80
      vertex 15.4101 8.22894 80
      vertex 15.3708 8.37085 80
    endloop
  endfacet
  facet normal 0 0 1
    outer loop
      vertex 15.4675 -7.94019 80
      vertex 13 -8 80
      vertex 15.4424 -8.08527 80
    endloop
  endfacet
  facet normal 0 0 1
    outer loop
      vertex 13 8 80
      vertex 15.3708 8.37085 80
      vertex 15.3246 8.51067 80
    endloop
  endfacet
  facet normal 0 0 1
    outer loop
      vertex 15.4424 -8.08527 80
      vertex 13 -8 80
      vertex 15.4101 -8.22894 80
    endloop
  endfacet
  facet normal 0 0 1
    outer loop
      vertex 13 8 80
      vertex 15.3246 8.51067 80
      vertex 15.2716 8.64806 80
    endloop
  endfacet
  facet normal 0 0 1
    outer loop
      vertex 15.4101 -8.22894 80
      vertex 13 -8 80
      vertex 15.3708 -8.37085 80
    endloop
  endfacet
  facet normal 0 0 1
    outer loop
      vertex 13 8 80
      vertex 15.2716 8.64806 80
      vertex 15.212 8.78267 80
    endloop
  endfacet
  facet normal 0 0 1
    outer loop
      vertex 15.3708 -8.37085 80
      vertex 13 -8 80
      vertex 15.3246 -8.51067 80
    endloop
  endfacet
  facet normal 0 0 1
    outer loop
      vertex 13 8 80
      vertex 15.212 8.78267 80
      vertex 15.1458 8.91418 80
    endloop
  endfacet
  facet normal 0 0 1
    outer loop
      vertex 15.3246 -8.51067 80
      vertex 13 -8 80
      vertex 15.2716 -8.64806 80
    endloop
  endfacet
  facet normal 0 0 1
    outer loop
      vertex 13 8 80
      vertex 15.1458 8.91418 80
      vertex 15.0732 9.04231 80
    endloop
  endfacet
  facet normal 0 0 1
    outer loop
      vertex 15.2716 -8.64806 80
      vertex 13 -8 80
      vertex 15.212 -8.78267 80
    endloop
  endfacet
  facet normal 0 0 1
    outer loop
      vertex 13 8 80
      vertex 15.0732 9.04231 80
      vertex 14.9944 9.16672 80
    endloop
  endfacet
  facet normal 0 0 1
    outer loop
      vertex 15.212 -8.78267 80
      vertex 13 -8 80
      vertex 15.1458 -8.91418 80
    endloop
  endfacet
  facet normal 0 0 1
    outer loop
      vertex 13 8 80
      vertex 14.9944 9.16672 80
      vertex 14.9096 9.28709 80
    endloop
  endfacet
  facet normal 0 0 1
    outer loop
      vertex 15.1458 -8.91418 80
      vertex 13 -8 80
      vertex 15.0732 -9.04231 80
    endloop
  endfacet
  facet normal 0 0 1
    outer loop
      vertex 13 8 80
      vertex 14.9096 9.28709 80
      vertex 14.819 9.40318 80
    endloop
  endfacet
  facet normal 0 0 1
    outer loop
      vertex 15.0732 -9.04231 80
      vertex 13 -8 80
      vertex 14.9944 -9.16672 80
    endloop
  endfacet
  facet normal 0 0 1
    outer loop
      vertex 13 8 80
      vertex 14.819 9.40318 80
      vertex 14.7229 9.51468 80
    endloop
  endfacet
  facet normal 0 0 1
    outer loop
      vertex 14.9944 -9.16672 80
      vertex 13 -8 80
      vertex 14.9096 -9.28709 80
    endloop
  endfacet
  facet normal 0 0 1
    outer loop
      vertex 13 8 80
      vertex 14.7229 9.51468 80
      vertex 14.6213 9.62132 80
    endloop
  endfacet
  facet normal 0 0 1
    outer loop
      vertex 14.9096 -9.28709 80
      vertex 13 -8 80
      vertex 14.819 -9.40318 80
    endloop
  endfacet
  facet normal 0 0 1
    outer loop
      vertex 13 8 80
      vertex 14.6213 9.62132 80
      vertex 14.5147 9.72285 80
    endloop
  endfacet
  facet normal 0 0 1
    outer loop
      vertex 14.819 -9.40318 80
      vertex 13 -8 80
      vertex 14.7229 -9.51468 80
    endloop
  endfacet
  facet normal 0 0 1
    outer loop
      vertex 13 8 80
      vertex 14.5147 9.72285 80
      vertex 14.4032 9.81903 80
    endloop
  endfacet
  facet normal 0 0 1
    outer loop
      vertex 14.7229 -9.51468 80
      vertex 13 -8 80
      vertex 14.6213 -9.62132 80
    endloop
  endfacet
  facet normal 0 0 1
    outer loop
      vertex 13 8 80
      vertex 14.4032 9.81903 80
      vertex 14.2871 9.90962 80
    endloop
  endfacet
  facet normal 0 0 1
    outer loop
      vertex 14.6213 -9.62132 80
      vertex 13 -8 80
      vertex 14.5147 -9.72285 80
    endloop
  endfacet
  facet normal 0 0 1
    outer loop
      vertex 13 8 80
      vertex 14.2871 9.90962 80
      vertex 14.1667 9.99442 80
    endloop
  endfacet
  facet normal 0 0 1
    outer loop
      vertex 14.5147 -9.72285 80
      vertex 13 -8 80
      vertex 14.4032 -9.81903 80
    endloop
  endfacet
  facet normal 0 0 1
    outer loop
      vertex 13 8 80
      vertex 14.1667 9.99442 80
      vertex 14.0423 10.0732 80
    endloop
  endfacet
  facet normal 0 0 1
    outer loop
      vertex 14.4032 -9.81903 80
      vertex 13 -8 80
      vertex 14.2871 -9.90962 80
    endloop
  endfacet
  facet normal 0 0 1
    outer loop
      vertex 13 8 80
      vertex 14.0423 10.0732 80
      vertex 13.9142 10.1458 80
    endloop
  endfacet
  facet normal 0 0 1
    outer loop
      vertex 14.2871 -9.90962 80
      vertex 13 -8 80
      vertex 14.1667 -9.99442 80
    endloop
  endfacet
  facet normal 0 0 1
    outer loop
      vertex 13 8 80
      vertex 13.9142 10.1458 80
      vertex 13.7827 10.212 80
    endloop
  endfacet
  facet normal 0 0 1
    outer loop
      vertex 14.1667 -9.99442 80
      vertex 13 -8 80
      vertex 14.0423 -10.0732 80
    endloop
  endfacet
  facet normal 0 0 1
    outer loop
      vertex 13 8 80
      vertex 13.7827 10.212 80
      vertex 13.6481 10.2716 80
    endloop
  endfacet
  facet normal 0 0 1
    outer loop
      vertex 14.0423 -10.0732 80
      vertex 13 -8 80
      vertex 13.9142 -10.1458 80
    endloop
  endfacet
  facet normal 0 0 1
    outer loop
      vertex 13 8 80
      vertex 13.6481 10.2716 80
      vertex 13.5107 10.3246 80
    endloop
  endfacet
  facet normal 0 0 1
    outer loop
      vertex 13.9142 -10.1458 80
      vertex 13 -8 80
      vertex 13.7827 -10.212 80
    endloop
  endfacet
  facet normal 0 0 1
    outer loop
      vertex 13 8 80
      vertex 13.5107 10.3246 80
      vertex 13.3708 10.3708 80
    endloop
  endfacet
  facet normal 0 0 1
    outer loop
      vertex 13.7827 -10.212 80
      vertex 13 -8 80
      vertex 13.6481 -10.2716 80
    endloop
  endfacet
  facet normal 0 0 1
    outer loop
      vertex 13 8 80
      vertex 13.3708 10.3708 80
      vertex 13.2289 10.4101 80
    endloop
  endfacet
  facet normal 0 0 1
    outer loop
      vertex 13.6481 -10.2716 80
      vertex 13 -8 80
      vertex 13.5107 -10.3246 80
    endloop
  endfacet
  facet normal 0 0 1
    outer loop
      vertex 13 8 80
      vertex 13.2289 10.4101 80
      vertex 13.0853 10.4424 80
    endloop
  endfacet
  facet normal 0 0 1
    outer loop
      vertex 13.5107 -10.3246 80
      vertex 13 -8 80
      vertex 13.3708 -10.3708 80
    endloop
  endfacet
  facet normal 0 0 1
    outer loop
      vertex 13.3708 -10.3708 80
      vertex 13 -8 80
      vertex 13.2289 -10.4101 80
    endloop
  endfacet
  facet normal 0 0 1
    outer loop
      vertex 12.9402 10.4675 80
      vertex 13 8 80
      vertex 13.0853 10.4424 80
    endloop
  endfacet
  facet normal 0 0 1
    outer loop
      vertex 12.7941 10.4855 80
      vertex 13 8 80
      vertex 12.9402 10.4675 80
    endloop
  endfacet
  facet normal 0 0 1
    outer loop
      vertex 12.6472 10.4964 80
      vertex 13 8 80
      vertex 12.7941 10.4855 80
    endloop
  endfacet
  facet normal 0 0 1
    outer loop
      vertex 12.5 10.5 80
      vertex 13 8 80
      vertex 12.6472 10.4964 80
    endloop
  endfacet
  facet normal -0 0 1
    outer loop
      vertex -12.5 10.5 80
      vertex 13 8 80
      vertex 12.5 10.5 80
    endloop
  endfacet
  facet normal 0 0 1
    outer loop
      vertex -13 8 80
      vertex -12.5 10.5 80
      vertex -12.6472 10.4964 80
    endloop
  endfacet
  facet normal 0 0 1
    outer loop
      vertex -13 8 80
      vertex -12.6472 10.4964 80
      vertex -12.7941 10.4855 80
    endloop
  endfacet
  facet normal 0 0 1
    outer loop
      vertex -13 8 80
      vertex -12.7941 10.4855 80
      vertex -12.9402 10.4675 80
    endloop
  endfacet
  facet normal 0 0 1
    outer loop
      vertex -12.5 10.5 80
      vertex -13 8 80
      vertex 13 8 80
    endloop
  endfacet
  facet normal -0 0 1
    outer loop
      vertex -13.2289 10.4101 80
      vertex -13 8 80
      vertex -13.0853 10.4424 80
    endloop
  endfacet
  facet normal -0 0 1
    outer loop
      vertex -13.0853 10.4424 80
      vertex -13 8 80
      vertex -12.9402 10.4675 80
    endloop
  endfacet
  facet normal 0 0 1
    outer loop
      vertex 13.2289 -10.4101 80
      vertex 13 -8 80
      vertex 13.0853 -10.4424 80
    endloop
  endfacet
  facet normal 0 0 1
    outer loop
      vertex 13 -8 80
      vertex 12.9402 -10.4675 80
      vertex 13.0853 -10.4424 80
    endloop
  endfacet
  facet normal 0 0 1
    outer loop
      vertex 13 -8 80
      vertex 12.7941 -10.4855 80
      vertex 12.9402 -10.4675 80
    endloop
  endfacet
  facet normal 0 0 1
    outer loop
      vertex 13 -8 80
      vertex 12.6472 -10.4964 80
      vertex 12.7941 -10.4855 80
    endloop
  endfacet
  facet normal 0 0 1
    outer loop
      vertex 13 -8 80
      vertex 12.5 -10.5 80
      vertex 12.6472 -10.4964 80
    endloop
  endfacet
  facet normal 0 0 1
    outer loop
      vertex 13 -8 80
      vertex -12.5 -10.5 80
      vertex 12.5 -10.5 80
    endloop
  endfacet
  facet normal -0 0 1
    outer loop
      vertex -13 -8 80
      vertex -12.5 -10.5 80
      vertex 13 -8 80
    endloop
  endfacet
  facet normal 0 0 1
    outer loop
      vertex -12.5 -10.5 80
      vertex -13 -8 80
      vertex -12.6472 -10.4964 80
    endloop
  endfacet
  facet normal 0 0 1
    outer loop
      vertex -12.6472 -10.4964 80
      vertex -13 -8 80
      vertex -12.7941 -10.4855 80
    endloop
  endfacet
  facet normal 0 0 1
    outer loop
      vertex -12.7941 -10.4855 80
      vertex -13 -8 80
      vertex -12.9402 -10.4675 80
    endloop
  endfacet
  facet normal 0 0 1
    outer loop
      vertex -13 -8 80
      vertex -13.0853 -10.4424 80
      vertex -12.9402 -10.4675 80
    endloop
  endfacet
  facet normal 0 0 1
    outer loop
      vertex -13 8 80
      vertex -15.5 7.5 80
      vertex -13 -8 80
    endloop
  endfacet
  facet normal -0 0 1
    outer loop
      vertex -13.3708 10.3708 80
      vertex -13 8 80
      vertex -13.2289 10.4101 80
    endloop
  endfacet
  facet normal -0 0 1
    outer loop
      vertex -15.5 -7.5 80
      vertex -13 -8 80
      vertex -15.5 7.5 80
    endloop
  endfacet
  facet normal -0 0 1
    outer loop
      vertex -13.5107 10.3246 80
      vertex -13 8 80
      vertex -13.3708 10.3708 80
    endloop
  endfacet
  facet normal -0 -0 1
    outer loop
      vertex -15.4964 -7.6472 80
      vertex -13 -8 80
      vertex -15.5 -7.5 80
    endloop
  endfacet
  facet normal -0 0 1
    outer loop
      vertex -13.6481 10.2716 80
      vertex -13 8 80
      vertex -13.5107 10.3246 80
    endloop
  endfacet
  facet normal 0 0 1
    outer loop
      vertex -13 -8 80
      vertex -13.2289 -10.4101 80
      vertex -13.0853 -10.4424 80
    endloop
  endfacet
  facet normal -0 0 1
    outer loop
      vertex -13.7827 10.212 80
      vertex -13 8 80
      vertex -13.6481 10.2716 80
    endloop
  endfacet
  facet normal 0 0 1
    outer loop
      vertex -13 -8 80
      vertex -13.3708 -10.3708 80
      vertex -13.2289 -10.4101 80
    endloop
  endfacet
  facet normal -0 0 1
    outer loop
      vertex -13.9142 10.1458 80
      vertex -13 8 80
      vertex -13.7827 10.212 80
    endloop
  endfacet
  facet normal 0 0 1
    outer loop
      vertex -13 -8 80
      vertex -13.5107 -10.3246 80
      vertex -13.3708 -10.3708 80
    endloop
  endfacet
  facet normal -0 0 1
    outer loop
      vertex -14.0423 10.0732 80
      vertex -13 8 80
      vertex -13.9142 10.1458 80
    endloop
  endfacet
  facet normal 0 0 1
    outer loop
      vertex -13 -8 80
      vertex -13.6481 -10.2716 80
      vertex -13.5107 -10.3246 80
    endloop
  endfacet
  facet normal -0 0 1
    outer loop
      vertex -14.1667 9.99442 80
      vertex -13 8 80
      vertex -14.0423 10.0732 80
    endloop
  endfacet
  facet normal 0 0 1
    outer loop
      vertex -13 -8 80
      vertex -13.7827 -10.212 80
      vertex -13.6481 -10.2716 80
    endloop
  endfacet
  facet normal -0 0 1
    outer loop
      vertex -14.2871 9.90962 80
      vertex -13 8 80
      vertex -14.1667 9.99442 80
    endloop
  endfacet
  facet normal 0 0 1
    outer loop
      vertex -13 -8 80
      vertex -13.9142 -10.1458 80
      vertex -13.7827 -10.212 80
    endloop
  endfacet
  facet normal -0 0 1
    outer loop
      vertex -14.4032 9.81903 80
      vertex -13 8 80
      vertex -14.2871 9.90962 80
    endloop
  endfacet
  facet normal 0 0 1
    outer loop
      vertex -13 -8 80
      vertex -14.0423 -10.0732 80
      vertex -13.9142 -10.1458 80
    endloop
  endfacet
  facet normal -0 0 1
    outer loop
      vertex -14.5147 9.72285 80
      vertex -13 8 80
      vertex -14.4032 9.81903 80
    endloop
  endfacet
  facet normal 0 0 1
    outer loop
      vertex -13 -8 80
      vertex -14.1667 -9.99442 80
      vertex -14.0423 -10.0732 80
    endloop
  endfacet
  facet normal -0 0 1
    outer loop
      vertex -14.6213 9.62132 80
      vertex -13 8 80
      vertex -14.5147 9.72285 80
    endloop
  endfacet
  facet normal 0 0 1
    outer loop
      vertex -13 -8 80
      vertex -14.2871 -9.90962 80
      vertex -14.1667 -9.99442 80
    endloop
  endfacet
  facet normal -0 0 1
    outer loop
      vertex -14.7229 9.51468 80
      vertex -13 8 80
      vertex -14.6213 9.62132 80
    endloop
  endfacet
  facet normal 0 0 1
    outer loop
      vertex -13 -8 80
      vertex -14.4032 -9.81903 80
      vertex -14.2871 -9.90962 80
    endloop
  endfacet
  facet normal -0 0 1
    outer loop
      vertex -14.819 9.40318 80
      vertex -13 8 80
      vertex -14.7229 9.51468 80
    endloop
  endfacet
  facet normal 0 0 1
    outer loop
      vertex -13 -8 80
      vertex -14.5147 -9.72285 80
      vertex -14.4032 -9.81903 80
    endloop
  endfacet
  facet normal -0 0 1
    outer loop
      vertex -14.9096 9.28709 80
      vertex -13 8 80
      vertex -14.819 9.40318 80
    endloop
  endfacet
  facet normal 0 0 1
    outer loop
      vertex -13 -8 80
      vertex -14.6213 -9.62132 80
      vertex -14.5147 -9.72285 80
    endloop
  endfacet
  facet normal -0 0 1
    outer loop
      vertex -14.9944 9.16672 80
      vertex -13 8 80
      vertex -14.9096 9.28709 80
    endloop
  endfacet
  facet normal 0 0 1
    outer loop
      vertex -13 -8 80
      vertex -14.7229 -9.51468 80
      vertex -14.6213 -9.62132 80
    endloop
  endfacet
  facet normal -0 0 1
    outer loop
      vertex -15.0732 9.04231 80
      vertex -13 8 80
      vertex -14.9944 9.16672 80
    endloop
  endfacet
  facet normal 0 0 1
    outer loop
      vertex -13 -8 80
      vertex -14.819 -9.40318 80
      vertex -14.7229 -9.51468 80
    endloop
  endfacet
  facet normal -0 0 1
    outer loop
      vertex -15.1458 8.91418 80
      vertex -13 8 80
      vertex -15.0732 9.04231 80
    endloop
  endfacet
  facet normal 0 0 1
    outer loop
      vertex -13 -8 80
      vertex -14.9096 -9.28709 80
      vertex -14.819 -9.40318 80
    endloop
  endfacet
  facet normal -0 0 1
    outer loop
      vertex -15.212 8.78267 80
      vertex -13 8 80
      vertex -15.1458 8.91418 80
    endloop
  endfacet
  facet normal 0 0 1
    outer loop
      vertex -13 -8 80
      vertex -14.9944 -9.16672 80
      vertex -14.9096 -9.28709 80
    endloop
  endfacet
  facet normal -0 0 1
    outer loop
      vertex -15.2716 8.64806 80
      vertex -13 8 80
      vertex -15.212 8.78267 80
    endloop
  endfacet
  facet normal 0 0 1
    outer loop
      vertex -13 -8 80
      vertex -15.0732 -9.04231 80
      vertex -14.9944 -9.16672 80
    endloop
  endfacet
  facet normal -0 0 1
    outer loop
      vertex -15.3246 8.51067 80
      vertex -13 8 80
      vertex -15.2716 8.64806 80
    endloop
  endfacet
  facet normal 0 0 1
    outer loop
      vertex -13 -8 80
      vertex -15.1458 -8.91418 80
      vertex -15.0732 -9.04231 80
    endloop
  endfacet
  facet normal -0 0 1
    outer loop
      vertex -15.3708 8.37085 80
      vertex -13 8 80
      vertex -15.3246 8.51067 80
    endloop
  endfacet
  facet normal 0 0 1
    outer loop
      vertex -13 -8 80
      vertex -15.212 -8.78267 80
      vertex -15.1458 -8.91418 80
    endloop
  endfacet
  facet normal -0 0 1
    outer loop
      vertex -15.4101 8.22894 80
      vertex -13 8 80
      vertex -15.3708 8.37085 80
    endloop
  endfacet
  facet normal 0 0 1
    outer loop
      vertex -13 -8 80
      vertex -15.2716 -8.64806 80
      vertex -15.212 -8.78267 80
    endloop
  endfacet
  facet normal -0 0 1
    outer loop
      vertex -15.4424 8.08527 80
      vertex -13 8 80
      vertex -15.4101 8.22894 80
    endloop
  endfacet
  facet normal 0 0 1
    outer loop
      vertex -13 -8 80
      vertex -15.3246 -8.51067 80
      vertex -15.2716 -8.64806 80
    endloop
  endfacet
  facet normal 0 0 1
    outer loop
      vertex -15.4675 7.94019 80
      vertex -13 8 80
      vertex -15.4424 8.08527 80
    endloop
  endfacet
  facet normal 0 0 1
    outer loop
      vertex -13 -8 80
      vertex -15.3708 -8.37085 80
      vertex -15.3246 -8.51067 80
    endloop
  endfacet
  facet normal 0 0 1
    outer loop
      vertex -15.4855 7.79405 80
      vertex -13 8 80
      vertex -15.4675 7.94019 80
    endloop
  endfacet
  facet normal 0 0 1
    outer loop
      vertex -13 -8 80
      vertex -15.4101 -8.22894 80
      vertex -15.3708 -8.37085 80
    endloop
  endfacet
  facet normal 0 0 1
    outer loop
      vertex -15.4964 7.6472 80
      vertex -13 8 80
      vertex -15.4855 7.79405 80
    endloop
  endfacet
  facet normal 0 0 1
    outer loop
      vertex -13 -8 80
      vertex -15.4424 -8.08527 80
      vertex -15.4101 -8.22894 80
    endloop
  endfacet
  facet normal 0 0 1
    outer loop
      vertex -13 8 80
      vertex -15.4964 7.6472 80
      vertex -15.5 7.5 80
    endloop
  endfacet
  facet normal 0 0 1
    outer loop
      vertex -13 -8 80
      vertex -15.4675 -7.94019 80
      vertex -15.4424 -8.08527 80
    endloop
  endfacet
  facet normal 0 0 1
    outer loop
      vertex -13 -8 80
      vertex -15.4855 -7.79405 80
      vertex -15.4675 -7.94019 80
    endloop
  endfacet
  facet normal 0 0 1
    outer loop
      vertex -13 -8 80
      vertex -15.4964 -7.6472 80
      vertex -15.4855 -7.79405 80
    endloop
  endfacet
  facet normal 1 -0 0
    outer loop
      vertex -13 -8 80
      vertex -13 8 2.5
      vertex -13 8 80
    endloop
  endfacet
  facet normal 1 0 0
    outer loop
      vertex -13 8 2.5
      vertex -13 -8 80
      vertex -13 -8 2.5
    endloop
  endfacet
  facet normal 0 0 1
    outer loop
      vertex 13 8 2.5
      vertex 10.25 0 2.5
      vertex 13 -8 2.5
    endloop
  endfacet
  facet normal 0 0 1
    outer loop
      vertex 13 8 2.5
      vertex 10.2461 0.15947 2.5
      vertex 10.25 0 2.5
    endloop
  endfacet
  facet normal 0 0 1
    outer loop
      vertex 13 8 2.5
      vertex 10.2344 0.318555 2.5
      vertex 10.2461 0.15947 2.5
    endloop
  endfacet
  facet normal 0 0 1
    outer loop
      vertex 13 8 2.5
      vertex 10.2148 0.476873 2.5
      vertex 10.2344 0.318555 2.5
    endloop
  endfacet
  facet normal 0 0 1
    outer loop
      vertex 13 8 2.5
      vertex 10.1876 0.634043 2.5
      vertex 10.2148 0.476873 2.5
    endloop
  endfacet
  facet normal 0 0 1
    outer loop
      vertex 13 8 2.5
      vertex 10.1526 0.789685 2.5
      vertex 10.1876 0.634043 2.5
    endloop
  endfacet
  facet normal 0 0 1
    outer loop
      vertex 13 8 2.5
      vertex 10.1101 0.943425 2.5
      vertex 10.1526 0.789685 2.5
    endloop
  endfacet
  facet normal 0 0 1
    outer loop
      vertex 13 8 2.5
      vertex 10.06 1.09489 2.5
      vertex 10.1101 0.943425 2.5
    endloop
  endfacet
  facet normal 0 0 1
    outer loop
      vertex 13 8 2.5
      vertex 10.0026 1.24372 2.5
      vertex 10.06 1.09489 2.5
    endloop
  endfacet
  facet normal 0 0 1
    outer loop
      vertex 13 8 2.5
      vertex 9.93796 1.38955 2.5
      vertex 10.0026 1.24372 2.5
    endloop
  endfacet
  facet normal 0 0 1
    outer loop
      vertex 13 8 2.5
      vertex 9.86624 1.53204 2.5
      vertex 9.93796 1.38955 2.5
    endloop
  endfacet
  facet normal 0 0 1
    outer loop
      vertex 13 8 2.5
      vertex 9.78762 1.67083 2.5
      vertex 9.86624 1.53204 2.5
    endloop
  endfacet
  facet normal 0 0 1
    outer loop
      vertex 13 8 2.5
      vertex 9.70228 1.8056 2.5
      vertex 9.78762 1.67083 2.5
    endloop
  endfacet
  facet normal 0 0 1
    outer loop
      vertex 13 8 2.5
      vertex 9.61042 1.93602 2.5
      vertex 9.70228 1.8056 2.5
    endloop
  endfacet
  facet normal 0 0 1
    outer loop
      vertex 13 8 2.5
      vertex 9.51228 2.06178 2.5
      vertex 9.61042 1.93602 2.5
    endloop
  endfacet
  facet normal 0 0 1
    outer loop
      vertex 13 8 2.5
      vertex 9.40809 2.18257 2.5
      vertex 9.51228 2.06178 2.5
    endloop
  endfacet
  facet normal 0 0 1
    outer loop
      vertex 13 8 2.5
      vertex 9.2981 2.2981 2.5
      vertex 9.40809 2.18257 2.5
    endloop
  endfacet
  facet normal 0 0 1
    outer loop
      vertex 13 8 2.5
      vertex 9.18257 2.40809 2.5
      vertex 9.2981 2.2981 2.5
    endloop
  endfacet
  facet normal 0 0 1
    outer loop
      vertex 13 8 2.5
      vertex 9.06178 2.51228 2.5
      vertex 9.18257 2.40809 2.5
    endloop
  endfacet
  facet normal 0 0 1
    outer loop
      vertex 13 8 2.5
      vertex 8.93602 2.61042 2.5
      vertex 9.06178 2.51228 2.5
    endloop
  endfacet
  facet normal 0 0 1
    outer loop
      vertex 13 8 2.5
      vertex 8.8056 2.70228 2.5
      vertex 8.93602 2.61042 2.5
    endloop
  endfacet
  facet normal 0 0 1
    outer loop
      vertex 13 8 2.5
      vertex 8.67083 2.78762 2.5
      vertex 8.8056 2.70228 2.5
    endloop
  endfacet
  facet normal 0 0 1
    outer loop
      vertex 13 8 2.5
      vertex 8.53204 2.86624 2.5
      vertex 8.67083 2.78762 2.5
    endloop
  endfacet
  facet normal 0 0 1
    outer loop
      vertex 13 8 2.5
      vertex 8.38955 2.93796 2.5
      vertex 8.53204 2.86624 2.5
    endloop
  endfacet
  facet normal 0 0 1
    outer loop
      vertex 13 8 2.5
      vertex 8.24372 3.00261 2.5
      vertex 8.38955 2.93796 2.5
    endloop
  endfacet
  facet normal 0 0 1
    outer loop
      vertex 13 8 2.5
      vertex 8.09489 3.06002 2.5
      vertex 8.24372 3.00261 2.5
    endloop
  endfacet
  facet normal 0 0 1
    outer loop
      vertex 13 8 2.5
      vertex 7.94343 3.11006 2.5
      vertex 8.09489 3.06002 2.5
    endloop
  endfacet
  facet normal 0 0 1
    outer loop
      vertex 13 8 2.5
      vertex 7.78969 3.1526 2.5
      vertex 7.94343 3.11006 2.5
    endloop
  endfacet
  facet normal 0 0 1
    outer loop
      vertex 13 8 2.5
      vertex 7.63404 3.18755 2.5
      vertex 7.78969 3.1526 2.5
    endloop
  endfacet
  facet normal 0 0 1
    outer loop
      vertex 13 8 2.5
      vertex 7.47687 3.21482 2.5
      vertex 7.63404 3.18755 2.5
    endloop
  endfacet
  facet normal 0 0 1
    outer loop
      vertex 13 8 2.5
      vertex 7.31855 3.23435 2.5
      vertex 7.47687 3.21482 2.5
    endloop
  endfacet
  facet normal 0 0 1
    outer loop
      vertex 13 8 2.5
      vertex 7.15947 3.24609 2.5
      vertex 7.31855 3.23435 2.5
    endloop
  endfacet
  facet normal 0 0 1
    outer loop
      vertex 13 8 2.5
      vertex 7 3.25 2.5
      vertex 7.15947 3.24609 2.5
    endloop
  endfacet
  facet normal 0 0 1
    outer loop
      vertex 13 8 2.5
      vertex 6.84053 3.24609 2.5
      vertex 7 3.25 2.5
    endloop
  endfacet
  facet normal 0 0 1
    outer loop
      vertex 13 8 2.5
      vertex 6.68144 3.23435 2.5
      vertex 6.84053 3.24609 2.5
    endloop
  endfacet
  facet normal 0 0 1
    outer loop
      vertex 13 8 2.5
      vertex 6.52313 3.21482 2.5
      vertex 6.68144 3.23435 2.5
    endloop
  endfacet
  facet normal 0 0 1
    outer loop
      vertex 13 8 2.5
      vertex 6.36596 3.18755 2.5
      vertex 6.52313 3.21482 2.5
    endloop
  endfacet
  facet normal 0 0 1
    outer loop
      vertex 13 8 2.5
      vertex 6.21031 3.1526 2.5
      vertex 6.36596 3.18755 2.5
    endloop
  endfacet
  facet normal 0 0 1
    outer loop
      vertex 13 8 2.5
      vertex 6.05657 3.11006 2.5
      vertex 6.21031 3.1526 2.5
    endloop
  endfacet
  facet normal 0 0 1
    outer loop
      vertex 13 8 2.5
      vertex 5.90511 3.06002 2.5
      vertex 6.05657 3.11006 2.5
    endloop
  endfacet
  facet normal -0 0 1
    outer loop
      vertex -13 8 2.5
      vertex 5.90511 3.06002 2.5
      vertex 13 8 2.5
    endloop
  endfacet
  facet normal 0 0 1
    outer loop
      vertex 5.90511 3.06002 2.5
      vertex -13 8 2.5
      vertex 5.75628 3.00261 2.5
    endloop
  endfacet
  facet normal 0 0 1
    outer loop
      vertex 5.75628 3.00261 2.5
      vertex -13 8 2.5
      vertex 5.61045 2.93796 2.5
    endloop
  endfacet
  facet normal 0 0 1
    outer loop
      vertex 5.61045 2.93796 2.5
      vertex -13 8 2.5
      vertex 5.46796 2.86624 2.5
    endloop
  endfacet
  facet normal 0 0 1
    outer loop
      vertex 5.46796 2.86624 2.5
      vertex -13 8 2.5
      vertex 5.32917 2.78762 2.5
    endloop
  endfacet
  facet normal 0 0 1
    outer loop
      vertex 3.75391 0.15947 2.5
      vertex -13 8 2.5
      vertex 3.75 0 2.5
    endloop
  endfacet
  facet normal 0 0 1
    outer loop
      vertex 3.76565 0.318555 2.5
      vertex -13 8 2.5
      vertex 3.75391 0.15947 2.5
    endloop
  endfacet
  facet normal 0 0 1
    outer loop
      vertex 3.78518 0.476873 2.5
      vertex -13 8 2.5
      vertex 3.76565 0.318555 2.5
    endloop
  endfacet
  facet normal 0 0 1
    outer loop
      vertex 3.81245 0.634043 2.5
      vertex -13 8 2.5
      vertex 3.78518 0.476873 2.5
    endloop
  endfacet
  facet normal 0 0 1
    outer loop
      vertex 3.8474 0.789685 2.5
      vertex -13 8 2.5
      vertex 3.81245 0.634043 2.5
    endloop
  endfacet
  facet normal 0 0 1
    outer loop
      vertex 3.88994 0.943425 2.5
      vertex -13 8 2.5
      vertex 3.8474 0.789685 2.5
    endloop
  endfacet
  facet normal 0 0 1
    outer loop
      vertex 3.93998 1.09489 2.5
      vertex -13 8 2.5
      vertex 3.88994 0.943425 2.5
    endloop
  endfacet
  facet normal 0 0 1
    outer loop
      vertex 3.99739 1.24372 2.5
      vertex -13 8 2.5
      vertex 3.93998 1.09489 2.5
    endloop
  endfacet
  facet normal 0 0 1
    outer loop
      vertex 4.06203 1.38955 2.5
      vertex -13 8 2.5
      vertex 3.99739 1.24372 2.5
    endloop
  endfacet
  facet normal 0 0 1
    outer loop
      vertex 4.13376 1.53204 2.5
      vertex -13 8 2.5
      vertex 4.06203 1.38955 2.5
    endloop
  endfacet
  facet normal 0 0 1
    outer loop
      vertex 4.21238 1.67083 2.5
      vertex -13 8 2.5
      vertex 4.13376 1.53204 2.5
    endloop
  endfacet
  facet normal 0 0 1
    outer loop
      vertex 4.29772 1.8056 2.5
      vertex -13 8 2.5
      vertex 4.21238 1.67083 2.5
    endloop
  endfacet
  facet normal 0 0 1
    outer loop
      vertex 4.38958 1.93602 2.5
      vertex -13 8 2.5
      vertex 4.29772 1.8056 2.5
    endloop
  endfacet
  facet normal 0 0 1
    outer loop
      vertex 4.48772 2.06178 2.5
      vertex -13 8 2.5
      vertex 4.38958 1.93602 2.5
    endloop
  endfacet
  facet normal 0 0 1
    outer loop
      vertex 4.59191 2.18257 2.5
      vertex -13 8 2.5
      vertex 4.48772 2.06178 2.5
    endloop
  endfacet
  facet normal 0 0 1
    outer loop
      vertex 4.7019 2.2981 2.5
      vertex -13 8 2.5
      vertex 4.59191 2.18257 2.5
    endloop
  endfacet
  facet normal 0 0 1
    outer loop
      vertex 4.81743 2.40809 2.5
      vertex -13 8 2.5
      vertex 4.7019 2.2981 2.5
    endloop
  endfacet
  facet normal 0 0 1
    outer loop
      vertex 4.93822 2.51228 2.5
      vertex -13 8 2.5
      vertex 4.81743 2.40809 2.5
    endloop
  endfacet
  facet normal 0 0 1
    outer loop
      vertex 5.06398 2.61042 2.5
      vertex -13 8 2.5
      vertex 4.93822 2.51228 2.5
    endloop
  endfacet
  facet normal 0 0 1
    outer loop
      vertex 5.1944 2.70228 2.5
      vertex -13 8 2.5
      vertex 5.06398 2.61042 2.5
    endloop
  endfacet
  facet normal 0 0 1
    outer loop
      vertex 5.32917 2.78762 2.5
      vertex -13 8 2.5
      vertex 5.1944 2.70228 2.5
    endloop
  endfacet
  facet normal -0 0 1
    outer loop
      vertex 10.2461 -0.15947 2.5
      vertex 13 -8 2.5
      vertex 10.25 0 2.5
    endloop
  endfacet
  facet normal -0 0 1
    outer loop
      vertex 10.2344 -0.318555 2.5
      vertex 13 -8 2.5
      vertex 10.2461 -0.15947 2.5
    endloop
  endfacet
  facet normal -0 0 1
    outer loop
      vertex 10.2148 -0.476873 2.5
      vertex 13 -8 2.5
      vertex 10.2344 -0.318555 2.5
    endloop
  endfacet
  facet normal -0 0 1
    outer loop
      vertex 10.1876 -0.634043 2.5
      vertex 13 -8 2.5
      vertex 10.2148 -0.476873 2.5
    endloop
  endfacet
  facet normal -0 0 1
    outer loop
      vertex 10.1526 -0.789685 2.5
      vertex 13 -8 2.5
      vertex 10.1876 -0.634043 2.5
    endloop
  endfacet
  facet normal -0 0 1
    outer loop
      vertex 10.1101 -0.943425 2.5
      vertex 13 -8 2.5
      vertex 10.1526 -0.789685 2.5
    endloop
  endfacet
  facet normal -0 0 1
    outer loop
      vertex 10.06 -1.09489 2.5
      vertex 13 -8 2.5
      vertex 10.1101 -0.943425 2.5
    endloop
  endfacet
  facet normal -0 0 1
    outer loop
      vertex 10.0026 -1.24372 2.5
      vertex 13 -8 2.5
      vertex 10.06 -1.09489 2.5
    endloop
  endfacet
  facet normal -0 0 1
    outer loop
      vertex 9.93796 -1.38955 2.5
      vertex 13 -8 2.5
      vertex 10.0026 -1.24372 2.5
    endloop
  endfacet
  facet normal -0 0 1
    outer loop
      vertex 9.86624 -1.53204 2.5
      vertex 13 -8 2.5
      vertex 9.93796 -1.38955 2.5
    endloop
  endfacet
  facet normal -0 0 1
    outer loop
      vertex 9.78762 -1.67083 2.5
      vertex 13 -8 2.5
      vertex 9.86624 -1.53204 2.5
    endloop
  endfacet
  facet normal -0 0 1
    outer loop
      vertex 9.70228 -1.8056 2.5
      vertex 13 -8 2.5
      vertex 9.78762 -1.67083 2.5
    endloop
  endfacet
  facet normal -0 0 1
    outer loop
      vertex 9.61042 -1.93602 2.5
      vertex 13 -8 2.5
      vertex 9.70228 -1.8056 2.5
    endloop
  endfacet
  facet normal -0 0 1
    outer loop
      vertex 9.51228 -2.06178 2.5
      vertex 13 -8 2.5
      vertex 9.61042 -1.93602 2.5
    endloop
  endfacet
  facet normal -0 0 1
    outer loop
      vertex 9.40809 -2.18257 2.5
      vertex 13 -8 2.5
      vertex 9.51228 -2.06178 2.5
    endloop
  endfacet
  facet normal -0 0 1
    outer loop
      vertex 9.2981 -2.2981 2.5
      vertex 13 -8 2.5
      vertex 9.40809 -2.18257 2.5
    endloop
  endfacet
  facet normal -0 0 1
    outer loop
      vertex 9.18257 -2.40809 2.5
      vertex 13 -8 2.5
      vertex 9.2981 -2.2981 2.5
    endloop
  endfacet
  facet normal -0 0 1
    outer loop
      vertex 9.06178 -2.51228 2.5
      vertex 13 -8 2.5
      vertex 9.18257 -2.40809 2.5
    endloop
  endfacet
  facet normal -0 0 1
    outer loop
      vertex 8.93602 -2.61042 2.5
      vertex 13 -8 2.5
      vertex 9.06178 -2.51228 2.5
    endloop
  endfacet
  facet normal -0 0 1
    outer loop
      vertex 8.8056 -2.70228 2.5
      vertex 13 -8 2.5
      vertex 8.93602 -2.61042 2.5
    endloop
  endfacet
  facet normal -0 0 1
    outer loop
      vertex 8.67083 -2.78762 2.5
      vertex 13 -8 2.5
      vertex 8.8056 -2.70228 2.5
    endloop
  endfacet
  facet normal -0 0 1
    outer loop
      vertex 8.53204 -2.86624 2.5
      vertex 13 -8 2.5
      vertex 8.67083 -2.78762 2.5
    endloop
  endfacet
  facet normal -0 0 1
    outer loop
      vertex 8.38955 -2.93796 2.5
      vertex 13 -8 2.5
      vertex 8.53204 -2.86624 2.5
    endloop
  endfacet
  facet normal -0 0 1
    outer loop
      vertex 8.24372 -3.00261 2.5
      vertex 13 -8 2.5
      vertex 8.38955 -2.93796 2.5
    endloop
  endfacet
  facet normal -0 0 1
    outer loop
      vertex 8.09489 -3.06002 2.5
      vertex 13 -8 2.5
      vertex 8.24372 -3.00261 2.5
    endloop
  endfacet
  facet normal -0 0 1
    outer loop
      vertex 7.94343 -3.11006 2.5
      vertex 13 -8 2.5
      vertex 8.09489 -3.06002 2.5
    endloop
  endfacet
  facet normal -0 0 1
    outer loop
      vertex 7.78969 -3.1526 2.5
      vertex 13 -8 2.5
      vertex 7.94343 -3.11006 2.5
    endloop
  endfacet
  facet normal -0 0 1
    outer loop
      vertex 7.63404 -3.18755 2.5
      vertex 13 -8 2.5
      vertex 7.78969 -3.1526 2.5
    endloop
  endfacet
  facet normal -0 0 1
    outer loop
      vertex 7.47687 -3.21482 2.5
      vertex 13 -8 2.5
      vertex 7.63404 -3.18755 2.5
    endloop
  endfacet
  facet normal -0 0 1
    outer loop
      vertex 7.31855 -3.23435 2.5
      vertex 13 -8 2.5
      vertex 7.47687 -3.21482 2.5
    endloop
  endfacet
  facet normal -0 0 1
    outer loop
      vertex 7.15947 -3.24609 2.5
      vertex 13 -8 2.5
      vertex 7.31855 -3.23435 2.5
    endloop
  endfacet
  facet normal -0 0 1
    outer loop
      vertex 7 -3.25 2.5
      vertex 13 -8 2.5
      vertex 7.15947 -3.24609 2.5
    endloop
  endfacet
  facet normal 0 0 1
    outer loop
      vertex 6.84053 -3.24609 2.5
      vertex 13 -8 2.5
      vertex 7 -3.25 2.5
    endloop
  endfacet
  facet normal 0 0 1
    outer loop
      vertex 6.68144 -3.23435 2.5
      vertex 13 -8 2.5
      vertex 6.84053 -3.24609 2.5
    endloop
  endfacet
  facet normal 0 0 1
    outer loop
      vertex 6.52313 -3.21482 2.5
      vertex 13 -8 2.5
      vertex 6.68144 -3.23435 2.5
    endloop
  endfacet
  facet normal 0 0 1
    outer loop
      vertex 6.36596 -3.18755 2.5
      vertex 13 -8 2.5
      vertex 6.52313 -3.21482 2.5
    endloop
  endfacet
  facet normal 0 0 1
    outer loop
      vertex 6.21031 -3.1526 2.5
      vertex 13 -8 2.5
      vertex 6.36596 -3.18755 2.5
    endloop
  endfacet
  facet normal 0 0 1
    outer loop
      vertex 6.05657 -3.11006 2.5
      vertex 13 -8 2.5
      vertex 6.21031 -3.1526 2.5
    endloop
  endfacet
  facet normal 0 0 1
    outer loop
      vertex 5.90511 -3.06002 2.5
      vertex 13 -8 2.5
      vertex 6.05657 -3.11006 2.5
    endloop
  endfacet
  facet normal 0 0 1
    outer loop
      vertex -13 -8 2.5
      vertex 5.90511 -3.06002 2.5
      vertex 5.75628 -3.00261 2.5
    endloop
  endfacet
  facet normal 0 0 1
    outer loop
      vertex -13 -8 2.5
      vertex 5.75628 -3.00261 2.5
      vertex 5.61045 -2.93796 2.5
    endloop
  endfacet
  facet normal 0 0 1
    outer loop
      vertex -13 -8 2.5
      vertex 5.61045 -2.93796 2.5
      vertex 5.46796 -2.86624 2.5
    endloop
  endfacet
  facet normal 0 0 1
    outer loop
      vertex -13 -8 2.5
      vertex 5.46796 -2.86624 2.5
      vertex 5.32917 -2.78762 2.5
    endloop
  endfacet
  facet normal 0 0 1
    outer loop
      vertex -13 -8 2.5
      vertex 5.32917 -2.78762 2.5
      vertex 5.1944 -2.70228 2.5
    endloop
  endfacet
  facet normal 0 0 1
    outer loop
      vertex -13 -8 2.5
      vertex 3.75 0 2.5
      vertex -13 8 2.5
    endloop
  endfacet
  facet normal 0 0 1
    outer loop
      vertex 3.75 0 2.5
      vertex -13 -8 2.5
      vertex 3.75391 -0.15947 2.5
    endloop
  endfacet
  facet normal 0 0 1
    outer loop
      vertex 3.75391 -0.15947 2.5
      vertex -13 -8 2.5
      vertex 3.76565 -0.318555 2.5
    endloop
  endfacet
  facet normal 0 0 1
    outer loop
      vertex 3.76565 -0.318555 2.5
      vertex -13 -8 2.5
      vertex 3.78518 -0.476873 2.5
    endloop
  endfacet
  facet normal 0 0 1
    outer loop
      vertex 3.78518 -0.476873 2.5
      vertex -13 -8 2.5
      vertex 3.81245 -0.634043 2.5
    endloop
  endfacet
  facet normal 0 0 1
    outer loop
      vertex 3.81245 -0.634043 2.5
      vertex -13 -8 2.5
      vertex 3.8474 -0.789685 2.5
    endloop
  endfacet
  facet normal 0 0 1
    outer loop
      vertex 3.8474 -0.789685 2.5
      vertex -13 -8 2.5
      vertex 3.88994 -0.943425 2.5
    endloop
  endfacet
  facet normal 0 0 1
    outer loop
      vertex 3.88994 -0.943425 2.5
      vertex -13 -8 2.5
      vertex 3.93998 -1.09489 2.5
    endloop
  endfacet
  facet normal 0 0 1
    outer loop
      vertex 3.93998 -1.09489 2.5
      vertex -13 -8 2.5
      vertex 3.99739 -1.24372 2.5
    endloop
  endfacet
  facet normal 0 0 1
    outer loop
      vertex 3.99739 -1.24372 2.5
      vertex -13 -8 2.5
      vertex 4.06203 -1.38955 2.5
    endloop
  endfacet
  facet normal 0 0 1
    outer loop
      vertex 4.06203 -1.38955 2.5
      vertex -13 -8 2.5
      vertex 4.13376 -1.53204 2.5
    endloop
  endfacet
  facet normal 0 0 1
    outer loop
      vertex 4.13376 -1.53204 2.5
      vertex -13 -8 2.5
      vertex 4.21238 -1.67083 2.5
    endloop
  endfacet
  facet normal 0 0 1
    outer loop
      vertex 4.21238 -1.67083 2.5
      vertex -13 -8 2.5
      vertex 4.29772 -1.8056 2.5
    endloop
  endfacet
  facet normal 0 0 1
    outer loop
      vertex 4.29772 -1.8056 2.5
      vertex -13 -8 2.5
      vertex 4.38958 -1.93602 2.5
    endloop
  endfacet
  facet normal 0 0 1
    outer loop
      vertex 4.38958 -1.93602 2.5
      vertex -13 -8 2.5
      vertex 4.48772 -2.06178 2.5
    endloop
  endfacet
  facet normal 0 0 1
    outer loop
      vertex 4.48772 -2.06178 2.5
      vertex -13 -8 2.5
      vertex 4.59191 -2.18257 2.5
    endloop
  endfacet
  facet normal 0 0 1
    outer loop
      vertex 4.59191 -2.18257 2.5
      vertex -13 -8 2.5
      vertex 4.7019 -2.2981 2.5
    endloop
  endfacet
  facet normal 0 0 1
    outer loop
      vertex 4.7019 -2.2981 2.5
      vertex -13 -8 2.5
      vertex 4.81743 -2.40809 2.5
    endloop
  endfacet
  facet normal 0 0 1
    outer loop
      vertex 4.81743 -2.40809 2.5
      vertex -13 -8 2.5
      vertex 4.93822 -2.51228 2.5
    endloop
  endfacet
  facet normal 0 0 1
    outer loop
      vertex 4.93822 -2.51228 2.5
      vertex -13 -8 2.5
      vertex 5.06398 -2.61042 2.5
    endloop
  endfacet
  facet normal 0 0 1
    outer loop
      vertex 5.06398 -2.61042 2.5
      vertex -13 -8 2.5
      vertex 5.1944 -2.70228 2.5
    endloop
  endfacet
  facet normal 0 0 1
    outer loop
      vertex 5.90511 -3.06002 2.5
      vertex -13 -8 2.5
      vertex 13 -8 2.5
    endloop
  endfacet
  facet normal 0 1 -0
    outer loop
      vertex 13 -8 2.5
      vertex -13 -8 80
      vertex 13 -8 80
    endloop
  endfacet
  facet normal 0 1 0
    outer loop
      vertex -13 -8 80
      vertex 13 -8 2.5
      vertex -13 -8 2.5
    endloop
  endfacet
  facet normal -1 0 0
    outer loop
      vertex 13 2.24157 56.3285
      vertex 13 8 80
      vertex 13 8 2.5
    endloop
  endfacet
  facet normal -1 0 0
    outer loop
      vertex 13 8 80
      vertex 13 2.24789 56.4141
      vertex 13 2.25 56.5
    endloop
  endfacet
  facet normal -1 0 0
    outer loop
      vertex 13 8 80
      vertex 13 2.24157 56.3285
      vertex 13 2.24789 56.4141
    endloop
  endfacet
  facet normal -1 0 0
    outer loop
      vertex 13 8 2.5
      vertex 13 2.23106 56.2432
      vertex 13 2.24157 56.3285
    endloop
  endfacet
  facet normal -1 0 0
    outer loop
      vertex 13 8 2.5
      vertex 13 2.21637 56.1586
      vertex 13 2.23106 56.2432
    endloop
  endfacet
  facet normal -1 0 0
    outer loop
      vertex 13 8 2.5
      vertex 13 2.19755 56.0748
      vertex 13 2.21637 56.1586
    endloop
  endfacet
  facet normal -1 0 0
    outer loop
      vertex 13 8 2.5
      vertex 13 2.17465 55.992
      vertex 13 2.19755 56.0748
    endloop
  endfacet
  facet normal -1 0 0
    outer loop
      vertex 13 8 2.5
      vertex 13 2.1477 55.9104
      vertex 13 2.17465 55.992
    endloop
  endfacet
  facet normal -1 0 0
    outer loop
      vertex 13 8 2.5
      vertex 13 2.11679 55.8303
      vertex 13 2.1477 55.9104
    endloop
  endfacet
  facet normal -1 0 0
    outer loop
      vertex 13 8 2.5
      vertex 13 2.08198 55.7518
      vertex 13 2.11679 55.8303
    endloop
  endfacet
  facet normal -1 0 0
    outer loop
      vertex 13 8 2.5
      vertex 13 2.04336 55.6751
      vertex 13 2.08198 55.7518
    endloop
  endfacet
  facet normal -1 0 0
    outer loop
      vertex 13 8 2.5
      vertex 13 2.00102 55.6003
      vertex 13 2.04336 55.6751
    endloop
  endfacet
  facet normal -1 0 0
    outer loop
      vertex 13 8 2.5
      vertex 13 1.95507 55.5278
      vertex 13 2.00102 55.6003
    endloop
  endfacet
  facet normal -1 0 0
    outer loop
      vertex 13 8 2.5
      vertex 13 1.90561 55.4575
      vertex 13 1.95507 55.5278
    endloop
  endfacet
  facet normal -1 0 0
    outer loop
      vertex 13 8 2.5
      vertex 13 1.85277 55.3898
      vertex 13 1.90561 55.4575
    endloop
  endfacet
  facet normal -1 0 0
    outer loop
      vertex 13 8 2.5
      vertex 13 1.79666 55.3248
      vertex 13 1.85277 55.3898
    endloop
  endfacet
  facet normal -1 0 0
    outer loop
      vertex 13 8 2.5
      vertex 13 1.73744 55.2626
      vertex 13 1.79666 55.3248
    endloop
  endfacet
  facet normal -1 0 0
    outer loop
      vertex 13 8 2.5
      vertex 13 1.67523 55.2033
      vertex 13 1.73744 55.2626
    endloop
  endfacet
  facet normal -1 0 0
    outer loop
      vertex 13 8 2.5
      vertex 13 1.61019 55.1472
      vertex 13 1.67523 55.2033
    endloop
  endfacet
  facet normal -1 0 0
    outer loop
      vertex 13 8 2.5
      vertex 13 1.54247 55.0944
      vertex 13 1.61019 55.1472
    endloop
  endfacet
  facet normal -1 0 0
    outer loop
      vertex 13 8 2.5
      vertex 13 1.47225 55.0449
      vertex 13 1.54247 55.0944
    endloop
  endfacet
  facet normal -1 0 0
    outer loop
      vertex 13 8 2.5
      vertex 13 1.39968 54.999
      vertex 13 1.47225 55.0449
    endloop
  endfacet
  facet normal -1 0 0
    outer loop
      vertex 13 8 2.5
      vertex 13 1.32494 54.9566
      vertex 13 1.39968 54.999
    endloop
  endfacet
  facet normal -1 0 0
    outer loop
      vertex 13 8 2.5
      vertex 13 1.24822 54.918
      vertex 13 1.32494 54.9566
    endloop
  endfacet
  facet normal -1 0 0
    outer loop
      vertex 13 8 2.5
      vertex 13 1.1697 54.8832
      vertex 13 1.24822 54.918
    endloop
  endfacet
  facet normal -1 0 0
    outer loop
      vertex 13 8 2.5
      vertex 13 1.08956 54.8523
      vertex 13 1.1697 54.8832
    endloop
  endfacet
  facet normal -1 0 0
    outer loop
      vertex 13 8 2.5
      vertex 13 1.008 54.8254
      vertex 13 1.08956 54.8523
    endloop
  endfacet
  facet normal -1 0 0
    outer loop
      vertex 13 8 2.5
      vertex 13 0.925215 54.8024
      vertex 13 1.008 54.8254
    endloop
  endfacet
  facet normal -1 0 0
    outer loop
      vertex 13 8 2.5
      vertex 13 0.841408 54.7836
      vertex 13 0.925215 54.8024
    endloop
  endfacet
  facet normal -1 0 0
    outer loop
      vertex 13 8 2.5
      vertex 13 0.756778 54.7689
      vertex 13 0.841408 54.7836
    endloop
  endfacet
  facet normal -1 0 0
    outer loop
      vertex 13 8 2.5
      vertex 13 0.67153 54.7584
      vertex 13 0.756778 54.7689
    endloop
  endfacet
  facet normal -1 0 0
    outer loop
      vertex 13 8 2.5
      vertex 13 0.585868 54.7521
      vertex 13 0.67153 54.7584
    endloop
  endfacet
  facet normal -1 0 0
    outer loop
      vertex 13 8 2.5
      vertex 13 0.5 54.75
      vertex 13 0.585868 54.7521
    endloop
  endfacet
  facet normal -1 0 0
    outer loop
      vertex 13 8 2.5
      vertex 13 0.414132 54.7521
      vertex 13 0.5 54.75
    endloop
  endfacet
  facet normal -1 0 0
    outer loop
      vertex 13 -8 2.5
      vertex 13 0.414132 54.7521
      vertex 13 8 2.5
    endloop
  endfacet
  facet normal -1 -0 0
    outer loop
      vertex 13 0.414132 54.7521
      vertex 13 -8 2.5
      vertex 13 0.32847 54.7584
    endloop
  endfacet
  facet normal -1 -0 0
    outer loop
      vertex 13 0.32847 54.7584
      vertex 13 -8 2.5
      vertex 13 0.243222 54.7689
    endloop
  endfacet
  facet normal -1 -0 0
    outer loop
      vertex 13 0.243222 54.7689
      vertex 13 -8 2.5
      vertex 13 0.158592 54.7836
    endloop
  endfacet
  facet normal -1 -0 0
    outer loop
      vertex 13 0.158592 54.7836
      vertex 13 -8 2.5
      vertex 13 0.0747852 54.8024
    endloop
  endfacet
  facet normal -1 -0 0
    outer loop
      vertex 13 0.0747852 54.8024
      vertex 13 -8 2.5
      vertex 13 -0.00799751 54.8254
    endloop
  endfacet
  facet normal -1 -0 0
    outer loop
      vertex 13 -0.00799751 54.8254
      vertex 13 -8 2.5
      vertex 13 -0.0895567 54.8523
    endloop
  endfacet
  facet normal -1 -0 0
    outer loop
      vertex 13 -0.0895567 54.8523
      vertex 13 -8 2.5
      vertex 13 -0.169696 54.8832
    endloop
  endfacet
  facet normal -1 -0 0
    outer loop
      vertex 13 -0.169696 54.8832
      vertex 13 -8 2.5
      vertex 13 -0.248221 54.918
    endloop
  endfacet
  facet normal -1 -0 0
    outer loop
      vertex 13 -0.248221 54.918
      vertex 13 -8 2.5
      vertex 13 -0.324944 54.9566
    endloop
  endfacet
  facet normal -1 -0 0
    outer loop
      vertex 13 -0.324944 54.9566
      vertex 13 -8 2.5
      vertex 13 -0.399679 54.999
    endloop
  endfacet
  facet normal -1 -0 0
    outer loop
      vertex 13 -0.399679 54.999
      vertex 13 -8 2.5
      vertex 13 -0.472247 55.0449
    endloop
  endfacet
  facet normal -1 -0 0
    outer loop
      vertex 13 -0.472247 55.0449
      vertex 13 -8 2.5
      vertex 13 -0.542473 55.0944
    endloop
  endfacet
  facet normal -1 -0 0
    outer loop
      vertex 13 -0.542473 55.0944
      vertex 13 -8 2.5
      vertex 13 -0.610188 55.1472
    endloop
  endfacet
  facet normal -1 -0 0
    outer loop
      vertex 13 -0.610188 55.1472
      vertex 13 -8 2.5
      vertex 13 -0.675228 55.2033
    endloop
  endfacet
  facet normal -1 -0 0
    outer loop
      vertex 13 -0.675228 55.2033
      vertex 13 -8 2.5
      vertex 13 -0.737436 55.2626
    endloop
  endfacet
  facet normal -1 -0 0
    outer loop
      vertex 13 -0.737436 55.2626
      vertex 13 -8 2.5
      vertex 13 -0.796664 55.3248
    endloop
  endfacet
  facet normal -1 -0 0
    outer loop
      vertex 13 -0.796664 55.3248
      vertex 13 -8 2.5
      vertex 13 -0.852768 55.3898
    endloop
  endfacet
  facet normal -1 -0 0
    outer loop
      vertex 13 -0.852768 55.3898
      vertex 13 -8 2.5
      vertex 13 -0.905613 55.4575
    endloop
  endfacet
  facet normal -1 -0 0
    outer loop
      vertex 13 -0.905613 55.4575
      vertex 13 -8 2.5
      vertex 13 -0.955071 55.5278
    endloop
  endfacet
  facet normal -1 -0 0
    outer loop
      vertex 13 -0.955071 55.5278
      vertex 13 -8 2.5
      vertex 13 -1.00102 55.6003
    endloop
  endfacet
  facet normal -1 -0 0
    outer loop
      vertex 13 -1.00102 55.6003
      vertex 13 -8 2.5
      vertex 13 -1.04336 55.6751
    endloop
  endfacet
  facet normal -1 -0 0
    outer loop
      vertex 13 -1.04336 55.6751
      vertex 13 -8 2.5
      vertex 13 -1.08198 55.7518
    endloop
  endfacet
  facet normal -1 -0 0
    outer loop
      vertex 13 -1.08198 55.7518
      vertex 13 -8 2.5
      vertex 13 -1.11679 55.8303
    endloop
  endfacet
  facet normal -1 -0 0
    outer loop
      vertex 13 -1.11679 55.8303
      vertex 13 -8 2.5
      vertex 13 -1.1477 55.9104
    endloop
  endfacet
  facet normal -1 -0 0
    outer loop
      vertex 13 -1.1477 55.9104
      vertex 13 -8 2.5
      vertex 13 -1.17465 55.992
    endloop
  endfacet
  facet normal -1 -0 0
    outer loop
      vertex 13 -1.17465 55.992
      vertex 13 -8 2.5
      vertex 13 -1.19755 56.0748
    endloop
  endfacet
  facet normal -1 -0 0
    outer loop
      vertex 13 -1.19755 56.0748
      vertex 13 -8 2.5
      vertex 13 -1.21637 56.1586
    endloop
  endfacet
  facet normal -1 0 0
    outer loop
      vertex 13 -1.24789 56.4141
      vertex 13 -8 80
      vertex 13 -1.25 56.5
    endloop
  endfacet
  facet normal -1 0 0
    outer loop
      vertex 13 -1.24157 56.3285
      vertex 13 -8 80
      vertex 13 -1.24789 56.4141
    endloop
  endfacet
  facet normal -1 0 0
    outer loop
      vertex 13 -1.23106 56.2432
      vertex 13 -8 80
      vertex 13 -1.24157 56.3285
    endloop
  endfacet
  facet normal -1 0 0
    outer loop
      vertex 13 -8 80
      vertex 13 -1.23106 56.2432
      vertex 13 -8 2.5
    endloop
  endfacet
  facet normal -1 -0 0
    outer loop
      vertex 13 -1.21637 56.1586
      vertex 13 -8 2.5
      vertex 13 -1.23106 56.2432
    endloop
  endfacet
  facet normal -1 0 0
    outer loop
      vertex 13 2.25 62.5
      vertex 13 8 80
      vertex 13 2.25 56.5
    endloop
  endfacet
  facet normal -1 0 0
    outer loop
      vertex 13 2.24789 62.5859
      vertex 13 8 80
      vertex 13 2.25 62.5
    endloop
  endfacet
  facet normal -1 0 0
    outer loop
      vertex 13 2.24157 62.6715
      vertex 13 8 80
      vertex 13 2.24789 62.5859
    endloop
  endfacet
  facet normal -1 0 0
    outer loop
      vertex 13 2.23106 62.7568
      vertex 13 8 80
      vertex 13 2.24157 62.6715
    endloop
  endfacet
  facet normal -1 0 0
    outer loop
      vertex 13 2.21637 62.8414
      vertex 13 8 80
      vertex 13 2.23106 62.7568
    endloop
  endfacet
  facet normal -1 0 0
    outer loop
      vertex 13 2.19755 62.9252
      vertex 13 8 80
      vertex 13 2.21637 62.8414
    endloop
  endfacet
  facet normal -1 0 0
    outer loop
      vertex 13 2.17465 63.008
      vertex 13 8 80
      vertex 13 2.19755 62.9252
    endloop
  endfacet
  facet normal -1 0 0
    outer loop
      vertex 13 2.1477 63.0896
      vertex 13 8 80
      vertex 13 2.17465 63.008
    endloop
  endfacet
  facet normal -1 0 0
    outer loop
      vertex 13 2.11679 63.1697
      vertex 13 8 80
      vertex 13 2.1477 63.0896
    endloop
  endfacet
  facet normal -1 0 0
    outer loop
      vertex 13 2.08198 63.2482
      vertex 13 8 80
      vertex 13 2.11679 63.1697
    endloop
  endfacet
  facet normal -1 0 0
    outer loop
      vertex 13 2.04336 63.3249
      vertex 13 8 80
      vertex 13 2.08198 63.2482
    endloop
  endfacet
  facet normal -1 0 0
    outer loop
      vertex 13 2.00102 63.3997
      vertex 13 8 80
      vertex 13 2.04336 63.3249
    endloop
  endfacet
  facet normal -1 0 0
    outer loop
      vertex 13 1.95507 63.4722
      vertex 13 8 80
      vertex 13 2.00102 63.3997
    endloop
  endfacet
  facet normal -1 0 0
    outer loop
      vertex 13 1.90561 63.5425
      vertex 13 8 80
      vertex 13 1.95507 63.4722
    endloop
  endfacet
  facet normal -1 0 0
    outer loop
      vertex 13 1.85277 63.6102
      vertex 13 8 80
      vertex 13 1.90561 63.5425
    endloop
  endfacet
  facet normal -1 0 0
    outer loop
      vertex 13 1.79666 63.6752
      vertex 13 8 80
      vertex 13 1.85277 63.6102
    endloop
  endfacet
  facet normal -1 0 0
    outer loop
      vertex 13 1.73744 63.7374
      vertex 13 8 80
      vertex 13 1.79666 63.6752
    endloop
  endfacet
  facet normal -1 0 0
    outer loop
      vertex 13 1.67523 63.7967
      vertex 13 8 80
      vertex 13 1.73744 63.7374
    endloop
  endfacet
  facet normal -1 0 0
    outer loop
      vertex 13 1.61019 63.8528
      vertex 13 8 80
      vertex 13 1.67523 63.7967
    endloop
  endfacet
  facet normal -1 0 0
    outer loop
      vertex 13 1.54247 63.9056
      vertex 13 8 80
      vertex 13 1.61019 63.8528
    endloop
  endfacet
  facet normal -1 0 0
    outer loop
      vertex 13 1.47225 63.9551
      vertex 13 8 80
      vertex 13 1.54247 63.9056
    endloop
  endfacet
  facet normal -1 0 0
    outer loop
      vertex 13 1.39968 64.001
      vertex 13 8 80
      vertex 13 1.47225 63.9551
    endloop
  endfacet
  facet normal -1 0 0
    outer loop
      vertex 13 1.32494 64.0434
      vertex 13 8 80
      vertex 13 1.39968 64.001
    endloop
  endfacet
  facet normal -1 0 0
    outer loop
      vertex 13 1.24822 64.082
      vertex 13 8 80
      vertex 13 1.32494 64.0434
    endloop
  endfacet
  facet normal -1 0 0
    outer loop
      vertex 13 1.1697 64.1168
      vertex 13 8 80
      vertex 13 1.24822 64.082
    endloop
  endfacet
  facet normal -1 0 0
    outer loop
      vertex 13 1.08956 64.1477
      vertex 13 8 80
      vertex 13 1.1697 64.1168
    endloop
  endfacet
  facet normal -1 0 0
    outer loop
      vertex 13 1.008 64.1746
      vertex 13 8 80
      vertex 13 1.08956 64.1477
    endloop
  endfacet
  facet normal -1 0 0
    outer loop
      vertex 13 0.925215 64.1976
      vertex 13 8 80
      vertex 13 1.008 64.1746
    endloop
  endfacet
  facet normal -1 0 0
    outer loop
      vertex 13 0.841408 64.2164
      vertex 13 8 80
      vertex 13 0.925215 64.1976
    endloop
  endfacet
  facet normal -1 0 0
    outer loop
      vertex 13 0.756778 64.2311
      vertex 13 8 80
      vertex 13 0.841408 64.2164
    endloop
  endfacet
  facet normal -1 0 0
    outer loop
      vertex 13 0.67153 64.2416
      vertex 13 8 80
      vertex 13 0.756778 64.2311
    endloop
  endfacet
  facet normal -1 0 0
    outer loop
      vertex 13 0.585868 64.2479
      vertex 13 8 80
      vertex 13 0.67153 64.2416
    endloop
  endfacet
  facet normal -1 0 0
    outer loop
      vertex 13 0.5 64.25
      vertex 13 8 80
      vertex 13 0.585868 64.2479
    endloop
  endfacet
  facet normal -1 0 0
    outer loop
      vertex 13 0.414132 64.2479
      vertex 13 8 80
      vertex 13 0.5 64.25
    endloop
  endfacet
  facet normal -1 0 0
    outer loop
      vertex 13 -8 80
      vertex 13 0.414132 64.2479
      vertex 13 0.32847 64.2416
    endloop
  endfacet
  facet normal -1 0 0
    outer loop
      vertex 13 -8 80
      vertex 13 0.32847 64.2416
      vertex 13 0.243222 64.2311
    endloop
  endfacet
  facet normal -1 0 0
    outer loop
      vertex 13 -8 80
      vertex 13 0.243222 64.2311
      vertex 13 0.158592 64.2164
    endloop
  endfacet
  facet normal -1 0 0
    outer loop
      vertex 13 -8 80
      vertex 13 0.158592 64.2164
      vertex 13 0.0747852 64.1976
    endloop
  endfacet
  facet normal -1 0 0
    outer loop
      vertex 13 -8 80
      vertex 13 0.0747852 64.1976
      vertex 13 -0.00799751 64.1746
    endloop
  endfacet
  facet normal -1 0 0
    outer loop
      vertex 13 -8 80
      vertex 13 -0.00799751 64.1746
      vertex 13 -0.0895567 64.1477
    endloop
  endfacet
  facet normal -1 0 0
    outer loop
      vertex 13 -8 80
      vertex 13 -0.0895567 64.1477
      vertex 13 -0.169696 64.1168
    endloop
  endfacet
  facet normal -1 0 0
    outer loop
      vertex 13 -8 80
      vertex 13 -0.169696 64.1168
      vertex 13 -0.248221 64.082
    endloop
  endfacet
  facet normal -1 0 0
    outer loop
      vertex 13 -8 80
      vertex 13 -0.248221 64.082
      vertex 13 -0.324944 64.0434
    endloop
  endfacet
  facet normal -1 0 0
    outer loop
      vertex 13 -8 80
      vertex 13 -0.324944 64.0434
      vertex 13 -0.399679 64.001
    endloop
  endfacet
  facet normal -1 0 0
    outer loop
      vertex 13 -8 80
      vertex 13 -0.399679 64.001
      vertex 13 -0.472247 63.9551
    endloop
  endfacet
  facet normal -1 0 0
    outer loop
      vertex 13 -8 80
      vertex 13 -0.472247 63.9551
      vertex 13 -0.542473 63.9056
    endloop
  endfacet
  facet normal -1 0 0
    outer loop
      vertex 13 -8 80
      vertex 13 -0.542473 63.9056
      vertex 13 -0.610188 63.8528
    endloop
  endfacet
  facet normal -1 0 0
    outer loop
      vertex 13 -8 80
      vertex 13 -0.610188 63.8528
      vertex 13 -0.675228 63.7967
    endloop
  endfacet
  facet normal -1 0 0
    outer loop
      vertex 13 -8 80
      vertex 13 -0.675228 63.7967
      vertex 13 -0.737436 63.7374
    endloop
  endfacet
  facet normal -1 0 0
    outer loop
      vertex 13 -8 80
      vertex 13 -0.737436 63.7374
      vertex 13 -0.796664 63.6752
    endloop
  endfacet
  facet normal -1 0 0
    outer loop
      vertex 13 -8 80
      vertex 13 -0.796664 63.6752
      vertex 13 -0.852768 63.6102
    endloop
  endfacet
  facet normal -1 0 0
    outer loop
      vertex 13 -8 80
      vertex 13 -0.852768 63.6102
      vertex 13 -0.905613 63.5425
    endloop
  endfacet
  facet normal -1 0 0
    outer loop
      vertex 13 -8 80
      vertex 13 -0.905613 63.5425
      vertex 13 -0.955071 63.4722
    endloop
  endfacet
  facet normal -1 0 0
    outer loop
      vertex 13 -8 80
      vertex 13 -0.955071 63.4722
      vertex 13 -1.00102 63.3997
    endloop
  endfacet
  facet normal -1 0 0
    outer loop
      vertex 13 -8 80
      vertex 13 -1.00102 63.3997
      vertex 13 -1.04336 63.3249
    endloop
  endfacet
  facet normal -1 0 0
    outer loop
      vertex 13 -1.25 56.5
      vertex 13 -8 80
      vertex 13 -1.25 62.5
    endloop
  endfacet
  facet normal -1 0 0
    outer loop
      vertex 13 -1.25 62.5
      vertex 13 -8 80
      vertex 13 -1.24789 62.5859
    endloop
  endfacet
  facet normal -1 0 0
    outer loop
      vertex 13 0.414132 64.2479
      vertex 13 -8 80
      vertex 13 8 80
    endloop
  endfacet
  facet normal -1 0 0
    outer loop
      vertex 13 -1.08198 63.2482
      vertex 13 -8 80
      vertex 13 -1.04336 63.3249
    endloop
  endfacet
  facet normal -1 0 0
    outer loop
      vertex 13 -1.11679 63.1697
      vertex 13 -8 80
      vertex 13 -1.08198 63.2482
    endloop
  endfacet
  facet normal -1 0 0
    outer loop
      vertex 13 -1.1477 63.0896
      vertex 13 -8 80
      vertex 13 -1.11679 63.1697
    endloop
  endfacet
  facet normal -1 0 0
    outer loop
      vertex 13 -1.17465 63.008
      vertex 13 -8 80
      vertex 13 -1.1477 63.0896
    endloop
  endfacet
  facet normal -1 0 0
    outer loop
      vertex 13 -1.19755 62.9252
      vertex 13 -8 80
      vertex 13 -1.17465 63.008
    endloop
  endfacet
  facet normal -1 0 0
    outer loop
      vertex 13 -1.21637 62.8414
      vertex 13 -8 80
      vertex 13 -1.19755 62.9252
    endloop
  endfacet
  facet normal -1 0 0
    outer loop
      vertex 13 -1.23106 62.7568
      vertex 13 -8 80
      vertex 13 -1.21637 62.8414
    endloop
  endfacet
  facet normal -1 0 0
    outer loop
      vertex 13 -1.24157 62.6715
      vertex 13 -8 80
      vertex 13 -1.23106 62.7568
    endloop
  endfacet
  facet normal -1 0 0
    outer loop
      vertex 13 -1.24789 62.5859
      vertex 13 -8 80
      vertex 13 -1.24157 62.6715
    endloop
  endfacet
  facet normal 0 -1 0
    outer loop
      vertex -13 8 2.5
      vertex 13 8 80
      vertex -13 8 80
    endloop
  endfacet
  facet normal 0 -1 -0
    outer loop
      vertex 13 8 80
      vertex -13 8 2.5
      vertex 13 8 2.5
    endloop
  endfacet
  facet normal -0.997306 0.0733475 0
    outer loop
      vertex 10.2344 -0.318555 0
      vertex 10.2461 -0.15947 2.5
      vertex 10.2461 -0.15947 0
    endloop
  endfacet
  facet normal -0.997306 0.0733475 0
    outer loop
      vertex 10.2461 -0.15947 2.5
      vertex 10.2344 -0.318555 0
      vertex 10.2344 -0.318555 2.5
    endloop
  endfacet
  facet normal -0.999701 0.0244487 0
    outer loop
      vertex 10.2461 -0.15947 0
      vertex 10.25 0 2.5
      vertex 10.25 0 0
    endloop
  endfacet
  facet normal -0.999701 0.0244487 0
    outer loop
      vertex 10.25 0 2.5
      vertex 10.2461 -0.15947 0
      vertex 10.2461 -0.15947 2.5
    endloop
  endfacet
  facet normal -0.992424 0.122863 0
    outer loop
      vertex 10.2148 -0.476873 0
      vertex 10.2344 -0.318555 2.5
      vertex 10.2344 -0.318555 0
    endloop
  endfacet
  facet normal -0.992424 0.122863 0
    outer loop
      vertex 10.2344 -0.318555 2.5
      vertex 10.2148 -0.476873 0
      vertex 10.2148 -0.476873 2.5
    endloop
  endfacet
  facet normal 0.84486 -0.534988 0
    outer loop
      vertex 4.21238 1.67083 2.5
      vertex 4.29772 1.8056 0
      vertex 4.29772 1.8056 2.5
    endloop
  endfacet
  facet normal 0.84486 -0.534988 0
    outer loop
      vertex 4.29772 1.8056 0
      vertex 4.21238 1.67083 2.5
      vertex 4.21238 1.67083 0
    endloop
  endfacet
  facet normal -0.914214 -0.405231 0
    outer loop
      vertex 10.0026 1.24372 0
      vertex 9.93796 1.38955 2.5
      vertex 9.93796 1.38955 0
    endloop
  endfacet
  facet normal -0.914214 -0.405231 0
    outer loop
      vertex 9.93796 1.38955 2.5
      vertex 10.0026 1.24372 0
      vertex 10.0026 1.24372 2.5
    endloop
  endfacet
  facet normal -0.405283 -0.914191 0
    outer loop
      vertex 8.24372 3.00261 0
      vertex 8.38955 2.93796 2.5
      vertex 8.24372 3.00261 2.5
    endloop
  endfacet
  facet normal -0.405283 -0.914191 -0
    outer loop
      vertex 8.38955 2.93796 2.5
      vertex 8.24372 3.00261 0
      vertex 8.38955 2.93796 0
    endloop
  endfacet
  facet normal -0.949411 0.314036 0
    outer loop
      vertex 10.06 -1.09489 0
      vertex 10.1101 -0.943425 2.5
      vertex 10.1101 -0.943425 0
    endloop
  endfacet
  facet normal -0.949411 0.314036 0
    outer loop
      vertex 10.1101 -0.943425 2.5
      vertex 10.06 -1.09489 0
      vertex 10.06 -1.09489 2.5
    endloop
  endfacet
  facet normal 0.975703 -0.219098 0
    outer loop
      vertex 3.81245 0.634043 2.5
      vertex 3.8474 0.789685 0
      vertex 3.8474 0.789685 2.5
    endloop
  endfacet
  facet normal 0.975703 -0.219098 0
    outer loop
      vertex 3.8474 0.789685 0
      vertex 3.81245 0.634043 2.5
      vertex 3.81245 0.634043 0
    endloop
  endfacet
  facet normal 0.219087 0.975705 -0
    outer loop
      vertex 6.36596 -3.18755 0
      vertex 6.21031 -3.1526 2.5
      vertex 6.36596 -3.18755 2.5
    endloop
  endfacet
  facet normal 0.219087 0.975705 0
    outer loop
      vertex 6.21031 -3.1526 2.5
      vertex 6.36596 -3.18755 0
      vertex 6.21031 -3.1526 0
    endloop
  endfacet
  facet normal -0.870097 0.492881 0
    outer loop
      vertex 9.78762 -1.67083 0
      vertex 9.86624 -1.53204 2.5
      vertex 9.86624 -1.53204 0
    endloop
  endfacet
  facet normal -0.870097 0.492881 0
    outer loop
      vertex 9.86624 -1.53204 2.5
      vertex 9.78762 -1.67083 0
      vertex 9.78762 -1.67083 2.5
    endloop
  endfacet
  facet normal -0.615216 0.788359 0
    outer loop
      vertex 9.06178 -2.51228 0
      vertex 8.93602 -2.61042 2.5
      vertex 9.06178 -2.51228 2.5
    endloop
  endfacet
  facet normal -0.615216 0.788359 0
    outer loop
      vertex 8.93602 -2.61042 2.5
      vertex 9.06178 -2.51228 0
      vertex 8.93602 -2.61042 0
    endloop
  endfacet
  facet normal 0.963785 -0.26668 0
    outer loop
      vertex 3.8474 0.789685 2.5
      vertex 3.88994 0.943425 0
      vertex 3.88994 0.943425 2.5
    endloop
  endfacet
  facet normal 0.963785 -0.26668 0
    outer loop
      vertex 3.88994 0.943425 0
      vertex 3.8474 0.789685 2.5
      vertex 3.8474 0.789685 0
    endloop
  endfacet
  facet normal -0.933014 0.35984 0
    outer loop
      vertex 10.0026 -1.24372 0
      vertex 10.06 -1.09489 2.5
      vertex 10.06 -1.09489 0
    endloop
  endfacet
  facet normal -0.933014 0.35984 0
    outer loop
      vertex 10.06 -1.09489 2.5
      vertex 10.0026 -1.24372 0
      vertex 10.0026 -1.24372 2.5
    endloop
  endfacet
  facet normal -0.26668 -0.963785 0
    outer loop
      vertex 7.78969 3.1526 0
      vertex 7.94343 3.11006 2.5
      vertex 7.78969 3.1526 2.5
    endloop
  endfacet
  facet normal -0.26668 -0.963785 -0
    outer loop
      vertex 7.94343 3.11006 2.5
      vertex 7.78969 3.1526 0
      vertex 7.94343 3.11006 0
    endloop
  endfacet
  facet normal -0.449594 -0.893233 0
    outer loop
      vertex 8.38955 2.93796 0
      vertex 8.53204 2.86624 2.5
      vertex 8.38955 2.93796 2.5
    endloop
  endfacet
  facet normal -0.449594 -0.893233 -0
    outer loop
      vertex 8.53204 2.86624 2.5
      vertex 8.38955 2.93796 0
      vertex 8.53204 2.86624 0
    endloop
  endfacet
  facet normal -0.492881 -0.870097 0
    outer loop
      vertex 8.53204 2.86624 0
      vertex 8.67083 2.78762 2.5
      vertex 8.53204 2.86624 2.5
    endloop
  endfacet
  facet normal -0.492881 -0.870097 -0
    outer loop
      vertex 8.67083 2.78762 2.5
      vertex 8.53204 2.86624 0
      vertex 8.67083 2.78762 0
    endloop
  endfacet
  facet normal 0.0245114 -0.9997 0
    outer loop
      vertex 6.84053 3.24609 0
      vertex 7 3.25 2.5
      vertex 6.84053 3.24609 2.5
    endloop
  endfacet
  facet normal 0.0245114 -0.9997 0
    outer loop
      vertex 7 3.25 2.5
      vertex 6.84053 3.24609 0
      vertex 7 3.25 0
    endloop
  endfacet
  facet normal -0.534988 0.84486 0
    outer loop
      vertex 8.8056 -2.70228 0
      vertex 8.67083 -2.78762 2.5
      vertex 8.8056 -2.70228 2.5
    endloop
  endfacet
  facet normal -0.534988 0.84486 0
    outer loop
      vertex 8.67083 -2.78762 2.5
      vertex 8.8056 -2.70228 0
      vertex 8.67083 -2.78762 0
    endloop
  endfacet
  facet normal 0.963785 0.26668 0
    outer loop
      vertex 3.88994 -0.943425 2.5
      vertex 3.8474 -0.789685 0
      vertex 3.8474 -0.789685 2.5
    endloop
  endfacet
  facet normal 0.963785 0.26668 0
    outer loop
      vertex 3.8474 -0.789685 0
      vertex 3.88994 -0.943425 2.5
      vertex 3.88994 -0.943425 0
    endloop
  endfacet
  facet normal -0.985353 0.170526 0
    outer loop
      vertex 10.1876 -0.634043 0
      vertex 10.2148 -0.476873 2.5
      vertex 10.2148 -0.476873 0
    endloop
  endfacet
  facet normal -0.985353 0.170526 0
    outer loop
      vertex 10.2148 -0.476873 2.5
      vertex 10.1876 -0.634043 0
      vertex 10.1876 -0.634043 2.5
    endloop
  endfacet
  facet normal 0.997288 -0.0735969 0
    outer loop
      vertex 3.75391 0.15947 2.5
      vertex 3.76565 0.318555 0
      vertex 3.76565 0.318555 2.5
    endloop
  endfacet
  facet normal 0.997288 -0.0735969 0
    outer loop
      vertex 3.76565 0.318555 0
      vertex 3.75391 0.15947 2.5
      vertex 3.75391 0.15947 0
    endloop
  endfacet
  facet normal -0.914214 0.405231 0
    outer loop
      vertex 9.93796 -1.38955 0
      vertex 10.0026 -1.24372 2.5
      vertex 10.0026 -1.24372 0
    endloop
  endfacet
  facet normal -0.914214 0.405231 0
    outer loop
      vertex 10.0026 -1.24372 2.5
      vertex 9.93796 -1.38955 0
      vertex 9.93796 -1.38955 2.5
    endloop
  endfacet
  facet normal 0.985279 -0.170952 0
    outer loop
      vertex 3.78518 0.476873 2.5
      vertex 3.81245 0.634043 0
      vertex 3.81245 0.634043 2.5
    endloop
  endfacet
  facet normal 0.985279 -0.170952 0
    outer loop
      vertex 3.81245 0.634043 0
      vertex 3.78518 0.476873 2.5
      vertex 3.78518 0.476873 0
    endloop
  endfacet
  facet normal -0.405283 0.914191 0
    outer loop
      vertex 8.38955 -2.93796 0
      vertex 8.24372 -3.00261 2.5
      vertex 8.38955 -2.93796 2.5
    endloop
  endfacet
  facet normal -0.405283 0.914191 0
    outer loop
      vertex 8.24372 -3.00261 2.5
      vertex 8.38955 -2.93796 0
      vertex 8.24372 -3.00261 0
    endloop
  endfacet
  facet normal 0.170952 -0.985279 0
    outer loop
      vertex 6.36596 3.18755 0
      vertex 6.52313 3.21482 2.5
      vertex 6.36596 3.18755 2.5
    endloop
  endfacet
  facet normal 0.170952 -0.985279 0
    outer loop
      vertex 6.52313 3.21482 2.5
      vertex 6.36596 3.18755 0
      vertex 6.52313 3.21482 0
    endloop
  endfacet
  facet normal -0.893233 0.449594 0
    outer loop
      vertex 9.86624 -1.53204 0
      vertex 9.93796 -1.38955 2.5
      vertex 9.93796 -1.38955 0
    endloop
  endfacet
  facet normal -0.893233 0.449594 0
    outer loop
      vertex 9.93796 -1.38955 2.5
      vertex 9.86624 -1.53204 0
      vertex 9.86624 -1.53204 2.5
    endloop
  endfacet
  facet normal -0.359895 -0.932993 0
    outer loop
      vertex 8.09489 3.06002 0
      vertex 8.24372 3.00261 2.5
      vertex 8.09489 3.06002 2.5
    endloop
  endfacet
  facet normal -0.359895 -0.932993 -0
    outer loop
      vertex 8.24372 3.00261 2.5
      vertex 8.09489 3.06002 0
      vertex 8.24372 3.00261 0
    endloop
  endfacet
  facet normal 0.788359 -0.615216 0
    outer loop
      vertex 4.38958 1.93602 2.5
      vertex 4.48772 2.06178 0
      vertex 4.48772 2.06178 2.5
    endloop
  endfacet
  facet normal 0.788359 -0.615216 0
    outer loop
      vertex 4.48772 2.06178 0
      vertex 4.38958 1.93602 2.5
      vertex 4.38958 1.93602 0
    endloop
  endfacet
  facet normal -0.0735992 -0.997288 0
    outer loop
      vertex 7.15947 3.24609 0
      vertex 7.31855 3.23435 2.5
      vertex 7.15947 3.24609 2.5
    endloop
  endfacet
  facet normal -0.0735992 -0.997288 -0
    outer loop
      vertex 7.31855 3.23435 2.5
      vertex 7.15947 3.24609 0
      vertex 7.31855 3.23435 0
    endloop
  endfacet
  facet normal 0.405283 0.914191 -0
    outer loop
      vertex 5.75628 -3.00261 0
      vertex 5.61045 -2.93796 2.5
      vertex 5.75628 -3.00261 2.5
    endloop
  endfacet
  facet normal 0.405283 0.914191 0
    outer loop
      vertex 5.61045 -2.93796 2.5
      vertex 5.75628 -3.00261 0
      vertex 5.61045 -2.93796 0
    endloop
  endfacet
  facet normal 0.817562 -0.575841 0
    outer loop
      vertex 4.29772 1.8056 2.5
      vertex 4.38958 1.93602 0
      vertex 4.38958 1.93602 2.5
    endloop
  endfacet
  facet normal 0.817562 -0.575841 0
    outer loop
      vertex 4.38958 1.93602 0
      vertex 4.29772 1.8056 2.5
      vertex 4.29772 1.8056 0
    endloop
  endfacet
  facet normal 0.724259 0.689528 0
    outer loop
      vertex 4.7019 -2.2981 2.5
      vertex 4.59191 -2.18257 0
      vertex 4.59191 -2.18257 2.5
    endloop
  endfacet
  facet normal 0.724259 0.689528 0
    outer loop
      vertex 4.59191 -2.18257 0
      vertex 4.7019 -2.2981 2.5
      vertex 4.7019 -2.2981 0
    endloop
  endfacet
  facet normal -0.84486 0.534988 0
    outer loop
      vertex 9.70228 -1.8056 0
      vertex 9.78762 -1.67083 2.5
      vertex 9.78762 -1.67083 0
    endloop
  endfacet
  facet normal -0.84486 0.534988 0
    outer loop
      vertex 9.78762 -1.67083 2.5
      vertex 9.70228 -1.8056 0
      vertex 9.70228 -1.8056 2.5
    endloop
  endfacet
  facet normal -0.724259 -0.689528 0
    outer loop
      vertex 9.40809 2.18257 0
      vertex 9.2981 2.2981 2.5
      vertex 9.2981 2.2981 0
    endloop
  endfacet
  facet normal -0.724259 -0.689528 0
    outer loop
      vertex 9.2981 2.2981 2.5
      vertex 9.40809 2.18257 0
      vertex 9.40809 2.18257 2.5
    endloop
  endfacet
  facet normal -0.963849 -0.266447 0
    outer loop
      vertex 10.1526 0.789685 0
      vertex 10.1101 0.943425 2.5
      vertex 10.1101 0.943425 0
    endloop
  endfacet
  facet normal -0.963849 -0.266447 0
    outer loop
      vertex 10.1101 0.943425 2.5
      vertex 10.1526 0.789685 0
      vertex 10.1526 0.789685 2.5
    endloop
  endfacet
  facet normal -0.999701 -0.0244487 0
    outer loop
      vertex 10.25 0 0
      vertex 10.2461 0.15947 2.5
      vertex 10.2461 0.15947 0
    endloop
  endfacet
  facet normal -0.999701 -0.0244487 0
    outer loop
      vertex 10.2461 0.15947 2.5
      vertex 10.25 0 0
      vertex 10.25 0 2.5
    endloop
  endfacet
  facet normal -0.26668 0.963785 0
    outer loop
      vertex 7.94343 -3.11006 0
      vertex 7.78969 -3.1526 2.5
      vertex 7.94343 -3.11006 2.5
    endloop
  endfacet
  facet normal -0.26668 0.963785 0
    outer loop
      vertex 7.78969 -3.1526 2.5
      vertex 7.94343 -3.11006 0
      vertex 7.78969 -3.1526 0
    endloop
  endfacet
  facet normal -0.997306 -0.0733475 0
    outer loop
      vertex 10.2461 0.15947 0
      vertex 10.2344 0.318555 2.5
      vertex 10.2344 0.318555 0
    endloop
  endfacet
  facet normal -0.997306 -0.0733475 0
    outer loop
      vertex 10.2344 0.318555 2.5
      vertex 10.2461 0.15947 0
      vertex 10.2461 0.15947 2.5
    endloop
  endfacet
  facet normal -0.653158 0.757222 0
    outer loop
      vertex 9.18257 -2.40809 0
      vertex 9.06178 -2.51228 2.5
      vertex 9.18257 -2.40809 2.5
    endloop
  endfacet
  facet normal -0.653158 0.757222 0
    outer loop
      vertex 9.06178 -2.51228 2.5
      vertex 9.18257 -2.40809 0
      vertex 9.06178 -2.51228 0
    endloop
  endfacet
  facet normal -0.12243 0.992477 0
    outer loop
      vertex 7.47687 -3.21482 0
      vertex 7.31855 -3.23435 2.5
      vertex 7.47687 -3.21482 2.5
    endloop
  endfacet
  facet normal -0.12243 0.992477 0
    outer loop
      vertex 7.31855 -3.23435 2.5
      vertex 7.47687 -3.21482 0
      vertex 7.31855 -3.23435 0
    endloop
  endfacet
  facet normal 0.405283 -0.914191 0
    outer loop
      vertex 5.61045 2.93796 0
      vertex 5.75628 3.00261 2.5
      vertex 5.61045 2.93796 2.5
    endloop
  endfacet
  facet normal 0.405283 -0.914191 0
    outer loop
      vertex 5.75628 3.00261 2.5
      vertex 5.61045 2.93796 0
      vertex 5.75628 3.00261 0
    endloop
  endfacet
  facet normal -0.615216 -0.788359 0
    outer loop
      vertex 8.93602 2.61042 0
      vertex 9.06178 2.51228 2.5
      vertex 8.93602 2.61042 2.5
    endloop
  endfacet
  facet normal -0.615216 -0.788359 -0
    outer loop
      vertex 9.06178 2.51228 2.5
      vertex 8.93602 2.61042 0
      vertex 9.06178 2.51228 0
    endloop
  endfacet
  facet normal -0.449594 0.893233 0
    outer loop
      vertex 8.53204 -2.86624 0
      vertex 8.38955 -2.93796 2.5
      vertex 8.53204 -2.86624 2.5
    endloop
  endfacet
  facet normal -0.449594 0.893233 0
    outer loop
      vertex 8.38955 -2.93796 2.5
      vertex 8.53204 -2.86624 0
      vertex 8.38955 -2.93796 0
    endloop
  endfacet
  facet normal 0.84486 0.534988 0
    outer loop
      vertex 4.29772 -1.8056 2.5
      vertex 4.21238 -1.67083 0
      vertex 4.21238 -1.67083 2.5
    endloop
  endfacet
  facet normal 0.84486 0.534988 0
    outer loop
      vertex 4.21238 -1.67083 0
      vertex 4.29772 -1.8056 2.5
      vertex 4.29772 -1.8056 0
    endloop
  endfacet
  facet normal -0.313706 -0.94952 0
    outer loop
      vertex 7.94343 3.11006 0
      vertex 8.09489 3.06002 2.5
      vertex 7.94343 3.11006 2.5
    endloop
  endfacet
  facet normal -0.313706 -0.94952 -0
    outer loop
      vertex 8.09489 3.06002 2.5
      vertex 7.94343 3.11006 0
      vertex 8.09489 3.06002 0
    endloop
  endfacet
  facet normal -0.170952 -0.985279 0
    outer loop
      vertex 7.47687 3.21482 0
      vertex 7.63404 3.18755 2.5
      vertex 7.47687 3.21482 2.5
    endloop
  endfacet
  facet normal -0.170952 -0.985279 -0
    outer loop
      vertex 7.63404 3.18755 2.5
      vertex 7.47687 3.21482 0
      vertex 7.63404 3.18755 0
    endloop
  endfacet
  facet normal -0.0245114 0.9997 0
    outer loop
      vertex 7.15947 -3.24609 0
      vertex 7 -3.25 2.5
      vertex 7.15947 -3.24609 2.5
    endloop
  endfacet
  facet normal -0.0245114 0.9997 0
    outer loop
      vertex 7 -3.25 2.5
      vertex 7.15947 -3.24609 0
      vertex 7 -3.25 0
    endloop
  endfacet
  facet normal -0.975636 -0.219396 0
    outer loop
      vertex 10.1876 0.634043 0
      vertex 10.1526 0.789685 2.5
      vertex 10.1526 0.789685 0
    endloop
  endfacet
  facet normal -0.975636 -0.219396 0
    outer loop
      vertex 10.1526 0.789685 2.5
      vertex 10.1876 0.634043 0
      vertex 10.1876 0.634043 2.5
    endloop
  endfacet
  facet normal 0.122437 -0.992476 0
    outer loop
      vertex 6.52313 3.21482 0
      vertex 6.68144 3.23435 2.5
      vertex 6.52313 3.21482 2.5
    endloop
  endfacet
  facet normal 0.122437 -0.992476 0
    outer loop
      vertex 6.68144 3.23435 2.5
      vertex 6.52313 3.21482 0
      vertex 6.68144 3.23435 0
    endloop
  endfacet
  facet normal 0.914214 -0.405231 0
    outer loop
      vertex 3.99739 1.24372 2.5
      vertex 4.06203 1.38955 0
      vertex 4.06203 1.38955 2.5
    endloop
  endfacet
  facet normal 0.914214 -0.405231 0
    outer loop
      vertex 4.06203 1.38955 0
      vertex 3.99739 1.24372 2.5
      vertex 3.99739 1.24372 0
    endloop
  endfacet
  facet normal 0.992477 0.122431 0
    outer loop
      vertex 3.78518 -0.476873 2.5
      vertex 3.76565 -0.318555 0
      vertex 3.76565 -0.318555 2.5
    endloop
  endfacet
  facet normal 0.992477 0.122431 0
    outer loop
      vertex 3.76565 -0.318555 0
      vertex 3.78518 -0.476873 2.5
      vertex 3.78518 -0.476873 0
    endloop
  endfacet
  facet normal 0.9997 -0.0245114 0
    outer loop
      vertex 3.75 0 2.5
      vertex 3.75391 0.15947 0
      vertex 3.75391 0.15947 2.5
    endloop
  endfacet
  facet normal 0.9997 -0.0245114 0
    outer loop
      vertex 3.75391 0.15947 0
      vertex 3.75 0 2.5
      vertex 3.75 0 0
    endloop
  endfacet
  facet normal 0.534988 -0.84486 0
    outer loop
      vertex 5.1944 2.70228 0
      vertex 5.32917 2.78762 2.5
      vertex 5.1944 2.70228 2.5
    endloop
  endfacet
  facet normal 0.534988 -0.84486 0
    outer loop
      vertex 5.32917 2.78762 2.5
      vertex 5.1944 2.70228 0
      vertex 5.32917 2.78762 0
    endloop
  endfacet
  facet normal 0.615216 0.788359 -0
    outer loop
      vertex 5.06398 -2.61042 0
      vertex 4.93822 -2.51228 2.5
      vertex 5.06398 -2.61042 2.5
    endloop
  endfacet
  facet normal 0.615216 0.788359 0
    outer loop
      vertex 4.93822 -2.51228 2.5
      vertex 5.06398 -2.61042 0
      vertex 4.93822 -2.51228 0
    endloop
  endfacet
  facet normal -0.975636 0.219396 0
    outer loop
      vertex 10.1526 -0.789685 0
      vertex 10.1876 -0.634043 2.5
      vertex 10.1876 -0.634043 0
    endloop
  endfacet
  facet normal -0.975636 0.219396 0
    outer loop
      vertex 10.1876 -0.634043 2.5
      vertex 10.1526 -0.789685 0
      vertex 10.1526 -0.789685 2.5
    endloop
  endfacet
  facet normal 0.985279 0.170952 0
    outer loop
      vertex 3.81245 -0.634043 2.5
      vertex 3.78518 -0.476873 0
      vertex 3.78518 -0.476873 2.5
    endloop
  endfacet
  facet normal 0.985279 0.170952 0
    outer loop
      vertex 3.78518 -0.476873 0
      vertex 3.81245 -0.634043 2.5
      vertex 3.81245 -0.634043 0
    endloop
  endfacet
  facet normal 0.914214 0.405231 0
    outer loop
      vertex 4.06203 -1.38955 2.5
      vertex 3.99739 -1.24372 0
      vertex 3.99739 -1.24372 2.5
    endloop
  endfacet
  facet normal 0.914214 0.405231 0
    outer loop
      vertex 3.99739 -1.24372 0
      vertex 4.06203 -1.38955 2.5
      vertex 4.06203 -1.38955 0
    endloop
  endfacet
  facet normal -0.817562 0.575841 0
    outer loop
      vertex 9.61042 -1.93602 0
      vertex 9.70228 -1.8056 2.5
      vertex 9.70228 -1.8056 0
    endloop
  endfacet
  facet normal -0.817562 0.575841 0
    outer loop
      vertex 9.70228 -1.8056 2.5
      vertex 9.61042 -1.93602 0
      vertex 9.61042 -1.93602 2.5
    endloop
  endfacet
  facet normal -0.949411 -0.314036 0
    outer loop
      vertex 10.1101 0.943425 0
      vertex 10.06 1.09489 2.5
      vertex 10.06 1.09489 0
    endloop
  endfacet
  facet normal -0.949411 -0.314036 0
    outer loop
      vertex 10.06 1.09489 2.5
      vertex 10.1101 0.943425 0
      vertex 10.1101 0.943425 2.5
    endloop
  endfacet
  facet normal -0.757222 0.653158 0
    outer loop
      vertex 9.40809 -2.18257 0
      vertex 9.51228 -2.06178 2.5
      vertex 9.51228 -2.06178 0
    endloop
  endfacet
  facet normal -0.757222 0.653158 0
    outer loop
      vertex 9.51228 -2.06178 2.5
      vertex 9.40809 -2.18257 0
      vertex 9.40809 -2.18257 2.5
    endloop
  endfacet
  facet normal -0.0735992 0.997288 0
    outer loop
      vertex 7.31855 -3.23435 0
      vertex 7.15947 -3.24609 2.5
      vertex 7.31855 -3.23435 2.5
    endloop
  endfacet
  facet normal -0.0735992 0.997288 0
    outer loop
      vertex 7.15947 -3.24609 2.5
      vertex 7.31855 -3.23435 0
      vertex 7.15947 -3.24609 0
    endloop
  endfacet
  facet normal 0.949523 0.313697 0
    outer loop
      vertex 3.93998 -1.09489 2.5
      vertex 3.88994 -0.943425 0
      vertex 3.88994 -0.943425 2.5
    endloop
  endfacet
  facet normal 0.949523 0.313697 0
    outer loop
      vertex 3.88994 -0.943425 0
      vertex 3.93998 -1.09489 2.5
      vertex 3.93998 -1.09489 0
    endloop
  endfacet
  facet normal 0.724259 -0.689528 0
    outer loop
      vertex 4.59191 2.18257 2.5
      vertex 4.7019 2.2981 0
      vertex 4.7019 2.2981 2.5
    endloop
  endfacet
  facet normal 0.724259 -0.689528 0
    outer loop
      vertex 4.7019 2.2981 0
      vertex 4.59191 2.18257 2.5
      vertex 4.59191 2.18257 0
    endloop
  endfacet
  facet normal 0.575841 0.817562 -0
    outer loop
      vertex 5.1944 -2.70228 0
      vertex 5.06398 -2.61042 2.5
      vertex 5.1944 -2.70228 2.5
    endloop
  endfacet
  facet normal 0.575841 0.817562 0
    outer loop
      vertex 5.06398 -2.61042 2.5
      vertex 5.1944 -2.70228 0
      vertex 5.06398 -2.61042 0
    endloop
  endfacet
  facet normal 0.870097 -0.492881 0
    outer loop
      vertex 4.13376 1.53204 2.5
      vertex 4.21238 1.67083 0
      vertex 4.21238 1.67083 2.5
    endloop
  endfacet
  facet normal 0.870097 -0.492881 0
    outer loop
      vertex 4.21238 1.67083 0
      vertex 4.13376 1.53204 2.5
      vertex 4.13376 1.53204 0
    endloop
  endfacet
  facet normal -0.724259 0.689528 0
    outer loop
      vertex 9.2981 -2.2981 0
      vertex 9.40809 -2.18257 2.5
      vertex 9.40809 -2.18257 0
    endloop
  endfacet
  facet normal -0.724259 0.689528 0
    outer loop
      vertex 9.40809 -2.18257 2.5
      vertex 9.2981 -2.2981 0
      vertex 9.2981 -2.2981 2.5
    endloop
  endfacet
  facet normal -0.788359 0.615216 0
    outer loop
      vertex 9.51228 -2.06178 0
      vertex 9.61042 -1.93602 2.5
      vertex 9.61042 -1.93602 0
    endloop
  endfacet
  facet normal -0.788359 0.615216 0
    outer loop
      vertex 9.61042 -1.93602 2.5
      vertex 9.51228 -2.06178 0
      vertex 9.51228 -2.06178 2.5
    endloop
  endfacet
  facet normal 0.449594 -0.893233 0
    outer loop
      vertex 5.46796 2.86624 0
      vertex 5.61045 2.93796 2.5
      vertex 5.46796 2.86624 2.5
    endloop
  endfacet
  facet normal 0.449594 -0.893233 0
    outer loop
      vertex 5.61045 2.93796 2.5
      vertex 5.46796 2.86624 0
      vertex 5.61045 2.93796 0
    endloop
  endfacet
  facet normal -0.492881 0.870097 0
    outer loop
      vertex 8.67083 -2.78762 0
      vertex 8.53204 -2.86624 2.5
      vertex 8.67083 -2.78762 2.5
    endloop
  endfacet
  facet normal -0.492881 0.870097 0
    outer loop
      vertex 8.53204 -2.86624 2.5
      vertex 8.67083 -2.78762 0
      vertex 8.53204 -2.86624 0
    endloop
  endfacet
  facet normal -0.359895 0.932993 0
    outer loop
      vertex 8.24372 -3.00261 0
      vertex 8.09489 -3.06002 2.5
      vertex 8.24372 -3.00261 2.5
    endloop
  endfacet
  facet normal -0.359895 0.932993 0
    outer loop
      vertex 8.09489 -3.06002 2.5
      vertex 8.24372 -3.00261 0
      vertex 8.09489 -3.06002 0
    endloop
  endfacet
  facet normal -0.170952 0.985279 0
    outer loop
      vertex 7.63404 -3.18755 0
      vertex 7.47687 -3.21482 2.5
      vertex 7.63404 -3.18755 2.5
    endloop
  endfacet
  facet normal -0.170952 0.985279 0
    outer loop
      vertex 7.47687 -3.21482 2.5
      vertex 7.63404 -3.18755 0
      vertex 7.47687 -3.21482 0
    endloop
  endfacet
  facet normal -0.963849 0.266447 0
    outer loop
      vertex 10.1101 -0.943425 0
      vertex 10.1526 -0.789685 2.5
      vertex 10.1526 -0.789685 0
    endloop
  endfacet
  facet normal -0.963849 0.266447 0
    outer loop
      vertex 10.1526 -0.789685 2.5
      vertex 10.1101 -0.943425 0
      vertex 10.1101 -0.943425 2.5
    endloop
  endfacet
  facet normal 0.788359 0.615216 0
    outer loop
      vertex 4.48772 -2.06178 2.5
      vertex 4.38958 -1.93602 0
      vertex 4.38958 -1.93602 2.5
    endloop
  endfacet
  facet normal 0.788359 0.615216 0
    outer loop
      vertex 4.38958 -1.93602 0
      vertex 4.48772 -2.06178 2.5
      vertex 4.48772 -2.06178 0
    endloop
  endfacet
  facet normal -0.985353 -0.170526 0
    outer loop
      vertex 10.2148 0.476873 0
      vertex 10.1876 0.634043 2.5
      vertex 10.1876 0.634043 0
    endloop
  endfacet
  facet normal -0.985353 -0.170526 0
    outer loop
      vertex 10.1876 0.634043 2.5
      vertex 10.2148 0.476873 0
      vertex 10.2148 0.476873 2.5
    endloop
  endfacet
  facet normal -0.575841 0.817562 0
    outer loop
      vertex 8.93602 -2.61042 0
      vertex 8.8056 -2.70228 2.5
      vertex 8.93602 -2.61042 2.5
    endloop
  endfacet
  facet normal -0.575841 0.817562 0
    outer loop
      vertex 8.8056 -2.70228 2.5
      vertex 8.93602 -2.61042 0
      vertex 8.8056 -2.70228 0
    endloop
  endfacet
  facet normal 0.653158 -0.757222 0
    outer loop
      vertex 4.81743 2.40809 0
      vertex 4.93822 2.51228 2.5
      vertex 4.81743 2.40809 2.5
    endloop
  endfacet
  facet normal 0.653158 -0.757222 0
    outer loop
      vertex 4.93822 2.51228 2.5
      vertex 4.81743 2.40809 0
      vertex 4.93822 2.51228 0
    endloop
  endfacet
  facet normal -0.992424 -0.122863 0
    outer loop
      vertex 10.2344 0.318555 0
      vertex 10.2148 0.476873 2.5
      vertex 10.2148 0.476873 0
    endloop
  endfacet
  facet normal -0.992424 -0.122863 0
    outer loop
      vertex 10.2148 0.476873 2.5
      vertex 10.2344 0.318555 0
      vertex 10.2344 0.318555 2.5
    endloop
  endfacet
  facet normal 0.949523 -0.313697 0
    outer loop
      vertex 3.88994 0.943425 2.5
      vertex 3.93998 1.09489 0
      vertex 3.93998 1.09489 2.5
    endloop
  endfacet
  facet normal 0.949523 -0.313697 0
    outer loop
      vertex 3.93998 1.09489 0
      vertex 3.88994 0.943425 2.5
      vertex 3.88994 0.943425 0
    endloop
  endfacet
  facet normal 0.359895 0.932993 -0
    outer loop
      vertex 5.90511 -3.06002 0
      vertex 5.75628 -3.00261 2.5
      vertex 5.90511 -3.06002 2.5
    endloop
  endfacet
  facet normal 0.359895 0.932993 0
    outer loop
      vertex 5.75628 -3.00261 2.5
      vertex 5.90511 -3.06002 0
      vertex 5.75628 -3.00261 0
    endloop
  endfacet
  facet normal 0.0245114 0.9997 -0
    outer loop
      vertex 7 -3.25 0
      vertex 6.84053 -3.24609 2.5
      vertex 7 -3.25 2.5
    endloop
  endfacet
  facet normal 0.0245114 0.9997 0
    outer loop
      vertex 6.84053 -3.24609 2.5
      vertex 7 -3.25 0
      vertex 6.84053 -3.24609 0
    endloop
  endfacet
  facet normal 0.170952 0.985279 -0
    outer loop
      vertex 6.52313 -3.21482 0
      vertex 6.36596 -3.18755 2.5
      vertex 6.52313 -3.21482 2.5
    endloop
  endfacet
  facet normal 0.170952 0.985279 0
    outer loop
      vertex 6.36596 -3.18755 2.5
      vertex 6.52313 -3.21482 0
      vertex 6.36596 -3.18755 0
    endloop
  endfacet
  facet normal -0.757222 -0.653158 0
    outer loop
      vertex 9.51228 2.06178 0
      vertex 9.40809 2.18257 2.5
      vertex 9.40809 2.18257 0
    endloop
  endfacet
  facet normal -0.757222 -0.653158 0
    outer loop
      vertex 9.40809 2.18257 2.5
      vertex 9.51228 2.06178 0
      vertex 9.51228 2.06178 2.5
    endloop
  endfacet
  facet normal -0.689528 -0.724259 0
    outer loop
      vertex 9.18257 2.40809 0
      vertex 9.2981 2.2981 2.5
      vertex 9.18257 2.40809 2.5
    endloop
  endfacet
  facet normal -0.689528 -0.724259 -0
    outer loop
      vertex 9.2981 2.2981 2.5
      vertex 9.18257 2.40809 0
      vertex 9.2981 2.2981 0
    endloop
  endfacet
  facet normal 0.689528 0.724259 -0
    outer loop
      vertex 4.81743 -2.40809 0
      vertex 4.7019 -2.2981 2.5
      vertex 4.81743 -2.40809 2.5
    endloop
  endfacet
  facet normal 0.689528 0.724259 0
    outer loop
      vertex 4.7019 -2.2981 2.5
      vertex 4.81743 -2.40809 0
      vertex 4.7019 -2.2981 0
    endloop
  endfacet
  facet normal 0.893208 0.449644 0
    outer loop
      vertex 4.13376 -1.53204 2.5
      vertex 4.06203 -1.38955 0
      vertex 4.06203 -1.38955 2.5
    endloop
  endfacet
  facet normal 0.893208 0.449644 0
    outer loop
      vertex 4.06203 -1.38955 0
      vertex 4.13376 -1.53204 2.5
      vertex 4.13376 -1.53204 0
    endloop
  endfacet
  facet normal 0.359895 -0.932993 0
    outer loop
      vertex 5.75628 3.00261 0
      vertex 5.90511 3.06002 2.5
      vertex 5.75628 3.00261 2.5
    endloop
  endfacet
  facet normal 0.359895 -0.932993 0
    outer loop
      vertex 5.90511 3.06002 2.5
      vertex 5.75628 3.00261 0
      vertex 5.90511 3.06002 0
    endloop
  endfacet
  facet normal 0.122437 0.992476 -0
    outer loop
      vertex 6.68144 -3.23435 0
      vertex 6.52313 -3.21482 2.5
      vertex 6.68144 -3.23435 2.5
    endloop
  endfacet
  facet normal 0.122437 0.992476 0
    outer loop
      vertex 6.52313 -3.21482 2.5
      vertex 6.68144 -3.23435 0
      vertex 6.52313 -3.21482 0
    endloop
  endfacet
  facet normal -0.933014 -0.35984 0
    outer loop
      vertex 10.06 1.09489 0
      vertex 10.0026 1.24372 2.5
      vertex 10.0026 1.24372 0
    endloop
  endfacet
  facet normal -0.933014 -0.35984 0
    outer loop
      vertex 10.0026 1.24372 2.5
      vertex 10.06 1.09489 0
      vertex 10.06 1.09489 2.5
    endloop
  endfacet
  facet normal 0.0735946 0.997288 -0
    outer loop
      vertex 6.84053 -3.24609 0
      vertex 6.68144 -3.23435 2.5
      vertex 6.84053 -3.24609 2.5
    endloop
  endfacet
  facet normal 0.0735946 0.997288 0
    outer loop
      vertex 6.68144 -3.23435 2.5
      vertex 6.84053 -3.24609 0
      vertex 6.68144 -3.23435 0
    endloop
  endfacet
  facet normal 0.492881 -0.870097 0
    outer loop
      vertex 5.32917 2.78762 0
      vertex 5.46796 2.86624 2.5
      vertex 5.32917 2.78762 2.5
    endloop
  endfacet
  facet normal 0.492881 -0.870097 0
    outer loop
      vertex 5.46796 2.86624 2.5
      vertex 5.32917 2.78762 0
      vertex 5.46796 2.86624 0
    endloop
  endfacet
  facet normal -0.534988 -0.84486 0
    outer loop
      vertex 8.67083 2.78762 0
      vertex 8.8056 2.70228 2.5
      vertex 8.67083 2.78762 2.5
    endloop
  endfacet
  facet normal -0.534988 -0.84486 -0
    outer loop
      vertex 8.8056 2.70228 2.5
      vertex 8.67083 2.78762 0
      vertex 8.8056 2.70228 0
    endloop
  endfacet
  facet normal 0.992477 -0.122431 0
    outer loop
      vertex 3.76565 0.318555 2.5
      vertex 3.78518 0.476873 0
      vertex 3.78518 0.476873 2.5
    endloop
  endfacet
  facet normal 0.992477 -0.122431 0
    outer loop
      vertex 3.78518 0.476873 0
      vertex 3.76565 0.318555 2.5
      vertex 3.76565 0.318555 0
    endloop
  endfacet
  facet normal 0.689528 -0.724259 0
    outer loop
      vertex 4.7019 2.2981 0
      vertex 4.81743 2.40809 2.5
      vertex 4.7019 2.2981 2.5
    endloop
  endfacet
  facet normal 0.689528 -0.724259 0
    outer loop
      vertex 4.81743 2.40809 2.5
      vertex 4.7019 2.2981 0
      vertex 4.81743 2.40809 0
    endloop
  endfacet
  facet normal -0.817562 -0.575841 0
    outer loop
      vertex 9.70228 1.8056 0
      vertex 9.61042 1.93602 2.5
      vertex 9.61042 1.93602 0
    endloop
  endfacet
  facet normal -0.817562 -0.575841 0
    outer loop
      vertex 9.61042 1.93602 2.5
      vertex 9.70228 1.8056 0
      vertex 9.70228 1.8056 2.5
    endloop
  endfacet
  facet normal 0.757222 0.653158 0
    outer loop
      vertex 4.59191 -2.18257 2.5
      vertex 4.48772 -2.06178 0
      vertex 4.48772 -2.06178 2.5
    endloop
  endfacet
  facet normal 0.757222 0.653158 0
    outer loop
      vertex 4.48772 -2.06178 0
      vertex 4.59191 -2.18257 2.5
      vertex 4.59191 -2.18257 0
    endloop
  endfacet
  facet normal -0.0245114 -0.9997 0
    outer loop
      vertex 7 3.25 0
      vertex 7.15947 3.24609 2.5
      vertex 7 3.25 2.5
    endloop
  endfacet
  facet normal -0.0245114 -0.9997 -0
    outer loop
      vertex 7.15947 3.24609 2.5
      vertex 7 3.25 0
      vertex 7.15947 3.24609 0
    endloop
  endfacet
  facet normal -0.219087 0.975705 0
    outer loop
      vertex 7.78969 -3.1526 0
      vertex 7.63404 -3.18755 2.5
      vertex 7.78969 -3.1526 2.5
    endloop
  endfacet
  facet normal -0.219087 0.975705 0
    outer loop
      vertex 7.63404 -3.18755 2.5
      vertex 7.78969 -3.1526 0
      vertex 7.63404 -3.18755 0
    endloop
  endfacet
  facet normal -0.689528 0.724259 0
    outer loop
      vertex 9.2981 -2.2981 0
      vertex 9.18257 -2.40809 2.5
      vertex 9.2981 -2.2981 2.5
    endloop
  endfacet
  facet normal -0.689528 0.724259 0
    outer loop
      vertex 9.18257 -2.40809 2.5
      vertex 9.2981 -2.2981 0
      vertex 9.18257 -2.40809 0
    endloop
  endfacet
  facet normal 0.932993 -0.359895 0
    outer loop
      vertex 3.93998 1.09489 2.5
      vertex 3.99739 1.24372 0
      vertex 3.99739 1.24372 2.5
    endloop
  endfacet
  facet normal 0.932993 -0.359895 0
    outer loop
      vertex 3.99739 1.24372 0
      vertex 3.93998 1.09489 2.5
      vertex 3.93998 1.09489 0
    endloop
  endfacet
  facet normal 0.653158 0.757222 -0
    outer loop
      vertex 4.93822 -2.51228 0
      vertex 4.81743 -2.40809 2.5
      vertex 4.93822 -2.51228 2.5
    endloop
  endfacet
  facet normal 0.653158 0.757222 0
    outer loop
      vertex 4.81743 -2.40809 2.5
      vertex 4.93822 -2.51228 0
      vertex 4.81743 -2.40809 0
    endloop
  endfacet
  facet normal 0.313706 -0.94952 0
    outer loop
      vertex 5.90511 3.06002 0
      vertex 6.05657 3.11006 2.5
      vertex 5.90511 3.06002 2.5
    endloop
  endfacet
  facet normal 0.313706 -0.94952 0
    outer loop
      vertex 6.05657 3.11006 2.5
      vertex 5.90511 3.06002 0
      vertex 6.05657 3.11006 0
    endloop
  endfacet
  facet normal -0.893233 -0.449594 0
    outer loop
      vertex 9.93796 1.38955 0
      vertex 9.86624 1.53204 2.5
      vertex 9.86624 1.53204 0
    endloop
  endfacet
  facet normal -0.893233 -0.449594 0
    outer loop
      vertex 9.86624 1.53204 2.5
      vertex 9.93796 1.38955 0
      vertex 9.93796 1.38955 2.5
    endloop
  endfacet
  facet normal -0.219087 -0.975705 0
    outer loop
      vertex 7.63404 3.18755 0
      vertex 7.78969 3.1526 2.5
      vertex 7.63404 3.18755 2.5
    endloop
  endfacet
  facet normal -0.219087 -0.975705 -0
    outer loop
      vertex 7.78969 3.1526 2.5
      vertex 7.63404 3.18755 0
      vertex 7.78969 3.1526 0
    endloop
  endfacet
  facet normal -0.12243 -0.992477 0
    outer loop
      vertex 7.31855 3.23435 0
      vertex 7.47687 3.21482 2.5
      vertex 7.31855 3.23435 2.5
    endloop
  endfacet
  facet normal -0.12243 -0.992477 -0
    outer loop
      vertex 7.47687 3.21482 2.5
      vertex 7.31855 3.23435 0
      vertex 7.47687 3.21482 0
    endloop
  endfacet
  facet normal -0.575841 -0.817562 0
    outer loop
      vertex 8.8056 2.70228 0
      vertex 8.93602 2.61042 2.5
      vertex 8.8056 2.70228 2.5
    endloop
  endfacet
  facet normal -0.575841 -0.817562 -0
    outer loop
      vertex 8.93602 2.61042 2.5
      vertex 8.8056 2.70228 0
      vertex 8.93602 2.61042 0
    endloop
  endfacet
  facet normal 0.492881 0.870097 -0
    outer loop
      vertex 5.46796 -2.86624 0
      vertex 5.32917 -2.78762 2.5
      vertex 5.46796 -2.86624 2.5
    endloop
  endfacet
  facet normal 0.492881 0.870097 0
    outer loop
      vertex 5.32917 -2.78762 2.5
      vertex 5.46796 -2.86624 0
      vertex 5.32917 -2.78762 0
    endloop
  endfacet
  facet normal 0.26668 -0.963785 0
    outer loop
      vertex 6.05657 3.11006 0
      vertex 6.21031 3.1526 2.5
      vertex 6.05657 3.11006 2.5
    endloop
  endfacet
  facet normal 0.26668 -0.963785 0
    outer loop
      vertex 6.21031 3.1526 2.5
      vertex 6.05657 3.11006 0
      vertex 6.21031 3.1526 0
    endloop
  endfacet
  facet normal 0.615216 -0.788359 0
    outer loop
      vertex 4.93822 2.51228 0
      vertex 5.06398 2.61042 2.5
      vertex 4.93822 2.51228 2.5
    endloop
  endfacet
  facet normal 0.615216 -0.788359 0
    outer loop
      vertex 5.06398 2.61042 2.5
      vertex 4.93822 2.51228 0
      vertex 5.06398 2.61042 0
    endloop
  endfacet
  facet normal -0.870097 -0.492881 0
    outer loop
      vertex 9.86624 1.53204 0
      vertex 9.78762 1.67083 2.5
      vertex 9.78762 1.67083 0
    endloop
  endfacet
  facet normal -0.870097 -0.492881 0
    outer loop
      vertex 9.78762 1.67083 2.5
      vertex 9.86624 1.53204 0
      vertex 9.86624 1.53204 2.5
    endloop
  endfacet
  facet normal 0.26668 0.963785 -0
    outer loop
      vertex 6.21031 -3.1526 0
      vertex 6.05657 -3.11006 2.5
      vertex 6.21031 -3.1526 2.5
    endloop
  endfacet
  facet normal 0.26668 0.963785 0
    outer loop
      vertex 6.05657 -3.11006 2.5
      vertex 6.21031 -3.1526 0
      vertex 6.05657 -3.11006 0
    endloop
  endfacet
  facet normal 0.9997 0.0245114 0
    outer loop
      vertex 3.75391 -0.15947 2.5
      vertex 3.75 0 0
      vertex 3.75 0 2.5
    endloop
  endfacet
  facet normal 0.9997 0.0245114 0
    outer loop
      vertex 3.75 0 0
      vertex 3.75391 -0.15947 2.5
      vertex 3.75391 -0.15947 0
    endloop
  endfacet
  facet normal 0.534988 0.84486 -0
    outer loop
      vertex 5.32917 -2.78762 0
      vertex 5.1944 -2.70228 2.5
      vertex 5.32917 -2.78762 2.5
    endloop
  endfacet
  facet normal 0.534988 0.84486 0
    outer loop
      vertex 5.1944 -2.70228 2.5
      vertex 5.32917 -2.78762 0
      vertex 5.1944 -2.70228 0
    endloop
  endfacet
  facet normal -0.788359 -0.615216 0
    outer loop
      vertex 9.61042 1.93602 0
      vertex 9.51228 2.06178 2.5
      vertex 9.51228 2.06178 0
    endloop
  endfacet
  facet normal -0.788359 -0.615216 0
    outer loop
      vertex 9.51228 2.06178 2.5
      vertex 9.61042 1.93602 0
      vertex 9.61042 1.93602 2.5
    endloop
  endfacet
  facet normal -0.313706 0.94952 0
    outer loop
      vertex 8.09489 -3.06002 0
      vertex 7.94343 -3.11006 2.5
      vertex 8.09489 -3.06002 2.5
    endloop
  endfacet
  facet normal -0.313706 0.94952 0
    outer loop
      vertex 7.94343 -3.11006 2.5
      vertex 8.09489 -3.06002 0
      vertex 7.94343 -3.11006 0
    endloop
  endfacet
  facet normal 0.997288 0.0735969 0
    outer loop
      vertex 3.76565 -0.318555 2.5
      vertex 3.75391 -0.15947 0
      vertex 3.75391 -0.15947 2.5
    endloop
  endfacet
  facet normal 0.997288 0.0735969 0
    outer loop
      vertex 3.75391 -0.15947 0
      vertex 3.76565 -0.318555 2.5
      vertex 3.76565 -0.318555 0
    endloop
  endfacet
  facet normal 0.313706 0.94952 -0
    outer loop
      vertex 6.05657 -3.11006 0
      vertex 5.90511 -3.06002 2.5
      vertex 6.05657 -3.11006 2.5
    endloop
  endfacet
  facet normal 0.313706 0.94952 0
    outer loop
      vertex 5.90511 -3.06002 2.5
      vertex 6.05657 -3.11006 0
      vertex 5.90511 -3.06002 0
    endloop
  endfacet
  facet normal -0.653158 -0.757222 0
    outer loop
      vertex 9.06178 2.51228 0
      vertex 9.18257 2.40809 2.5
      vertex 9.06178 2.51228 2.5
    endloop
  endfacet
  facet normal -0.653158 -0.757222 -0
    outer loop
      vertex 9.18257 2.40809 2.5
      vertex 9.06178 2.51228 0
      vertex 9.18257 2.40809 0
    endloop
  endfacet
  facet normal -0.84486 -0.534988 0
    outer loop
      vertex 9.78762 1.67083 0
      vertex 9.70228 1.8056 2.5
      vertex 9.70228 1.8056 0
    endloop
  endfacet
  facet normal -0.84486 -0.534988 0
    outer loop
      vertex 9.70228 1.8056 2.5
      vertex 9.78762 1.67083 0
      vertex 9.78762 1.67083 2.5
    endloop
  endfacet
  facet normal 0.757222 -0.653158 0
    outer loop
      vertex 4.48772 2.06178 2.5
      vertex 4.59191 2.18257 0
      vertex 4.59191 2.18257 2.5
    endloop
  endfacet
  facet normal 0.757222 -0.653158 0
    outer loop
      vertex 4.59191 2.18257 0
      vertex 4.48772 2.06178 2.5
      vertex 4.48772 2.06178 0
    endloop
  endfacet
  facet normal 0.0735946 -0.997288 0
    outer loop
      vertex 6.68144 3.23435 0
      vertex 6.84053 3.24609 2.5
      vertex 6.68144 3.23435 2.5
    endloop
  endfacet
  facet normal 0.0735946 -0.997288 0
    outer loop
      vertex 6.84053 3.24609 2.5
      vertex 6.68144 3.23435 0
      vertex 6.84053 3.24609 0
    endloop
  endfacet
  facet normal 0.817562 0.575841 0
    outer loop
      vertex 4.38958 -1.93602 2.5
      vertex 4.29772 -1.8056 0
      vertex 4.29772 -1.8056 2.5
    endloop
  endfacet
  facet normal 0.817562 0.575841 0
    outer loop
      vertex 4.29772 -1.8056 0
      vertex 4.38958 -1.93602 2.5
      vertex 4.38958 -1.93602 0
    endloop
  endfacet
  facet normal 0.575841 -0.817562 0
    outer loop
      vertex 5.06398 2.61042 0
      vertex 5.1944 2.70228 2.5
      vertex 5.06398 2.61042 2.5
    endloop
  endfacet
  facet normal 0.575841 -0.817562 0
    outer loop
      vertex 5.1944 2.70228 2.5
      vertex 5.06398 2.61042 0
      vertex 5.1944 2.70228 0
    endloop
  endfacet
  facet normal 0.975703 0.219098 0
    outer loop
      vertex 3.8474 -0.789685 2.5
      vertex 3.81245 -0.634043 0
      vertex 3.81245 -0.634043 2.5
    endloop
  endfacet
  facet normal 0.975703 0.219098 0
    outer loop
      vertex 3.81245 -0.634043 0
      vertex 3.8474 -0.789685 2.5
      vertex 3.8474 -0.789685 0
    endloop
  endfacet
  facet normal 0.932993 0.359895 0
    outer loop
      vertex 3.99739 -1.24372 2.5
      vertex 3.93998 -1.09489 0
      vertex 3.93998 -1.09489 2.5
    endloop
  endfacet
  facet normal 0.932993 0.359895 0
    outer loop
      vertex 3.93998 -1.09489 0
      vertex 3.99739 -1.24372 2.5
      vertex 3.99739 -1.24372 0
    endloop
  endfacet
  facet normal 0.219087 -0.975705 0
    outer loop
      vertex 6.21031 3.1526 0
      vertex 6.36596 3.18755 2.5
      vertex 6.21031 3.1526 2.5
    endloop
  endfacet
  facet normal 0.219087 -0.975705 0
    outer loop
      vertex 6.36596 3.18755 2.5
      vertex 6.21031 3.1526 0
      vertex 6.36596 3.18755 0
    endloop
  endfacet
  facet normal 0.870097 0.492881 0
    outer loop
      vertex 4.21238 -1.67083 2.5
      vertex 4.13376 -1.53204 0
      vertex 4.13376 -1.53204 2.5
    endloop
  endfacet
  facet normal 0.870097 0.492881 0
    outer loop
      vertex 4.13376 -1.53204 0
      vertex 4.21238 -1.67083 2.5
      vertex 4.21238 -1.67083 0
    endloop
  endfacet
  facet normal 0.449594 0.893233 -0
    outer loop
      vertex 5.61045 -2.93796 0
      vertex 5.46796 -2.86624 2.5
      vertex 5.61045 -2.93796 2.5
    endloop
  endfacet
  facet normal 0.449594 0.893233 0
    outer loop
      vertex 5.46796 -2.86624 2.5
      vertex 5.61045 -2.93796 0
      vertex 5.46796 -2.86624 0
    endloop
  endfacet
  facet normal 0.893208 -0.449644 0
    outer loop
      vertex 4.06203 1.38955 2.5
      vertex 4.13376 1.53204 0
      vertex 4.13376 1.53204 2.5
    endloop
  endfacet
  facet normal 0.893208 -0.449644 0
    outer loop
      vertex 4.13376 1.53204 0
      vertex 4.06203 1.38955 2.5
      vertex 4.06203 1.38955 0
    endloop
  endfacet
  facet normal 0 0.999698 0.024556
    outer loop
      vertex 15.5 -1.24789 56.4141
      vertex 13 -1.25 56.5
      vertex 15.5 -1.25 56.5
    endloop
  endfacet
  facet normal 0 0.999698 0.024556
    outer loop
      vertex 13 -1.25 56.5
      vertex 15.5 -1.24789 56.4141
      vertex 13 -1.24789 56.4141
    endloop
  endfacet
  facet normal 0 -0.689975 0.723833
    outer loop
      vertex 13 1.73744 55.2626
      vertex 15.5 1.67523 55.2033
      vertex 15.5 1.73744 55.2626
    endloop
  endfacet
  facet normal 0 -0.689975 0.723833
    outer loop
      vertex 15.5 1.67523 55.2033
      vertex 13 1.73744 55.2626
      vertex 13 1.67523 55.2033
    endloop
  endfacet
  facet normal 0 0.893166 -0.449727
    outer loop
      vertex 15.5 -1.08198 63.2482
      vertex 13 -1.04336 63.3249
      vertex 15.5 -1.04336 63.3249
    endloop
  endfacet
  facet normal 0 0.893166 -0.449727
    outer loop
      vertex 13 -1.04336 63.3249
      vertex 15.5 -1.08198 63.2482
      vertex 13 -1.08198 63.2482
    endloop
  endfacet
  facet normal 0 -0.614875 0.788624
    outer loop
      vertex 13 1.61019 55.1472
      vertex 15.5 1.54247 55.0944
      vertex 15.5 1.61019 55.1472
    endloop
  endfacet
  facet normal 0 -0.614875 0.788624
    outer loop
      vertex 15.5 1.54247 55.0944
      vertex 13 1.61019 55.1472
      vertex 13 1.54247 55.0944
    endloop
  endfacet
  facet normal 0 -0.0733468 -0.997306
    outer loop
      vertex 13 0.585868 64.2479
      vertex 15.5 0.67153 64.2416
      vertex 15.5 0.585868 64.2479
    endloop
  endfacet
  facet normal -0 -0.0733468 -0.997306
    outer loop
      vertex 15.5 0.67153 64.2416
      vertex 13 0.585868 64.2479
      vertex 13 0.67153 64.2416
    endloop
  endfacet
  facet normal 0 -0.359759 0.933045
    outer loop
      vertex 13 1.1697 54.8832
      vertex 15.5 1.08956 54.8523
      vertex 15.5 1.1697 54.8832
    endloop
  endfacet
  facet normal 0 -0.359759 0.933045
    outer loop
      vertex 15.5 1.08956 54.8523
      vertex 13 1.1697 54.8832
      vertex 13 1.08956 54.8523
    endloop
  endfacet
  facet normal 0 -0.724243 0.689545
    outer loop
      vertex 13 1.73744 55.2626
      vertex 15.5 1.79666 55.3248
      vertex 13 1.79666 55.3248
    endloop
  endfacet
  facet normal 0 -0.724243 0.689545
    outer loop
      vertex 15.5 1.79666 55.3248
      vertex 13 1.73744 55.2626
      vertex 15.5 1.73744 55.2626
    endloop
  endfacet
  facet normal 0 -0.949552 0.313608
    outer loop
      vertex 13 2.1477 55.9104
      vertex 15.5 2.17465 55.992
      vertex 13 2.17465 55.992
    endloop
  endfacet
  facet normal 0 -0.949552 0.313608
    outer loop
      vertex 15.5 2.17465 55.992
      vertex 13 2.1477 55.9104
      vertex 15.5 2.1477 55.9104
    endloop
  endfacet
  facet normal 0 -1 0
    outer loop
      vertex 13 2.25 56.5
      vertex 15.5 2.25 62.5
      vertex 13 2.25 62.5
    endloop
  endfacet
  facet normal 0 -1 -0
    outer loop
      vertex 15.5 2.25 62.5
      vertex 13 2.25 56.5
      vertex 15.5 2.25 56.5
    endloop
  endfacet
  facet normal 0 -0.893166 0.449727
    outer loop
      vertex 13 2.04336 55.6751
      vertex 15.5 2.08198 55.7518
      vertex 13 2.08198 55.7518
    endloop
  endfacet
  facet normal 0 -0.893166 0.449727
    outer loop
      vertex 15.5 2.08198 55.7518
      vertex 13 2.04336 55.6751
      vertex 15.5 2.04336 55.6751
    endloop
  endfacet
  facet normal 0 0.267696 -0.963503
    outer loop
      vertex 13 -0.00799751 64.1746
      vertex 15.5 0.0747852 64.1976
      vertex 15.5 -0.00799751 64.1746
    endloop
  endfacet
  facet normal 0 0.267696 -0.963503
    outer loop
      vertex 15.5 0.0747852 64.1976
      vertex 13 -0.00799751 64.1746
      vertex 13 0.0747852 64.1976
    endloop
  endfacet
  facet normal 0 0.949552 -0.313608
    outer loop
      vertex 15.5 -1.17465 63.008
      vertex 13 -1.1477 63.0896
      vertex 15.5 -1.1477 63.0896
    endloop
  endfacet
  facet normal 0 0.949552 -0.313608
    outer loop
      vertex 13 -1.1477 63.0896
      vertex 15.5 -1.17465 63.008
      vertex 13 -1.17465 63.008
    endloop
  endfacet
  facet normal 0 -0.985257 -0.171081
    outer loop
      vertex 13 2.23106 62.7568
      vertex 15.5 2.21637 62.8414
      vertex 13 2.21637 62.8414
    endloop
  endfacet
  facet normal 0 -0.985257 -0.171081
    outer loop
      vertex 15.5 2.21637 62.8414
      vertex 13 2.23106 62.7568
      vertex 15.5 2.23106 62.7568
    endloop
  endfacet
  facet normal 0 0.122246 -0.9925
    outer loop
      vertex 13 0.243222 64.2311
      vertex 15.5 0.32847 64.2416
      vertex 15.5 0.243222 64.2311
    endloop
  endfacet
  facet normal 0 0.122246 -0.9925
    outer loop
      vertex 15.5 0.32847 64.2416
      vertex 13 0.243222 64.2311
      vertex 13 0.32847 64.2416
    endloop
  endfacet
  facet normal 0 0.689986 -0.723822
    outer loop
      vertex 13 -0.737436 63.7374
      vertex 15.5 -0.675228 63.7967
      vertex 15.5 -0.737436 63.7374
    endloop
  endfacet
  facet normal 0 0.689986 -0.723822
    outer loop
      vertex 15.5 -0.675228 63.7967
      vertex 13 -0.737436 63.7374
      vertex 13 -0.675228 63.7967
    endloop
  endfacet
  facet normal 0 0.493454 -0.869772
    outer loop
      vertex 13 -0.399679 64.001
      vertex 15.5 -0.324944 64.0434
      vertex 15.5 -0.399679 64.001
    endloop
  endfacet
  facet normal 0 0.493454 -0.869772
    outer loop
      vertex 15.5 -0.324944 64.0434
      vertex 13 -0.399679 64.001
      vertex 13 -0.324944 64.0434
    endloop
  endfacet
  facet normal 0 -0.817863 0.575413
    outer loop
      vertex 13 1.90561 55.4575
      vertex 15.5 1.95507 55.5278
      vertex 13 1.95507 55.5278
    endloop
  endfacet
  facet normal 0 -0.817863 0.575413
    outer loop
      vertex 15.5 1.95507 55.5278
      vertex 13 1.90561 55.4575
      vertex 15.5 1.90561 55.4575
    endloop
  endfacet
  facet normal 0 -0.449448 -0.893307
    outer loop
      vertex 13 1.24822 64.082
      vertex 15.5 1.32494 64.0434
      vertex 15.5 1.24822 64.082
    endloop
  endfacet
  facet normal -0 -0.449448 -0.893307
    outer loop
      vertex 15.5 1.32494 64.0434
      vertex 13 1.24822 64.082
      vertex 13 1.32494 64.0434
    endloop
  endfacet
  facet normal 0 -0.992495 -0.122287
    outer loop
      vertex 13 2.24157 62.6715
      vertex 15.5 2.23106 62.7568
      vertex 13 2.23106 62.7568
    endloop
  endfacet
  facet normal 0 -0.992495 -0.122287
    outer loop
      vertex 15.5 2.23106 62.7568
      vertex 13 2.24157 62.6715
      vertex 15.5 2.24157 62.6715
    endloop
  endfacet
  facet normal -0 0.218886 0.975751
    outer loop
      vertex 13 0.158592 54.7836
      vertex 15.5 0.0747852 54.8024
      vertex 15.5 0.158592 54.7836
    endloop
  endfacet
  facet normal 0 0.218886 0.975751
    outer loop
      vertex 15.5 0.0747852 54.8024
      vertex 13 0.158592 54.7836
      vertex 13 0.0747852 54.8024
    endloop
  endfacet
  facet normal -0 0.689986 0.723822
    outer loop
      vertex 13 -0.675228 55.2033
      vertex 15.5 -0.737436 55.2626
      vertex 15.5 -0.675228 55.2033
    endloop
  endfacet
  facet normal 0 0.689986 0.723822
    outer loop
      vertex 15.5 -0.737436 55.2626
      vertex 13 -0.675228 55.2033
      vertex 13 -0.737436 55.2626
    endloop
  endfacet
  facet normal 0 0.975697 0.219124
    outer loop
      vertex 15.5 -1.19755 56.0748
      vertex 13 -1.21637 56.1586
      vertex 15.5 -1.21637 56.1586
    endloop
  endfacet
  facet normal 0 0.975697 0.219124
    outer loop
      vertex 13 -1.21637 56.1586
      vertex 15.5 -1.19755 56.0748
      vertex 13 -1.19755 56.0748
    endloop
  endfacet
  facet normal 0 -0.0244488 -0.999701
    outer loop
      vertex 13 0.5 64.25
      vertex 15.5 0.585868 64.2479
      vertex 15.5 0.5 64.25
    endloop
  endfacet
  facet normal -0 -0.0244488 -0.999701
    outer loop
      vertex 15.5 0.585868 64.2479
      vertex 13 0.5 64.25
      vertex 13 0.585868 64.2479
    endloop
  endfacet
  facet normal 0 -0.359759 -0.933045
    outer loop
      vertex 13 1.08956 64.1477
      vertex 15.5 1.1697 64.1168
      vertex 15.5 1.08956 64.1477
    endloop
  endfacet
  facet normal -0 -0.359759 -0.933045
    outer loop
      vertex 15.5 1.1697 64.1168
      vertex 13 1.08956 64.1477
      vertex 13 1.1697 64.1168
    endloop
  endfacet
  facet normal 0 0.449434 -0.893314
    outer loop
      vertex 13 -0.324944 64.0434
      vertex 15.5 -0.248221 64.082
      vertex 15.5 -0.324944 64.0434
    endloop
  endfacet
  facet normal 0 0.449434 -0.893314
    outer loop
      vertex 15.5 -0.248221 64.082
      vertex 13 -0.324944 64.0434
      vertex 13 -0.248221 64.082
    endloop
  endfacet
  facet normal 0 0.963817 0.266563
    outer loop
      vertex 15.5 -1.17465 55.992
      vertex 13 -1.19755 56.0748
      vertex 15.5 -1.19755 56.0748
    endloop
  endfacet
  facet normal 0 0.963817 0.266563
    outer loop
      vertex 13 -1.19755 56.0748
      vertex 15.5 -1.17465 55.992
      vertex 13 -1.17465 55.992
    endloop
  endfacet
  facet normal 0 0.963817 -0.266563
    outer loop
      vertex 15.5 -1.19755 62.9252
      vertex 13 -1.17465 63.008
      vertex 15.5 -1.17465 63.008
    endloop
  endfacet
  facet normal 0 0.963817 -0.266563
    outer loop
      vertex 13 -1.17465 63.008
      vertex 15.5 -1.19755 62.9252
      vertex 13 -1.19755 62.9252
    endloop
  endfacet
  facet normal 0 -0.756975 0.653444
    outer loop
      vertex 13 1.79666 55.3248
      vertex 15.5 1.85277 55.3898
      vertex 13 1.85277 55.3898
    endloop
  endfacet
  facet normal 0 -0.756975 0.653444
    outer loop
      vertex 15.5 1.85277 55.3898
      vertex 13 1.79666 55.3248
      vertex 15.5 1.79666 55.3248
    endloop
  endfacet
  facet normal 0 0.985257 -0.171081
    outer loop
      vertex 15.5 -1.23106 62.7568
      vertex 13 -1.21637 62.8414
      vertex 15.5 -1.21637 62.8414
    endloop
  endfacet
  facet normal 0 0.985257 -0.171081
    outer loop
      vertex 13 -1.21637 62.8414
      vertex 15.5 -1.23106 62.7568
      vertex 13 -1.23106 62.7568
    endloop
  endfacet
  facet normal 0 0.171135 -0.985248
    outer loop
      vertex 13 0.158592 64.2164
      vertex 15.5 0.243222 64.2311
      vertex 15.5 0.158592 64.2164
    endloop
  endfacet
  facet normal 0 0.171135 -0.985248
    outer loop
      vertex 15.5 0.243222 64.2311
      vertex 13 0.158592 64.2164
      vertex 13 0.243222 64.2311
    endloop
  endfacet
  facet normal 0 0.992495 -0.122287
    outer loop
      vertex 15.5 -1.24157 62.6715
      vertex 13 -1.23106 62.7568
      vertex 15.5 -1.23106 62.7568
    endloop
  endfacet
  facet normal 0 0.992495 -0.122287
    outer loop
      vertex 13 -1.23106 62.7568
      vertex 15.5 -1.24157 62.6715
      vertex 13 -1.24157 62.6715
    endloop
  endfacet
  facet normal 0 0.534555 -0.845133
    outer loop
      vertex 13 -0.472247 63.9551
      vertex 15.5 -0.399679 64.001
      vertex 15.5 -0.472247 63.9551
    endloop
  endfacet
  facet normal 0 0.534555 -0.845133
    outer loop
      vertex 15.5 -0.399679 64.001
      vertex 13 -0.472247 63.9551
      vertex 13 -0.399679 64.001
    endloop
  endfacet
  facet normal 0 -0.122246 -0.9925
    outer loop
      vertex 13 0.67153 64.2416
      vertex 15.5 0.756778 64.2311
      vertex 15.5 0.67153 64.2416
    endloop
  endfacet
  facet normal -0 -0.122246 -0.9925
    outer loop
      vertex 15.5 0.756778 64.2311
      vertex 13 0.67153 64.2416
      vertex 13 0.756778 64.2311
    endloop
  endfacet
  facet normal 0 -0.949552 -0.313608
    outer loop
      vertex 13 2.17465 63.008
      vertex 15.5 2.1477 63.0896
      vertex 13 2.1477 63.0896
    endloop
  endfacet
  facet normal 0 -0.949552 -0.313608
    outer loop
      vertex 15.5 2.1477 63.0896
      vertex 13 2.17465 63.008
      vertex 15.5 2.17465 63.008
    endloop
  endfacet
  facet normal 0 -0.997286 -0.0736314
    outer loop
      vertex 13 2.24789 62.5859
      vertex 15.5 2.24157 62.6715
      vertex 13 2.24157 62.6715
    endloop
  endfacet
  facet normal 0 -0.997286 -0.0736314
    outer loop
      vertex 15.5 2.24157 62.6715
      vertex 13 2.24789 62.5859
      vertex 15.5 2.24789 62.5859
    endloop
  endfacet
  facet normal 0 -0.653147 -0.757231
    outer loop
      vertex 13 1.61019 63.8528
      vertex 15.5 1.67523 63.7967
      vertex 15.5 1.61019 63.8528
    endloop
  endfacet
  facet normal -0 -0.653147 -0.757231
    outer loop
      vertex 15.5 1.67523 63.7967
      vertex 13 1.61019 63.8528
      vertex 13 1.67523 63.7967
    endloop
  endfacet
  facet normal 0 -0.78831 0.615278
    outer loop
      vertex 13 1.85277 55.3898
      vertex 15.5 1.90561 55.4575
      vertex 13 1.90561 55.4575
    endloop
  endfacet
  facet normal 0 -0.78831 0.615278
    outer loop
      vertex 15.5 1.90561 55.4575
      vertex 13 1.85277 55.3898
      vertex 15.5 1.85277 55.3898
    endloop
  endfacet
  facet normal 0 -0.724243 -0.689545
    outer loop
      vertex 13 1.79666 63.6752
      vertex 15.5 1.73744 63.7374
      vertex 13 1.73744 63.7374
    endloop
  endfacet
  facet normal 0 -0.724243 -0.689545
    outer loop
      vertex 15.5 1.73744 63.7374
      vertex 13 1.79666 63.6752
      vertex 15.5 1.79666 63.6752
    endloop
  endfacet
  facet normal 0 -0.267689 -0.963505
    outer loop
      vertex 13 0.925215 64.1976
      vertex 15.5 1.008 64.1746
      vertex 15.5 0.925215 64.1976
    endloop
  endfacet
  facet normal -0 -0.267689 -0.963505
    outer loop
      vertex 15.5 1.008 64.1746
      vertex 13 0.925215 64.1976
      vertex 13 1.008 64.1746
    endloop
  endfacet
  facet normal 0 0.757009 0.653404
    outer loop
      vertex 15.5 -0.796664 55.3248
      vertex 13 -0.852768 55.3898
      vertex 15.5 -0.852768 55.3898
    endloop
  endfacet
  facet normal 0 0.757009 0.653404
    outer loop
      vertex 13 -0.852768 55.3898
      vertex 15.5 -0.796664 55.3248
      vertex 13 -0.796664 55.3248
    endloop
  endfacet
  facet normal 0 0.997286 -0.0736314
    outer loop
      vertex 15.5 -1.24789 62.5859
      vertex 13 -1.24157 62.6715
      vertex 15.5 -1.24157 62.6715
    endloop
  endfacet
  facet normal 0 0.997286 -0.0736314
    outer loop
      vertex 13 -1.24157 62.6715
      vertex 15.5 -1.24789 62.5859
      vertex 13 -1.24789 62.5859
    endloop
  endfacet
  facet normal 0 0.817874 -0.575397
    outer loop
      vertex 15.5 -0.955071 63.4722
      vertex 13 -0.905613 63.5425
      vertex 15.5 -0.905613 63.5425
    endloop
  endfacet
  facet normal 0 0.817874 -0.575397
    outer loop
      vertex 13 -0.905613 63.5425
      vertex 15.5 -0.955071 63.4722
      vertex 13 -0.955071 63.4722
    endloop
  endfacet
  facet normal 0 -0.493429 0.869786
    outer loop
      vertex 13 1.39968 54.999
      vertex 15.5 1.32494 54.9566
      vertex 15.5 1.39968 54.999
    endloop
  endfacet
  facet normal 0 -0.493429 0.869786
    outer loop
      vertex 15.5 1.32494 54.9566
      vertex 13 1.39968 54.999
      vertex 13 1.32494 54.9566
    endloop
  endfacet
  facet normal 0 0.653147 -0.757231
    outer loop
      vertex 13 -0.675228 63.7967
      vertex 15.5 -0.610188 63.8528
      vertex 15.5 -0.675228 63.7967
    endloop
  endfacet
  facet normal 0 0.653147 -0.757231
    outer loop
      vertex 15.5 -0.610188 63.8528
      vertex 13 -0.675228 63.7967
      vertex 13 -0.610188 63.8528
    endloop
  endfacet
  facet normal -0 0.313225 0.949679
    outer loop
      vertex 13 -0.00799751 54.8254
      vertex 15.5 -0.0895567 54.8523
      vertex 15.5 -0.00799751 54.8254
    endloop
  endfacet
  facet normal 0 0.313225 0.949679
    outer loop
      vertex 15.5 -0.0895567 54.8523
      vertex 13 -0.00799751 54.8254
      vertex 13 -0.0895567 54.8523
    endloop
  endfacet
  facet normal 0 -0.932946 0.360017
    outer loop
      vertex 13 2.11679 55.8303
      vertex 15.5 2.1477 55.9104
      vertex 13 2.1477 55.9104
    endloop
  endfacet
  facet normal 0 -0.932946 0.360017
    outer loop
      vertex 15.5 2.1477 55.9104
      vertex 13 2.11679 55.8303
      vertex 15.5 2.11679 55.8303
    endloop
  endfacet
  facet normal -0 0.653147 0.757231
    outer loop
      vertex 13 -0.610188 55.1472
      vertex 15.5 -0.675228 55.2033
      vertex 15.5 -0.610188 55.1472
    endloop
  endfacet
  facet normal 0 0.653147 0.757231
    outer loop
      vertex 15.5 -0.675228 55.2033
      vertex 13 -0.610188 55.1472
      vertex 13 -0.675228 55.2033
    endloop
  endfacet
  facet normal 0 -0.985257 0.171081
    outer loop
      vertex 13 2.21637 56.1586
      vertex 15.5 2.23106 56.2432
      vertex 13 2.23106 56.2432
    endloop
  endfacet
  facet normal 0 -0.985257 0.171081
    outer loop
      vertex 15.5 2.23106 56.2432
      vertex 13 2.21637 56.1586
      vertex 15.5 2.21637 56.1586
    endloop
  endfacet
  facet normal 0 0.914152 0.405371
    outer loop
      vertex 15.5 -1.08198 55.7518
      vertex 13 -1.11679 55.8303
      vertex 15.5 -1.11679 55.8303
    endloop
  endfacet
  facet normal 0 0.914152 0.405371
    outer loop
      vertex 13 -1.11679 55.8303
      vertex 15.5 -1.08198 55.7518
      vertex 13 -1.08198 55.7518
    endloop
  endfacet
  facet normal 0 0.999698 -0.024556
    outer loop
      vertex 15.5 -1.25 62.5
      vertex 13 -1.24789 62.5859
      vertex 15.5 -1.24789 62.5859
    endloop
  endfacet
  facet normal 0 0.999698 -0.024556
    outer loop
      vertex 13 -1.24789 62.5859
      vertex 15.5 -1.25 62.5
      vertex 13 -1.25 62.5
    endloop
  endfacet
  facet normal 0 -0.122246 0.9925
    outer loop
      vertex 13 0.756778 54.7689
      vertex 15.5 0.67153 54.7584
      vertex 15.5 0.756778 54.7689
    endloop
  endfacet
  facet normal 0 -0.122246 0.9925
    outer loop
      vertex 15.5 0.67153 54.7584
      vertex 13 0.756778 54.7689
      vertex 13 0.67153 54.7584
    endloop
  endfacet
  facet normal 0 0.997286 0.0736314
    outer loop
      vertex 15.5 -1.24157 56.3285
      vertex 13 -1.24789 56.4141
      vertex 15.5 -1.24789 56.4141
    endloop
  endfacet
  facet normal 0 0.997286 0.0736314
    outer loop
      vertex 13 -1.24789 56.4141
      vertex 15.5 -1.24157 56.3285
      vertex 13 -1.24157 56.3285
    endloop
  endfacet
  facet normal 0 -0.218885 -0.975751
    outer loop
      vertex 13 0.841408 64.2164
      vertex 15.5 0.925215 64.1976
      vertex 15.5 0.841408 64.2164
    endloop
  endfacet
  facet normal -0 -0.218885 -0.975751
    outer loop
      vertex 15.5 0.925215 64.1976
      vertex 13 0.841408 64.2164
      vertex 13 0.925215 64.1976
    endloop
  endfacet
  facet normal -0 0.576129 0.817359
    outer loop
      vertex 13 -0.472247 55.0449
      vertex 15.5 -0.542473 55.0944
      vertex 15.5 -0.472247 55.0449
    endloop
  endfacet
  facet normal 0 0.576129 0.817359
    outer loop
      vertex 15.5 -0.542473 55.0944
      vertex 13 -0.472247 55.0449
      vertex 13 -0.542473 55.0944
    endloop
  endfacet
  facet normal 0 -0.614875 -0.788624
    outer loop
      vertex 13 1.54247 63.9056
      vertex 15.5 1.61019 63.8528
      vertex 15.5 1.54247 63.9056
    endloop
  endfacet
  facet normal -0 -0.614875 -0.788624
    outer loop
      vertex 15.5 1.61019 63.8528
      vertex 13 1.54247 63.9056
      vertex 13 1.61019 63.8528
    endloop
  endfacet
  facet normal 0 -0.975697 -0.219124
    outer loop
      vertex 13 2.21637 62.8414
      vertex 15.5 2.19755 62.9252
      vertex 13 2.19755 62.9252
    endloop
  endfacet
  facet normal 0 -0.975697 -0.219124
    outer loop
      vertex 15.5 2.19755 62.9252
      vertex 13 2.21637 62.8414
      vertex 15.5 2.21637 62.8414
    endloop
  endfacet
  facet normal 0 0.359762 -0.933044
    outer loop
      vertex 13 -0.169696 64.1168
      vertex 15.5 -0.0895567 64.1477
      vertex 15.5 -0.169696 64.1168
    endloop
  endfacet
  facet normal 0 0.359762 -0.933044
    outer loop
      vertex 15.5 -0.0895567 64.1477
      vertex 13 -0.169696 64.1168
      vertex 13 -0.0895567 64.1477
    endloop
  endfacet
  facet normal 0 0.992495 0.122287
    outer loop
      vertex 15.5 -1.23106 56.2432
      vertex 13 -1.24157 56.3285
      vertex 15.5 -1.24157 56.3285
    endloop
  endfacet
  facet normal 0 0.992495 0.122287
    outer loop
      vertex 13 -1.24157 56.3285
      vertex 15.5 -1.23106 56.2432
      vertex 13 -1.23106 56.2432
    endloop
  endfacet
  facet normal 0 0.405166 -0.914243
    outer loop
      vertex 13 -0.248221 64.082
      vertex 15.5 -0.169696 64.1168
      vertex 15.5 -0.248221 64.082
    endloop
  endfacet
  facet normal 0 0.405166 -0.914243
    outer loop
      vertex 15.5 -0.169696 64.1168
      vertex 13 -0.248221 64.082
      vertex 13 -0.169696 64.1168
    endloop
  endfacet
  facet normal 0 0.975697 -0.219124
    outer loop
      vertex 15.5 -1.21637 62.8414
      vertex 13 -1.19755 62.9252
      vertex 15.5 -1.19755 62.9252
    endloop
  endfacet
  facet normal 0 0.975697 -0.219124
    outer loop
      vertex 13 -1.19755 62.9252
      vertex 15.5 -1.21637 62.8414
      vertex 13 -1.21637 62.8414
    endloop
  endfacet
  facet normal 0 -0.405188 -0.914234
    outer loop
      vertex 13 1.1697 64.1168
      vertex 15.5 1.24822 64.082
      vertex 15.5 1.1697 64.1168
    endloop
  endfacet
  facet normal -0 -0.405188 -0.914234
    outer loop
      vertex 15.5 1.24822 64.082
      vertex 13 1.1697 64.1168
      vertex 13 1.24822 64.082
    endloop
  endfacet
  facet normal 0 0.614904 -0.788602
    outer loop
      vertex 13 -0.610188 63.8528
      vertex 15.5 -0.542473 63.9056
      vertex 15.5 -0.610188 63.8528
    endloop
  endfacet
  facet normal 0 0.614904 -0.788602
    outer loop
      vertex 15.5 -0.542473 63.9056
      vertex 13 -0.610188 63.8528
      vertex 13 -0.542473 63.9056
    endloop
  endfacet
  facet normal 0 -0.963817 -0.266563
    outer loop
      vertex 13 2.19755 62.9252
      vertex 15.5 2.17465 63.008
      vertex 13 2.17465 63.008
    endloop
  endfacet
  facet normal 0 -0.963817 -0.266563
    outer loop
      vertex 15.5 2.17465 63.008
      vertex 13 2.19755 62.9252
      vertex 15.5 2.19755 62.9252
    endloop
  endfacet
  facet normal 0 0.724197 -0.689594
    outer loop
      vertex 15.5 -0.796664 63.6752
      vertex 13 -0.737436 63.7374
      vertex 15.5 -0.737436 63.7374
    endloop
  endfacet
  facet normal 0 0.724197 -0.689594
    outer loop
      vertex 13 -0.737436 63.7374
      vertex 15.5 -0.796664 63.6752
      vertex 13 -0.796664 63.6752
    endloop
  endfacet
  facet normal 0 0.870255 0.492602
    outer loop
      vertex 15.5 -1.00102 55.6003
      vertex 13 -1.04336 55.6751
      vertex 15.5 -1.04336 55.6751
    endloop
  endfacet
  facet normal 0 0.870255 0.492602
    outer loop
      vertex 13 -1.04336 55.6751
      vertex 15.5 -1.00102 55.6003
      vertex 13 -1.00102 55.6003
    endloop
  endfacet
  facet normal 0 -0.817863 -0.575413
    outer loop
      vertex 13 1.95507 63.4722
      vertex 15.5 1.90561 63.5425
      vertex 13 1.90561 63.5425
    endloop
  endfacet
  facet normal 0 -0.817863 -0.575413
    outer loop
      vertex 15.5 1.90561 63.5425
      vertex 13 1.95507 63.4722
      vertex 15.5 1.95507 63.4722
    endloop
  endfacet
  facet normal -0 0.614904 0.788602
    outer loop
      vertex 13 -0.542473 55.0944
      vertex 15.5 -0.610188 55.1472
      vertex 15.5 -0.542473 55.0944
    endloop
  endfacet
  facet normal 0 0.614904 0.788602
    outer loop
      vertex 15.5 -0.610188 55.1472
      vertex 13 -0.542473 55.0944
      vertex 13 -0.610188 55.1472
    endloop
  endfacet
  facet normal -0 0.0733468 0.997306
    outer loop
      vertex 13 0.414132 54.7521
      vertex 15.5 0.32847 54.7584
      vertex 15.5 0.414132 54.7521
    endloop
  endfacet
  facet normal 0 0.0733468 0.997306
    outer loop
      vertex 15.5 0.32847 54.7584
      vertex 13 0.414132 54.7521
      vertex 13 0.32847 54.7584
    endloop
  endfacet
  facet normal -0 0.122246 0.9925
    outer loop
      vertex 13 0.32847 54.7584
      vertex 15.5 0.243222 54.7689
      vertex 15.5 0.32847 54.7584
    endloop
  endfacet
  facet normal 0 0.122246 0.9925
    outer loop
      vertex 15.5 0.243222 54.7689
      vertex 13 0.32847 54.7584
      vertex 13 0.243222 54.7689
    endloop
  endfacet
  facet normal 0 -0.932946 -0.360017
    outer loop
      vertex 13 2.1477 63.0896
      vertex 15.5 2.11679 63.1697
      vertex 13 2.11679 63.1697
    endloop
  endfacet
  facet normal 0 -0.932946 -0.360017
    outer loop
      vertex 15.5 2.11679 63.1697
      vertex 13 2.1477 63.0896
      vertex 15.5 2.1477 63.0896
    endloop
  endfacet
  facet normal 0 -0.576162 -0.817335
    outer loop
      vertex 13 1.47225 63.9551
      vertex 15.5 1.54247 63.9056
      vertex 15.5 1.47225 63.9551
    endloop
  endfacet
  facet normal -0 -0.576162 -0.817335
    outer loop
      vertex 15.5 1.54247 63.9056
      vertex 13 1.47225 63.9551
      vertex 13 1.54247 63.9056
    endloop
  endfacet
  facet normal 0 -0.999698 -0.024556
    outer loop
      vertex 13 2.25 62.5
      vertex 15.5 2.24789 62.5859
      vertex 13 2.24789 62.5859
    endloop
  endfacet
  facet normal 0 -0.999698 -0.024556
    outer loop
      vertex 15.5 2.24789 62.5859
      vertex 13 2.25 62.5
      vertex 15.5 2.25 62.5
    endloop
  endfacet
  facet normal 0 1 -0
    outer loop
      vertex 15.5 -1.25 56.5
      vertex 13 -1.25 62.5
      vertex 15.5 -1.25 62.5
    endloop
  endfacet
  facet normal 0 1 0
    outer loop
      vertex 13 -1.25 62.5
      vertex 15.5 -1.25 56.5
      vertex 13 -1.25 56.5
    endloop
  endfacet
  facet normal 0 -0.870255 -0.492602
    outer loop
      vertex 13 2.04336 63.3249
      vertex 15.5 2.00102 63.3997
      vertex 13 2.00102 63.3997
    endloop
  endfacet
  facet normal 0 -0.870255 -0.492602
    outer loop
      vertex 15.5 2.00102 63.3997
      vertex 13 2.04336 63.3249
      vertex 15.5 2.04336 63.3249
    endloop
  endfacet
  facet normal 0 -0.267689 0.963505
    outer loop
      vertex 13 1.008 54.8254
      vertex 15.5 0.925215 54.8024
      vertex 15.5 1.008 54.8254
    endloop
  endfacet
  facet normal 0 -0.267689 0.963505
    outer loop
      vertex 15.5 0.925215 54.8024
      vertex 13 1.008 54.8254
      vertex 13 0.925215 54.8024
    endloop
  endfacet
  facet normal 0 -0.914152 -0.405371
    outer loop
      vertex 13 2.11679 63.1697
      vertex 15.5 2.08198 63.2482
      vertex 13 2.08198 63.2482
    endloop
  endfacet
  facet normal 0 -0.914152 -0.405371
    outer loop
      vertex 15.5 2.08198 63.2482
      vertex 13 2.11679 63.1697
      vertex 15.5 2.11679 63.1697
    endloop
  endfacet
  facet normal 0 -0.963817 0.266563
    outer loop
      vertex 13 2.17465 55.992
      vertex 15.5 2.19755 56.0748
      vertex 13 2.19755 56.0748
    endloop
  endfacet
  facet normal 0 -0.963817 0.266563
    outer loop
      vertex 15.5 2.19755 56.0748
      vertex 13 2.17465 55.992
      vertex 15.5 2.17465 55.992
    endloop
  endfacet
  facet normal 0 -0.997286 0.0736314
    outer loop
      vertex 13 2.24157 56.3285
      vertex 15.5 2.24789 56.4141
      vertex 13 2.24789 56.4141
    endloop
  endfacet
  facet normal 0 -0.997286 0.0736314
    outer loop
      vertex 15.5 2.24789 56.4141
      vertex 13 2.24157 56.3285
      vertex 15.5 2.24157 56.3285
    endloop
  endfacet
  facet normal 0 0.932946 0.360017
    outer loop
      vertex 15.5 -1.11679 55.8303
      vertex 13 -1.1477 55.9104
      vertex 15.5 -1.1477 55.9104
    endloop
  endfacet
  facet normal 0 0.932946 0.360017
    outer loop
      vertex 13 -1.1477 55.9104
      vertex 15.5 -1.11679 55.8303
      vertex 13 -1.11679 55.8303
    endloop
  endfacet
  facet normal 0 -0.534545 -0.84514
    outer loop
      vertex 13 1.39968 64.001
      vertex 15.5 1.47225 63.9551
      vertex 15.5 1.39968 64.001
    endloop
  endfacet
  facet normal -0 -0.534545 -0.84514
    outer loop
      vertex 15.5 1.47225 63.9551
      vertex 13 1.39968 64.001
      vertex 13 1.47225 63.9551
    endloop
  endfacet
  facet normal 0 -0.992495 0.122287
    outer loop
      vertex 13 2.23106 56.2432
      vertex 15.5 2.24157 56.3285
      vertex 13 2.24157 56.3285
    endloop
  endfacet
  facet normal 0 -0.992495 0.122287
    outer loop
      vertex 15.5 2.24157 56.3285
      vertex 13 2.23106 56.2432
      vertex 15.5 2.23106 56.2432
    endloop
  endfacet
  facet normal 0 -0.914152 0.405371
    outer loop
      vertex 13 2.08198 55.7518
      vertex 15.5 2.11679 55.8303
      vertex 13 2.11679 55.8303
    endloop
  endfacet
  facet normal 0 -0.914152 0.405371
    outer loop
      vertex 15.5 2.11679 55.8303
      vertex 13 2.08198 55.7518
      vertex 15.5 2.08198 55.7518
    endloop
  endfacet
  facet normal 0 -0.999698 0.024556
    outer loop
      vertex 13 2.24789 56.4141
      vertex 15.5 2.25 56.5
      vertex 13 2.25 56.5
    endloop
  endfacet
  facet normal 0 -0.999698 0.024556
    outer loop
      vertex 15.5 2.25 56.5
      vertex 13 2.24789 56.4141
      vertex 15.5 2.24789 56.4141
    endloop
  endfacet
  facet normal 0 -0.893166 -0.449727
    outer loop
      vertex 13 2.08198 63.2482
      vertex 15.5 2.04336 63.3249
      vertex 13 2.04336 63.3249
    endloop
  endfacet
  facet normal 0 -0.893166 -0.449727
    outer loop
      vertex 15.5 2.04336 63.3249
      vertex 13 2.08198 63.2482
      vertex 15.5 2.08198 63.2482
    endloop
  endfacet
  facet normal 0 0.914152 -0.405371
    outer loop
      vertex 15.5 -1.11679 63.1697
      vertex 13 -1.08198 63.2482
      vertex 15.5 -1.08198 63.2482
    endloop
  endfacet
  facet normal 0 0.914152 -0.405371
    outer loop
      vertex 13 -1.08198 63.2482
      vertex 15.5 -1.11679 63.1697
      vertex 13 -1.11679 63.1697
    endloop
  endfacet
  facet normal 0 0.949552 0.313608
    outer loop
      vertex 15.5 -1.1477 55.9104
      vertex 13 -1.17465 55.992
      vertex 15.5 -1.17465 55.992
    endloop
  endfacet
  facet normal 0 0.949552 0.313608
    outer loop
      vertex 13 -1.17465 55.992
      vertex 15.5 -1.1477 55.9104
      vertex 13 -1.1477 55.9104
    endloop
  endfacet
  facet normal 0 -0.576162 0.817335
    outer loop
      vertex 13 1.54247 55.0944
      vertex 15.5 1.47225 55.0449
      vertex 15.5 1.54247 55.0944
    endloop
  endfacet
  facet normal 0 -0.576162 0.817335
    outer loop
      vertex 15.5 1.47225 55.0449
      vertex 13 1.54247 55.0944
      vertex 13 1.47225 55.0449
    endloop
  endfacet
  facet normal 0 0.757009 -0.653404
    outer loop
      vertex 15.5 -0.852768 63.6102
      vertex 13 -0.796664 63.6752
      vertex 15.5 -0.796664 63.6752
    endloop
  endfacet
  facet normal 0 0.757009 -0.653404
    outer loop
      vertex 13 -0.796664 63.6752
      vertex 15.5 -0.852768 63.6102
      vertex 13 -0.852768 63.6102
    endloop
  endfacet
  facet normal 0 -0.870255 0.492602
    outer loop
      vertex 13 2.00102 55.6003
      vertex 15.5 2.04336 55.6751
      vertex 13 2.04336 55.6751
    endloop
  endfacet
  facet normal 0 -0.870255 0.492602
    outer loop
      vertex 15.5 2.04336 55.6751
      vertex 13 2.00102 55.6003
      vertex 15.5 2.00102 55.6003
    endloop
  endfacet
  facet normal 0 -0.78831 -0.615278
    outer loop
      vertex 13 1.90561 63.5425
      vertex 15.5 1.85277 63.6102
      vertex 13 1.85277 63.6102
    endloop
  endfacet
  facet normal 0 -0.78831 -0.615278
    outer loop
      vertex 15.5 1.85277 63.6102
      vertex 13 1.90561 63.5425
      vertex 15.5 1.90561 63.5425
    endloop
  endfacet
  facet normal 0 -0.313222 -0.94968
    outer loop
      vertex 13 1.008 64.1746
      vertex 15.5 1.08956 64.1477
      vertex 15.5 1.008 64.1746
    endloop
  endfacet
  facet normal -0 -0.313222 -0.94968
    outer loop
      vertex 15.5 1.08956 64.1477
      vertex 13 1.008 64.1746
      vertex 13 1.08956 64.1477
    endloop
  endfacet
  facet normal 0 -0.534545 0.84514
    outer loop
      vertex 13 1.47225 55.0449
      vertex 15.5 1.39968 54.999
      vertex 15.5 1.47225 55.0449
    endloop
  endfacet
  facet normal 0 -0.534545 0.84514
    outer loop
      vertex 15.5 1.39968 54.999
      vertex 13 1.47225 55.0449
      vertex 13 1.39968 54.999
    endloop
  endfacet
  facet normal 0 -0.493429 -0.869786
    outer loop
      vertex 13 1.32494 64.0434
      vertex 15.5 1.39968 64.001
      vertex 15.5 1.32494 64.0434
    endloop
  endfacet
  facet normal -0 -0.493429 -0.869786
    outer loop
      vertex 15.5 1.39968 64.001
      vertex 13 1.32494 64.0434
      vertex 13 1.39968 64.001
    endloop
  endfacet
  facet normal 0 0.724197 0.689594
    outer loop
      vertex 15.5 -0.737436 55.2626
      vertex 13 -0.796664 55.3248
      vertex 15.5 -0.796664 55.3248
    endloop
  endfacet
  facet normal 0 0.724197 0.689594
    outer loop
      vertex 13 -0.796664 55.3248
      vertex 15.5 -0.737436 55.2626
      vertex 13 -0.737436 55.2626
    endloop
  endfacet
  facet normal 0 -0.171135 0.985248
    outer loop
      vertex 13 0.841408 54.7836
      vertex 15.5 0.756778 54.7689
      vertex 15.5 0.841408 54.7836
    endloop
  endfacet
  facet normal 0 -0.171135 0.985248
    outer loop
      vertex 15.5 0.756778 54.7689
      vertex 13 0.841408 54.7836
      vertex 13 0.756778 54.7689
    endloop
  endfacet
  facet normal 0 0.844649 0.535321
    outer loop
      vertex 15.5 -0.955071 55.5278
      vertex 13 -1.00102 55.6003
      vertex 15.5 -1.00102 55.6003
    endloop
  endfacet
  facet normal 0 0.844649 0.535321
    outer loop
      vertex 13 -1.00102 55.6003
      vertex 15.5 -0.955071 55.5278
      vertex 13 -0.955071 55.5278
    endloop
  endfacet
  facet normal 0 0.0244488 -0.999701
    outer loop
      vertex 13 0.414132 64.2479
      vertex 15.5 0.5 64.25
      vertex 15.5 0.414132 64.2479
    endloop
  endfacet
  facet normal 0 0.0244488 -0.999701
    outer loop
      vertex 15.5 0.5 64.25
      vertex 13 0.414132 64.2479
      vertex 13 0.5 64.25
    endloop
  endfacet
  facet normal 0 0.0733468 -0.997306
    outer loop
      vertex 13 0.32847 64.2416
      vertex 15.5 0.414132 64.2479
      vertex 15.5 0.32847 64.2416
    endloop
  endfacet
  facet normal 0 0.0733468 -0.997306
    outer loop
      vertex 15.5 0.414132 64.2479
      vertex 13 0.32847 64.2416
      vertex 13 0.414132 64.2479
    endloop
  endfacet
  facet normal -0 0.405166 0.914243
    outer loop
      vertex 13 -0.169696 54.8832
      vertex 15.5 -0.248221 54.918
      vertex 15.5 -0.169696 54.8832
    endloop
  endfacet
  facet normal 0 0.405166 0.914243
    outer loop
      vertex 15.5 -0.248221 54.918
      vertex 13 -0.169696 54.8832
      vertex 13 -0.248221 54.918
    endloop
  endfacet
  facet normal -0 0.534555 0.845133
    outer loop
      vertex 13 -0.399679 54.999
      vertex 15.5 -0.472247 55.0449
      vertex 15.5 -0.399679 54.999
    endloop
  endfacet
  facet normal 0 0.534555 0.845133
    outer loop
      vertex 15.5 -0.472247 55.0449
      vertex 13 -0.399679 54.999
      vertex 13 -0.472247 55.0449
    endloop
  endfacet
  facet normal 0 0.844649 -0.535321
    outer loop
      vertex 15.5 -1.00102 63.3997
      vertex 13 -0.955071 63.4722
      vertex 15.5 -0.955071 63.4722
    endloop
  endfacet
  facet normal 0 0.844649 -0.535321
    outer loop
      vertex 13 -0.955071 63.4722
      vertex 15.5 -1.00102 63.3997
      vertex 13 -1.00102 63.3997
    endloop
  endfacet
  facet normal 0 0.985257 0.171081
    outer loop
      vertex 15.5 -1.21637 56.1586
      vertex 13 -1.23106 56.2432
      vertex 15.5 -1.23106 56.2432
    endloop
  endfacet
  facet normal 0 0.985257 0.171081
    outer loop
      vertex 13 -1.23106 56.2432
      vertex 15.5 -1.21637 56.1586
      vertex 13 -1.21637 56.1586
    endloop
  endfacet
  facet normal 0 0.788282 -0.615314
    outer loop
      vertex 15.5 -0.905613 63.5425
      vertex 13 -0.852768 63.6102
      vertex 15.5 -0.852768 63.6102
    endloop
  endfacet
  facet normal 0 0.788282 -0.615314
    outer loop
      vertex 13 -0.852768 63.6102
      vertex 15.5 -0.905613 63.5425
      vertex 13 -0.905613 63.5425
    endloop
  endfacet
  facet normal -0 0.359762 0.933044
    outer loop
      vertex 13 -0.0895567 54.8523
      vertex 15.5 -0.169696 54.8832
      vertex 15.5 -0.0895567 54.8523
    endloop
  endfacet
  facet normal 0 0.359762 0.933044
    outer loop
      vertex 15.5 -0.169696 54.8832
      vertex 13 -0.0895567 54.8523
      vertex 13 -0.169696 54.8832
    endloop
  endfacet
  facet normal 0 0.893166 0.449727
    outer loop
      vertex 15.5 -1.04336 55.6751
      vertex 13 -1.08198 55.7518
      vertex 15.5 -1.08198 55.7518
    endloop
  endfacet
  facet normal 0 0.893166 0.449727
    outer loop
      vertex 13 -1.08198 55.7518
      vertex 15.5 -1.04336 55.6751
      vertex 13 -1.04336 55.6751
    endloop
  endfacet
  facet normal 0 -0.756975 -0.653444
    outer loop
      vertex 13 1.85277 63.6102
      vertex 15.5 1.79666 63.6752
      vertex 13 1.79666 63.6752
    endloop
  endfacet
  facet normal 0 -0.756975 -0.653444
    outer loop
      vertex 15.5 1.79666 63.6752
      vertex 13 1.85277 63.6102
      vertex 15.5 1.85277 63.6102
    endloop
  endfacet
  facet normal 0 0.932946 -0.360017
    outer loop
      vertex 15.5 -1.1477 63.0896
      vertex 13 -1.11679 63.1697
      vertex 15.5 -1.11679 63.1697
    endloop
  endfacet
  facet normal 0 0.932946 -0.360017
    outer loop
      vertex 13 -1.11679 63.1697
      vertex 15.5 -1.1477 63.0896
      vertex 13 -1.1477 63.0896
    endloop
  endfacet
  facet normal 0 -0.844643 -0.535329
    outer loop
      vertex 13 2.00102 63.3997
      vertex 15.5 1.95507 63.4722
      vertex 13 1.95507 63.4722
    endloop
  endfacet
  facet normal 0 -0.844643 -0.535329
    outer loop
      vertex 15.5 1.95507 63.4722
      vertex 13 2.00102 63.3997
      vertex 15.5 2.00102 63.3997
    endloop
  endfacet
  facet normal 0 -0.689975 -0.723833
    outer loop
      vertex 13 1.67523 63.7967
      vertex 15.5 1.73744 63.7374
      vertex 15.5 1.67523 63.7967
    endloop
  endfacet
  facet normal -0 -0.689975 -0.723833
    outer loop
      vertex 15.5 1.73744 63.7374
      vertex 13 1.67523 63.7967
      vertex 13 1.73744 63.7374
    endloop
  endfacet
  facet normal 0 -0.171135 -0.985248
    outer loop
      vertex 13 0.756778 64.2311
      vertex 15.5 0.841408 64.2164
      vertex 15.5 0.756778 64.2311
    endloop
  endfacet
  facet normal -0 -0.171135 -0.985248
    outer loop
      vertex 15.5 0.841408 64.2164
      vertex 13 0.756778 64.2311
      vertex 13 0.841408 64.2164
    endloop
  endfacet
  facet normal 0 -0.844643 0.535329
    outer loop
      vertex 13 1.95507 55.5278
      vertex 15.5 2.00102 55.6003
      vertex 13 2.00102 55.6003
    endloop
  endfacet
  facet normal 0 -0.844643 0.535329
    outer loop
      vertex 15.5 2.00102 55.6003
      vertex 13 1.95507 55.5278
      vertex 15.5 1.95507 55.5278
    endloop
  endfacet
  facet normal -0 0.267696 0.963503
    outer loop
      vertex 13 0.0747852 54.8024
      vertex 15.5 -0.00799751 54.8254
      vertex 15.5 0.0747852 54.8024
    endloop
  endfacet
  facet normal 0 0.267696 0.963503
    outer loop
      vertex 15.5 -0.00799751 54.8254
      vertex 13 0.0747852 54.8024
      vertex 13 -0.00799751 54.8254
    endloop
  endfacet
  facet normal 0 0.817874 0.575397
    outer loop
      vertex 15.5 -0.905613 55.4575
      vertex 13 -0.955071 55.5278
      vertex 15.5 -0.955071 55.5278
    endloop
  endfacet
  facet normal 0 0.817874 0.575397
    outer loop
      vertex 13 -0.955071 55.5278
      vertex 15.5 -0.905613 55.4575
      vertex 13 -0.905613 55.4575
    endloop
  endfacet
  facet normal 0 -0.0244488 0.999701
    outer loop
      vertex 13 0.585868 54.7521
      vertex 15.5 0.5 54.75
      vertex 15.5 0.585868 54.7521
    endloop
  endfacet
  facet normal 0 -0.0244488 0.999701
    outer loop
      vertex 15.5 0.5 54.75
      vertex 13 0.585868 54.7521
      vertex 13 0.5 54.75
    endloop
  endfacet
  facet normal 0 -0.313222 0.94968
    outer loop
      vertex 13 1.08956 54.8523
      vertex 15.5 1.008 54.8254
      vertex 15.5 1.08956 54.8523
    endloop
  endfacet
  facet normal 0 -0.313222 0.94968
    outer loop
      vertex 15.5 1.008 54.8254
      vertex 13 1.08956 54.8523
      vertex 13 1.008 54.8254
    endloop
  endfacet
  facet normal 0 -0.218885 0.975751
    outer loop
      vertex 13 0.925215 54.8024
      vertex 15.5 0.841408 54.7836
      vertex 15.5 0.925215 54.8024
    endloop
  endfacet
  facet normal 0 -0.218885 0.975751
    outer loop
      vertex 15.5 0.841408 54.7836
      vertex 13 0.925215 54.8024
      vertex 13 0.841408 54.7836
    endloop
  endfacet
  facet normal 0 -0.975697 0.219124
    outer loop
      vertex 13 2.19755 56.0748
      vertex 15.5 2.21637 56.1586
      vertex 13 2.21637 56.1586
    endloop
  endfacet
  facet normal 0 -0.975697 0.219124
    outer loop
      vertex 15.5 2.21637 56.1586
      vertex 13 2.19755 56.0748
      vertex 15.5 2.19755 56.0748
    endloop
  endfacet
  facet normal 0 0.870255 -0.492602
    outer loop
      vertex 15.5 -1.04336 63.3249
      vertex 13 -1.00102 63.3997
      vertex 15.5 -1.00102 63.3997
    endloop
  endfacet
  facet normal 0 0.870255 -0.492602
    outer loop
      vertex 13 -1.00102 63.3997
      vertex 15.5 -1.04336 63.3249
      vertex 13 -1.04336 63.3249
    endloop
  endfacet
  facet normal -0 0.0244488 0.999701
    outer loop
      vertex 13 0.5 54.75
      vertex 15.5 0.414132 54.7521
      vertex 15.5 0.5 54.75
    endloop
  endfacet
  facet normal 0 0.0244488 0.999701
    outer loop
      vertex 15.5 0.414132 54.7521
      vertex 13 0.5 54.75
      vertex 13 0.414132 54.7521
    endloop
  endfacet
  facet normal 0 0.313225 -0.949679
    outer loop
      vertex 13 -0.0895567 64.1477
      vertex 15.5 -0.00799751 64.1746
      vertex 15.5 -0.0895567 64.1477
    endloop
  endfacet
  facet normal 0 0.313225 -0.949679
    outer loop
      vertex 15.5 -0.00799751 64.1746
      vertex 13 -0.0895567 64.1477
      vertex 13 -0.00799751 64.1746
    endloop
  endfacet
  facet normal 0 -0.449448 0.893307
    outer loop
      vertex 13 1.32494 54.9566
      vertex 15.5 1.24822 54.918
      vertex 15.5 1.32494 54.9566
    endloop
  endfacet
  facet normal 0 -0.449448 0.893307
    outer loop
      vertex 15.5 1.24822 54.918
      vertex 13 1.32494 54.9566
      vertex 13 1.24822 54.918
    endloop
  endfacet
  facet normal 0 -0.405188 0.914234
    outer loop
      vertex 13 1.24822 54.918
      vertex 15.5 1.1697 54.8832
      vertex 15.5 1.24822 54.918
    endloop
  endfacet
  facet normal 0 -0.405188 0.914234
    outer loop
      vertex 15.5 1.1697 54.8832
      vertex 13 1.24822 54.918
      vertex 13 1.1697 54.8832
    endloop
  endfacet
  facet normal 0 -0.653147 0.757231
    outer loop
      vertex 13 1.67523 55.2033
      vertex 15.5 1.61019 55.1472
      vertex 15.5 1.67523 55.2033
    endloop
  endfacet
  facet normal 0 -0.653147 0.757231
    outer loop
      vertex 15.5 1.61019 55.1472
      vertex 13 1.67523 55.2033
      vertex 13 1.61019 55.1472
    endloop
  endfacet
  facet normal -0 0.449434 0.893314
    outer loop
      vertex 13 -0.248221 54.918
      vertex 15.5 -0.324944 54.9566
      vertex 15.5 -0.248221 54.918
    endloop
  endfacet
  facet normal 0 0.449434 0.893314
    outer loop
      vertex 15.5 -0.324944 54.9566
      vertex 13 -0.248221 54.918
      vertex 13 -0.324944 54.9566
    endloop
  endfacet
  facet normal -0 0.493454 0.869772
    outer loop
      vertex 13 -0.324944 54.9566
      vertex 15.5 -0.399679 54.999
      vertex 15.5 -0.324944 54.9566
    endloop
  endfacet
  facet normal 0 0.493454 0.869772
    outer loop
      vertex 15.5 -0.399679 54.999
      vertex 13 -0.324944 54.9566
      vertex 13 -0.399679 54.999
    endloop
  endfacet
  facet normal 0 -0.0733468 0.997306
    outer loop
      vertex 13 0.67153 54.7584
      vertex 15.5 0.585868 54.7521
      vertex 15.5 0.67153 54.7584
    endloop
  endfacet
  facet normal 0 -0.0733468 0.997306
    outer loop
      vertex 15.5 0.585868 54.7521
      vertex 13 0.67153 54.7584
      vertex 13 0.585868 54.7521
    endloop
  endfacet
  facet normal 0 0.218886 -0.975751
    outer loop
      vertex 13 0.0747852 64.1976
      vertex 15.5 0.158592 64.2164
      vertex 15.5 0.0747852 64.1976
    endloop
  endfacet
  facet normal 0 0.218886 -0.975751
    outer loop
      vertex 15.5 0.158592 64.2164
      vertex 13 0.0747852 64.1976
      vertex 13 0.158592 64.2164
    endloop
  endfacet
  facet normal 0 0.576129 -0.817359
    outer loop
      vertex 13 -0.542473 63.9056
      vertex 15.5 -0.472247 63.9551
      vertex 15.5 -0.542473 63.9056
    endloop
  endfacet
  facet normal 0 0.576129 -0.817359
    outer loop
      vertex 15.5 -0.472247 63.9551
      vertex 13 -0.542473 63.9056
      vertex 13 -0.472247 63.9551
    endloop
  endfacet
  facet normal -0 0.171135 0.985248
    outer loop
      vertex 13 0.243222 54.7689
      vertex 15.5 0.158592 54.7836
      vertex 15.5 0.243222 54.7689
    endloop
  endfacet
  facet normal 0 0.171135 0.985248
    outer loop
      vertex 15.5 0.158592 54.7836
      vertex 13 0.243222 54.7689
      vertex 13 0.158592 54.7836
    endloop
  endfacet
  facet normal 0 0.788282 0.615314
    outer loop
      vertex 15.5 -0.852768 55.3898
      vertex 13 -0.905613 55.4575
      vertex 15.5 -0.905613 55.4575
    endloop
  endfacet
  facet normal 0 0.788282 0.615314
    outer loop
      vertex 13 -0.905613 55.4575
      vertex 15.5 -0.852768 55.3898
      vertex 13 -0.852768 55.3898
    endloop
  endfacet
  facet normal 0 1 0
    outer loop
      vertex 5.89326 11.75 71.783
      vertex 5.94708 11.75 71.781
      vertex 5.84151 11.75 71.783
    endloop
  endfacet
  facet normal 0 1 0
    outer loop
      vertex 5.74007 11.75 71.7872
      vertex 5.78975 11.75 71.7851
      vertex 5.69245 11.75 71.7872
    endloop
  endfacet
  facet normal 0 1 0
    outer loop
      vertex 4.58492 11.75 77.2876
      vertex 1.89372 11.75 77.2172
      vertex 1.91442 11.75 77.2876
    endloop
  endfacet
  facet normal 0 1 -0
    outer loop
      vertex 4.50211 11.75 76.2318
      vertex 1.89372 11.75 77.2172
      vertex 4.58492 11.75 77.2876
    endloop
  endfacet
  facet normal 0 1 0
    outer loop
      vertex 1.89372 11.75 77.2172
      vertex 4.50211 11.75 76.2318
      vertex 1.87509 11.75 77.1447
    endloop
  endfacet
  facet normal 0 1 0
    outer loop
      vertex 1.87509 11.75 77.1447
      vertex 4.50211 11.75 76.2318
      vertex 1.85439 11.75 77.0702
    endloop
  endfacet
  facet normal 0 1 0
    outer loop
      vertex 1.85439 11.75 77.0702
      vertex 4.50211 11.75 76.2318
      vertex 1.83576 11.75 76.9936
    endloop
  endfacet
  facet normal 0 1 0
    outer loop
      vertex 1.83576 11.75 76.9936
      vertex 4.50211 11.75 76.2318
      vertex 1.81712 11.75 76.9149
    endloop
  endfacet
  facet normal 0 1 0
    outer loop
      vertex 1.81712 11.75 76.9149
      vertex 4.50211 11.75 76.2318
      vertex 1.80056 11.75 76.8342
    endloop
  endfacet
  facet normal 0 1 0
    outer loop
      vertex 1.80056 11.75 76.8342
      vertex 4.50211 11.75 76.2318
      vertex 1.784 11.75 76.7514
    endloop
  endfacet
  facet normal 0 1 0
    outer loop
      vertex 1.784 11.75 76.7514
      vertex 4.50211 11.75 76.2318
      vertex 1.76744 11.75 76.6665
    endloop
  endfacet
  facet normal 0 1 0
    outer loop
      vertex 1.76744 11.75 76.6665
      vertex 4.50211 11.75 76.2318
      vertex 1.75088 11.75 76.5796
    endloop
  endfacet
  facet normal 0 1 0
    outer loop
      vertex 1.75088 11.75 76.5796
      vertex 4.50211 11.75 76.2318
      vertex 1.73639 11.75 76.4906
    endloop
  endfacet
  facet normal 0 1 -0
    outer loop
      vertex 4.49797 11.75 76.18
      vertex 1.73639 11.75 76.4906
      vertex 4.50211 11.75 76.2318
    endloop
  endfacet
  facet normal 0 1 -0
    outer loop
      vertex 4.49176 11.75 76.1262
      vertex 1.73639 11.75 76.4906
      vertex 4.49797 11.75 76.18
    endloop
  endfacet
  facet normal 0 1 -0
    outer loop
      vertex 4.48762 11.75 76.0703
      vertex 1.73639 11.75 76.4906
      vertex 4.49176 11.75 76.1262
    endloop
  endfacet
  facet normal 0 1 0
    outer loop
      vertex 1.73639 11.75 76.4906
      vertex 4.48762 11.75 76.0703
      vertex 1.70741 11.75 76.3042
    endloop
  endfacet
  facet normal 0 1 -0
    outer loop
      vertex 4.48348 11.75 76.0124
      vertex 1.70741 11.75 76.3042
      vertex 4.48762 11.75 76.0703
    endloop
  endfacet
  facet normal 0 1 -0
    outer loop
      vertex 4.47934 11.75 75.9502
      vertex 1.70741 11.75 76.3042
      vertex 4.48348 11.75 76.0124
    endloop
  endfacet
  facet normal 0 1 0
    outer loop
      vertex 1.70741 11.75 76.3042
      vertex 4.47934 11.75 75.9502
      vertex 1.69291 11.75 76.209
    endloop
  endfacet
  facet normal 0 1 -0
    outer loop
      vertex 4.4752 11.75 75.8861
      vertex 1.69291 11.75 76.209
      vertex 4.47934 11.75 75.9502
    endloop
  endfacet
  facet normal 0 1 0
    outer loop
      vertex 1.69291 11.75 76.209
      vertex 4.4752 11.75 75.8861
      vertex 1.66807 11.75 76.0103
    endloop
  endfacet
  facet normal 0 1 -0
    outer loop
      vertex 4.47106 11.75 75.8198
      vertex 1.66807 11.75 76.0103
      vertex 4.4752 11.75 75.8861
    endloop
  endfacet
  facet normal 0 1 -0
    outer loop
      vertex 4.46692 11.75 75.7515
      vertex 1.66807 11.75 76.0103
      vertex 4.47106 11.75 75.8198
    endloop
  endfacet
  facet normal 0 1 0
    outer loop
      vertex 1.66807 11.75 76.0103
      vertex 4.46692 11.75 75.7515
      vertex 1.65772 11.75 75.9068
    endloop
  endfacet
  facet normal 0 1 -0
    outer loop
      vertex 4.46485 11.75 75.6791
      vertex 1.65772 11.75 75.9068
      vertex 4.46692 11.75 75.7515
    endloop
  endfacet
  facet normal 0 1 -0
    outer loop
      vertex 4.46071 11.75 75.6066
      vertex 1.65772 11.75 75.9068
      vertex 4.46485 11.75 75.6791
    endloop
  endfacet
  facet normal 0 1 0
    outer loop
      vertex 1.65772 11.75 75.9068
      vertex 4.46071 11.75 75.6066
      vertex 1.6453 11.75 75.8033
    endloop
  endfacet
  facet normal 0 1 -0
    outer loop
      vertex 4.45864 11.75 75.53
      vertex 1.6453 11.75 75.8033
      vertex 4.46071 11.75 75.6066
    endloop
  endfacet
  facet normal 0 1 0
    outer loop
      vertex 1.6453 11.75 75.8033
      vertex 4.45864 11.75 75.53
      vertex 1.6246 11.75 75.588
    endloop
  endfacet
  facet normal 0 1 -0
    outer loop
      vertex 4.45657 11.75 75.4513
      vertex 1.6246 11.75 75.588
      vertex 4.45864 11.75 75.53
    endloop
  endfacet
  facet normal 0 1 -0
    outer loop
      vertex 4.45243 11.75 75.3685
      vertex 1.6246 11.75 75.588
      vertex 4.45657 11.75 75.4513
    endloop
  endfacet
  facet normal 0 1 0
    outer loop
      vertex 1.6246 11.75 75.588
      vertex 4.45243 11.75 75.3685
      vertex 1.61632 11.75 75.4762
    endloop
  endfacet
  facet normal 0 1 -0
    outer loop
      vertex 4.45036 11.75 75.2857
      vertex 1.61632 11.75 75.4762
      vertex 4.45243 11.75 75.3685
    endloop
  endfacet
  facet normal 0 1 0
    outer loop
      vertex 1.61632 11.75 75.4762
      vertex 4.45036 11.75 75.2857
      vertex 1.60597 11.75 75.3623
    endloop
  endfacet
  facet normal 0 1 -0
    outer loop
      vertex 4.44829 11.75 75.1988
      vertex 1.60597 11.75 75.3623
      vertex 4.45036 11.75 75.2857
    endloop
  endfacet
  facet normal 0 1 0
    outer loop
      vertex 1.60597 11.75 75.3623
      vertex 4.44829 11.75 75.1988
      vertex 1.59769 11.75 75.2485
    endloop
  endfacet
  facet normal 0 1 -0
    outer loop
      vertex 4.44622 11.75 75.1098
      vertex 1.59769 11.75 75.2485
      vertex 4.44829 11.75 75.1988
    endloop
  endfacet
  facet normal 0 1 0
    outer loop
      vertex 1.59769 11.75 75.2485
      vertex 4.44622 11.75 75.1098
      vertex 1.58941 11.75 75.1305
    endloop
  endfacet
  facet normal 0 1 -0
    outer loop
      vertex 4.44622 11.75 75.0187
      vertex 1.58941 11.75 75.1305
      vertex 4.44622 11.75 75.1098
    endloop
  endfacet
  facet normal 0 1 0
    outer loop
      vertex 4.44622 11.75 75.0187
      vertex 1.5832 11.75 75.0104
      vertex 1.58941 11.75 75.1305
    endloop
  endfacet
  facet normal 0 1 -0
    outer loop
      vertex 4.44415 11.75 74.9235
      vertex 1.5832 11.75 75.0104
      vertex 4.44622 11.75 75.0187
    endloop
  endfacet
  facet normal 0 1 -0
    outer loop
      vertex 4.44208 11.75 74.8262
      vertex 1.5832 11.75 75.0104
      vertex 4.44415 11.75 74.9235
    endloop
  endfacet
  facet normal 0 1 0
    outer loop
      vertex 1.5832 11.75 75.0104
      vertex 4.44208 11.75 74.8262
      vertex 1.57906 11.75 74.9504
    endloop
  endfacet
  facet normal 0 1 0
    outer loop
      vertex 1.57906 11.75 74.9504
      vertex 4.44208 11.75 74.8262
      vertex 1.57285 11.75 74.8924
    endloop
  endfacet
  facet normal 0 1 -0
    outer loop
      vertex 4.44208 11.75 74.7289
      vertex 1.57285 11.75 74.8924
      vertex 4.44208 11.75 74.8262
    endloop
  endfacet
  facet normal 0 1 -0
    outer loop
      vertex 4.44001 11.75 74.6274
      vertex 1.57285 11.75 74.8924
      vertex 4.44208 11.75 74.7289
    endloop
  endfacet
  facet normal 0 1 0
    outer loop
      vertex 1.57285 11.75 74.8924
      vertex 4.44001 11.75 74.6274
      vertex 1.55628 11.75 74.644
    endloop
  endfacet
  facet normal 0 1 0
    outer loop
      vertex 4.44001 11.75 74.6274
      vertex 1.55214 11.75 74.5777
      vertex 1.55628 11.75 74.644
    endloop
  endfacet
  facet normal 0 1 0
    outer loop
      vertex 4.44001 11.75 74.6274
      vertex 1.548 11.75 74.5136
      vertex 1.55214 11.75 74.5777
    endloop
  endfacet
  facet normal 0 1 0
    outer loop
      vertex 4.44001 11.75 74.6274
      vertex 1.54593 11.75 74.4473
      vertex 1.548 11.75 74.5136
    endloop
  endfacet
  facet normal 0 1 -0
    outer loop
      vertex 4.44001 11.75 74.1223
      vertex 1.54593 11.75 74.4473
      vertex 4.44001 11.75 74.6274
    endloop
  endfacet
  facet normal 0 1 0
    outer loop
      vertex 1.54593 11.75 74.4473
      vertex 4.44001 11.75 74.1223
      vertex 1.54179 11.75 74.3811
    endloop
  endfacet
  facet normal 0 1 0
    outer loop
      vertex 1.54179 11.75 74.3811
      vertex 4.44001 11.75 74.1223
      vertex 1.53765 11.75 74.2444
    endloop
  endfacet
  facet normal 0 1 0
    outer loop
      vertex 1.53765 11.75 74.2444
      vertex 4.44001 11.75 74.1223
      vertex 1.53351 11.75 74.1741
    endloop
  endfacet
  facet normal 0 1 0
    outer loop
      vertex 4.44001 11.75 74.1223
      vertex 1.53144 11.75 74.1057
      vertex 1.53351 11.75 74.1741
    endloop
  endfacet
  facet normal 0 1 0
    outer loop
      vertex 4.44208 11.75 74.0602
      vertex 1.53144 11.75 74.1057
      vertex 4.44001 11.75 74.1223
    endloop
  endfacet
  facet normal 0 1 0
    outer loop
      vertex 4.44208 11.75 74.0602
      vertex 1.5273 11.75 73.9608
      vertex 1.53144 11.75 74.1057
    endloop
  endfacet
  facet normal 0 1 -0
    outer loop
      vertex 4.44208 11.75 73.9401
      vertex 1.5273 11.75 73.9608
      vertex 4.44208 11.75 74.0602
    endloop
  endfacet
  facet normal 0 1 0
    outer loop
      vertex 4.44208 11.75 73.9401
      vertex 1.5273 11.75 73.8884
      vertex 1.5273 11.75 73.9608
    endloop
  endfacet
  facet normal 0 1 0
    outer loop
      vertex 4.44415 11.75 73.878
      vertex 1.5273 11.75 73.8884
      vertex 4.44208 11.75 73.9401
    endloop
  endfacet
  facet normal 0 1 -0
    outer loop
      vertex 4.44415 11.75 73.818
      vertex 1.5273 11.75 73.8884
      vertex 4.44415 11.75 73.878
    endloop
  endfacet
  facet normal 0 1 0
    outer loop
      vertex 4.44415 11.75 73.818
      vertex 1.52523 11.75 73.8159
      vertex 1.5273 11.75 73.8884
    endloop
  endfacet
  facet normal 0 1 0
    outer loop
      vertex 4.44622 11.75 73.76
      vertex 1.52523 11.75 73.8159
      vertex 4.44415 11.75 73.818
    endloop
  endfacet
  facet normal 0 1 0
    outer loop
      vertex 4.44622 11.75 73.76
      vertex 1.52316 11.75 73.7393
      vertex 1.52523 11.75 73.8159
    endloop
  endfacet
  facet normal 0 1 -0
    outer loop
      vertex 4.44622 11.75 73.7
      vertex 1.52316 11.75 73.7393
      vertex 4.44622 11.75 73.76
    endloop
  endfacet
  facet normal 0 1 0
    outer loop
      vertex 4.44622 11.75 73.7
      vertex 1.52316 11.75 73.6648
      vertex 1.52316 11.75 73.7393
    endloop
  endfacet
  facet normal 0 1 0
    outer loop
      vertex 4.44829 11.75 73.64
      vertex 1.52316 11.75 73.6648
      vertex 4.44622 11.75 73.7
    endloop
  endfacet
  facet normal 0 1 0
    outer loop
      vertex 4.44829 11.75 73.64
      vertex 1.52109 11.75 73.5882
      vertex 1.52316 11.75 73.6648
    endloop
  endfacet
  facet normal 0 1 0
    outer loop
      vertex 4.46071 11.75 73.2922
      vertex 1.52109 11.75 73.5882
      vertex 4.44829 11.75 73.64
    endloop
  endfacet
  facet normal 0 1 0
    outer loop
      vertex 1.52109 11.75 73.1969
      vertex 4.46071 11.75 73.2922
      vertex 4.46278 11.75 73.2363
    endloop
  endfacet
  facet normal 0 1 0
    outer loop
      vertex 4.46071 11.75 73.2922
      vertex 1.52109 11.75 73.1969
      vertex 1.52109 11.75 73.5882
    endloop
  endfacet
  facet normal 0 1 0
    outer loop
      vertex 1.52316 11.75 73.0417
      vertex 4.46278 11.75 73.2363
      vertex 4.46692 11.75 73.1783
    endloop
  endfacet
  facet normal 0 1 0
    outer loop
      vertex 1.52316 11.75 73.0417
      vertex 4.46692 11.75 73.1783
      vertex 4.47106 11.75 73.0665
    endloop
  endfacet
  facet normal 0 1 0
    outer loop
      vertex 4.46278 11.75 73.2363
      vertex 1.52316 11.75 73.0417
      vertex 1.52109 11.75 73.1969
    endloop
  endfacet
  facet normal 0 1 0
    outer loop
      vertex 1.52523 11.75 72.8906
      vertex 4.47106 11.75 73.0665
      vertex 4.4752 11.75 73.0106
    endloop
  endfacet
  facet normal 0 1 0
    outer loop
      vertex 1.52523 11.75 72.8906
      vertex 4.4752 11.75 73.0106
      vertex 4.47727 11.75 72.9547
    endloop
  endfacet
  facet normal 0 1 0
    outer loop
      vertex 1.52937 11.75 72.7415
      vertex 4.47727 11.75 72.9547
      vertex 4.48141 11.75 72.8988
    endloop
  endfacet
  facet normal 0 1 0
    outer loop
      vertex 4.47106 11.75 73.0665
      vertex 1.52523 11.75 72.8906
      vertex 1.52316 11.75 73.0417
    endloop
  endfacet
  facet normal 0 1 0
    outer loop
      vertex 1.52937 11.75 72.7415
      vertex 4.48141 11.75 72.8988
      vertex 4.48348 11.75 72.8554
    endloop
  endfacet
  facet normal 0 1 0
    outer loop
      vertex 1.52937 11.75 72.7415
      vertex 4.48348 11.75 72.8554
      vertex 4.48555 11.75 72.814
    endloop
  endfacet
  facet normal 0 1 0
    outer loop
      vertex 4.49176 11.75 72.7332
      vertex 4.48555 11.75 72.814
      vertex 4.48969 11.75 72.7746
    endloop
  endfacet
  facet normal 0 1 0
    outer loop
      vertex 4.47727 11.75 72.9547
      vertex 1.52937 11.75 72.7415
      vertex 1.52523 11.75 72.8906
    endloop
  endfacet
  facet normal 0 1 0
    outer loop
      vertex 4.48555 11.75 72.814
      vertex 4.49176 11.75 72.7332
      vertex 1.53558 11.75 72.5966
    endloop
  endfacet
  facet normal 0 1 0
    outer loop
      vertex 1.54179 11.75 72.4538
      vertex 4.49176 11.75 72.7332
      vertex 4.4959 11.75 72.6939
    endloop
  endfacet
  facet normal 0 1 0
    outer loop
      vertex 1.54179 11.75 72.4538
      vertex 4.4959 11.75 72.6939
      vertex 4.50004 11.75 72.6566
    endloop
  endfacet
  facet normal 0 1 0
    outer loop
      vertex 4.5104 11.75 72.5842
      vertex 4.50004 11.75 72.6566
      vertex 4.50626 11.75 72.6194
    endloop
  endfacet
  facet normal 0 1 0
    outer loop
      vertex 4.48555 11.75 72.814
      vertex 1.53558 11.75 72.5966
      vertex 1.52937 11.75 72.7415
    endloop
  endfacet
  facet normal 0 1 0
    outer loop
      vertex 4.50004 11.75 72.6566
      vertex 4.5104 11.75 72.5842
      vertex 1.548 11.75 72.313
    endloop
  endfacet
  facet normal 0 1 0
    outer loop
      vertex 1.55628 11.75 72.1764
      vertex 4.5104 11.75 72.5842
      vertex 4.52282 11.75 72.5138
    endloop
  endfacet
  facet normal 0 1 0
    outer loop
      vertex 1.56664 11.75 72.0418
      vertex 4.52282 11.75 72.5138
      vertex 4.5311 11.75 72.4807
    endloop
  endfacet
  facet normal 0 1 0
    outer loop
      vertex 4.49176 11.75 72.7332
      vertex 1.54179 11.75 72.4538
      vertex 1.53558 11.75 72.5966
    endloop
  endfacet
  facet normal 0 1 0
    outer loop
      vertex 4.54559 11.75 72.4165
      vertex 4.5311 11.75 72.4807
      vertex 4.53938 11.75 72.4496
    endloop
  endfacet
  facet normal 0 1 0
    outer loop
      vertex 4.5311 11.75 72.4807
      vertex 4.54559 11.75 72.4165
      vertex 1.56664 11.75 72.0418
    endloop
  endfacet
  facet normal 0 1 0
    outer loop
      vertex 1.57699 11.75 71.9093
      vertex 4.54559 11.75 72.4165
      vertex 4.55387 11.75 72.3875
    endloop
  endfacet
  facet normal 0 1 0
    outer loop
      vertex 4.5725 11.75 72.3275
      vertex 4.55387 11.75 72.3875
      vertex 4.56422 11.75 72.3565
    endloop
  endfacet
  facet normal 0 1 0
    outer loop
      vertex 4.55387 11.75 72.3875
      vertex 4.5725 11.75 72.3275
      vertex 1.58941 11.75 71.781
    endloop
  endfacet
  facet normal 0 1 0
    outer loop
      vertex 4.50004 11.75 72.6566
      vertex 1.548 11.75 72.313
      vertex 1.54179 11.75 72.4538
    endloop
  endfacet
  facet normal 0 1 0
    outer loop
      vertex 1.60183 11.75 71.6547
      vertex 4.5725 11.75 72.3275
      vertex 4.5932 11.75 72.2737
    endloop
  endfacet
  facet normal 0 1 0
    outer loop
      vertex 4.61597 11.75 72.224
      vertex 4.5932 11.75 72.2737
      vertex 4.60562 11.75 72.2488
    endloop
  endfacet
  facet normal 0 1 0
    outer loop
      vertex 4.5932 11.75 72.2737
      vertex 4.61597 11.75 72.224
      vertex 1.63081 11.75 71.4104
    endloop
  endfacet
  facet normal 0 1 0
    outer loop
      vertex 1.64737 11.75 71.2924
      vertex 4.61597 11.75 72.224
      vertex 4.62839 11.75 72.1991
    endloop
  endfacet
  facet normal 0 1 0
    outer loop
      vertex 4.5104 11.75 72.5842
      vertex 1.55628 11.75 72.1764
      vertex 1.548 11.75 72.313
    endloop
  endfacet
  facet normal 0 1 0
    outer loop
      vertex 1.66393 11.75 71.1785
      vertex 4.62839 11.75 72.1991
      vertex 4.65324 11.75 72.1536
    endloop
  endfacet
  facet normal 0 1 0
    outer loop
      vertex 1.70119 11.75 70.957
      vertex 4.65324 11.75 72.1536
      vertex 4.66773 11.75 72.1329
    endloop
  endfacet
  facet normal 0 1 0
    outer loop
      vertex 1.70119 11.75 70.957
      vertex 4.66773 11.75 72.1329
      vertex 4.69257 11.75 72.0956
    endloop
  endfacet
  facet normal 0 1 0
    outer loop
      vertex 4.71948 11.75 72.0625
      vertex 4.69257 11.75 72.0956
      vertex 4.70706 11.75 72.0791
    endloop
  endfacet
  facet normal 0 1 0
    outer loop
      vertex 1.76744 11.75 70.6465
      vertex 4.69257 11.75 72.0956
      vertex 4.71948 11.75 72.0625
    endloop
  endfacet
  facet normal 0 1 0
    outer loop
      vertex 1.79021 11.75 70.5492
      vertex 4.71948 11.75 72.0625
      vertex 4.73397 11.75 72.0459
    endloop
  endfacet
  facet normal 0 1 0
    outer loop
      vertex 4.52282 11.75 72.5138
      vertex 1.56664 11.75 72.0418
      vertex 1.55628 11.75 72.1764
    endloop
  endfacet
  facet normal 0 1 0
    outer loop
      vertex 1.86888 11.75 70.2739
      vertex 4.73397 11.75 72.0459
      vertex 4.76503 11.75 72.0149
    endloop
  endfacet
  facet normal 0 1 0
    outer loop
      vertex 1.95996 11.75 70.0151
      vertex 4.76503 11.75 72.0149
      vertex 4.81471 11.75 71.9714
    endloop
  endfacet
  facet normal 0 1 0
    outer loop
      vertex 2.21666 11.75 69.481
      vertex 4.81471 11.75 71.9714
      vertex 4.8706 11.75 71.9342
    endloop
  endfacet
  facet normal 0 1 0
    outer loop
      vertex 2.53961 11.75 69.0421
      vertex 4.8706 11.75 71.9342
      vertex 4.88923 11.75 71.9238
    endloop
  endfacet
  facet normal 0 1 0
    outer loop
      vertex 4.54559 11.75 72.4165
      vertex 1.57699 11.75 71.9093
      vertex 1.56664 11.75 72.0418
    endloop
  endfacet
  facet normal 0 1 0
    outer loop
      vertex 2.86669 11.75 68.7378
      vertex 4.88923 11.75 71.9238
      vertex 4.95134 11.75 71.8927
    endloop
  endfacet
  facet normal 0 1 0
    outer loop
      vertex 2.86669 11.75 68.7378
      vertex 4.95134 11.75 71.8927
      vertex 4.97204 11.75 71.8845
    endloop
  endfacet
  facet normal 0 1 0
    outer loop
      vertex 2.86669 11.75 68.7378
      vertex 4.97204 11.75 71.8845
      vertex 5.01758 11.75 71.8679
    endloop
  endfacet
  facet normal 0 1 0
    outer loop
      vertex 2.86669 11.75 68.7378
      vertex 5.01758 11.75 71.8679
      vertex 5.06313 11.75 71.8555
    endloop
  endfacet
  facet normal 0 1 0
    outer loop
      vertex 2.86669 11.75 68.7378
      vertex 5.06313 11.75 71.8555
      vertex 5.11281 11.75 71.8431
    endloop
  endfacet
  facet normal 0 1 0
    outer loop
      vertex 5.16663 11.75 71.8327
      vertex 5.11281 11.75 71.8431
      vertex 5.13765 11.75 71.8389
    endloop
  endfacet
  facet normal 0 1 0
    outer loop
      vertex 5.11281 11.75 71.8431
      vertex 5.16663 11.75 71.8327
      vertex 2.86669 11.75 68.7378
    endloop
  endfacet
  facet normal 0 1 0
    outer loop
      vertex 2.86669 11.75 68.7378
      vertex 5.16663 11.75 71.8327
      vertex 5.19355 11.75 71.8286
    endloop
  endfacet
  facet normal 0 1 0
    outer loop
      vertex 2.86669 11.75 68.7378
      vertex 5.19355 11.75 71.8286
      vertex 5.25565 11.75 71.8203
    endloop
  endfacet
  facet normal 0 1 0
    outer loop
      vertex 2.86669 11.75 68.7378
      vertex 5.25565 11.75 71.8203
      vertex 5.3219 11.75 71.812
    endloop
  endfacet
  facet normal 0 1 0
    outer loop
      vertex 2.86669 11.75 68.7378
      vertex 5.3219 11.75 71.812
      vertex 5.35709 11.75 71.8079
    endloop
  endfacet
  facet normal 0 1 0
    outer loop
      vertex 5.43368 11.75 71.8017
      vertex 5.35709 11.75 71.8079
      vertex 5.39435 11.75 71.8058
    endloop
  endfacet
  facet normal 0 1 0
    outer loop
      vertex 5.35709 11.75 71.8079
      vertex 5.43368 11.75 71.8017
      vertex 2.86669 11.75 68.7378
    endloop
  endfacet
  facet normal 0 1 0
    outer loop
      vertex 5.51442 11.75 71.7954
      vertex 5.43368 11.75 71.8017
      vertex 5.47302 11.75 71.7996
    endloop
  endfacet
  facet normal 0 1 0
    outer loop
      vertex 5.43368 11.75 71.8017
      vertex 5.51442 11.75 71.7954
      vertex 2.86669 11.75 68.7378
    endloop
  endfacet
  facet normal 0 1 0
    outer loop
      vertex 2.86669 11.75 68.7378
      vertex 5.51442 11.75 71.7954
      vertex 5.55582 11.75 71.7934
    endloop
  endfacet
  facet normal 0 1 0
    outer loop
      vertex 2.86669 11.75 68.7378
      vertex 5.55582 11.75 71.7934
      vertex 5.60137 11.75 71.7913
    endloop
  endfacet
  facet normal 0 1 0
    outer loop
      vertex 2.86669 11.75 68.7378
      vertex 5.60137 11.75 71.7913
      vertex 5.64484 11.75 71.7892
    endloop
  endfacet
  facet normal 0 1 0
    outer loop
      vertex 2.86669 11.75 68.7378
      vertex 5.64484 11.75 71.7892
      vertex 5.69245 11.75 71.7872
    endloop
  endfacet
  facet normal 0 1 0
    outer loop
      vertex 5.84151 11.75 71.783
      vertex 5.69245 11.75 71.7872
      vertex 5.78975 11.75 71.7851
    endloop
  endfacet
  facet normal 0 1 0
    outer loop
      vertex 4.55387 11.75 72.3875
      vertex 1.58941 11.75 71.781
      vertex 1.57699 11.75 71.9093
    endloop
  endfacet
  facet normal 0 1 0
    outer loop
      vertex 2.86669 11.75 68.7378
      vertex 5.69245 11.75 71.7872
      vertex 5.84151 11.75 71.783
    endloop
  endfacet
  facet normal 0 1 0
    outer loop
      vertex 2.86669 11.75 68.7378
      vertex 5.84151 11.75 71.783
      vertex 5.94708 11.75 71.781
    endloop
  endfacet
  facet normal 0 1 0
    outer loop
      vertex 11.0645 11.75 68.6654
      vertex 8.08969 11.75 65.6202
      vertex 7.98412 11.75 65.6222
    endloop
  endfacet
  facet normal 0 1 0
    outer loop
      vertex 12.3294 11.75 65.7485
      vertex 8.23874 11.75 65.616
      vertex 8.08969 11.75 65.6202
    endloop
  endfacet
  facet normal 0 1 0
    outer loop
      vertex 8.08969 11.75 65.6202
      vertex 8.23874 11.75 65.616
      vertex 8.14145 11.75 65.6181
    endloop
  endfacet
  facet normal 0 1 0
    outer loop
      vertex 12.3294 11.75 65.7485
      vertex 8.28636 11.75 65.614
      vertex 8.23874 11.75 65.616
    endloop
  endfacet
  facet normal 0 1 0
    outer loop
      vertex 12.3294 11.75 65.7485
      vertex 8.32983 11.75 65.6119
      vertex 8.28636 11.75 65.614
    endloop
  endfacet
  facet normal 0 1 0
    outer loop
      vertex 12.3294 11.75 65.7485
      vertex 8.37538 11.75 65.6098
      vertex 8.32983 11.75 65.6119
    endloop
  endfacet
  facet normal 0 1 0
    outer loop
      vertex 12.3294 11.75 65.7485
      vertex 8.49751 11.75 65.6015
      vertex 8.37538 11.75 65.6098
    endloop
  endfacet
  facet normal 0 1 0
    outer loop
      vertex 8.37538 11.75 65.6098
      vertex 8.45818 11.75 65.6036
      vertex 8.41678 11.75 65.6057
    endloop
  endfacet
  facet normal 0 1 0
    outer loop
      vertex 8.37538 11.75 65.6098
      vertex 8.49751 11.75 65.6015
      vertex 8.45818 11.75 65.6036
    endloop
  endfacet
  facet normal 0 1 0
    outer loop
      vertex 12.3294 11.75 65.7485
      vertex 8.57411 11.75 65.5953
      vertex 8.49751 11.75 65.6015
    endloop
  endfacet
  facet normal 0 1 0
    outer loop
      vertex 8.49751 11.75 65.6015
      vertex 8.57411 11.75 65.5953
      vertex 8.53685 11.75 65.5974
    endloop
  endfacet
  facet normal 0 1 0
    outer loop
      vertex 12.3294 11.75 65.7485
      vertex 8.6093 11.75 65.5912
      vertex 8.57411 11.75 65.5953
    endloop
  endfacet
  facet normal 0 1 0
    outer loop
      vertex 12.3294 11.75 65.7485
      vertex 8.67555 11.75 65.5829
      vertex 8.6093 11.75 65.5912
    endloop
  endfacet
  facet normal 0 1 0
    outer loop
      vertex 12.3294 11.75 65.7485
      vertex 8.73765 11.75 65.5746
      vertex 8.67555 11.75 65.5829
    endloop
  endfacet
  facet normal 0 1 0
    outer loop
      vertex 12.3294 11.75 65.7485
      vertex 8.76456 11.75 65.5705
      vertex 8.73765 11.75 65.5746
    endloop
  endfacet
  facet normal 0 1 0
    outer loop
      vertex 12.3294 11.75 65.7485
      vertex 8.81839 11.75 65.5601
      vertex 8.76456 11.75 65.5705
    endloop
  endfacet
  facet normal 0 1 0
    outer loop
      vertex 8.76456 11.75 65.5705
      vertex 8.81839 11.75 65.5601
      vertex 8.79355 11.75 65.5643
    endloop
  endfacet
  facet normal 0 1 0
    outer loop
      vertex 12.3294 11.75 65.7485
      vertex 8.86807 11.75 65.5477
      vertex 8.81839 11.75 65.5601
    endloop
  endfacet
  facet normal 0 1 0
    outer loop
      vertex 12.3294 11.75 65.7485
      vertex 8.91362 11.75 65.5353
      vertex 8.86807 11.75 65.5477
    endloop
  endfacet
  facet normal 0 1 0
    outer loop
      vertex 12.3294 11.75 65.7485
      vertex 8.95916 11.75 65.5187
      vertex 8.91362 11.75 65.5353
    endloop
  endfacet
  facet normal 0 1 0
    outer loop
      vertex 12.3294 11.75 65.7485
      vertex 8.97986 11.75 65.5105
      vertex 8.95916 11.75 65.5187
    endloop
  endfacet
  facet normal 0 1 0
    outer loop
      vertex 9.37733 11.75 65.0157
      vertex 12.3418 11.75 65.6222
      vertex 12.3542 11.75 65.4939
    endloop
  endfacet
  facet normal 0 1 0
    outer loop
      vertex 12.3294 11.75 65.7485
      vertex 9.04197 11.75 65.4794
      vertex 8.97986 11.75 65.5105
    endloop
  endfacet
  facet normal 0 1 0
    outer loop
      vertex 12.3294 11.75 65.7485
      vertex 9.0606 11.75 65.4691
      vertex 9.04197 11.75 65.4794
    endloop
  endfacet
  facet normal 0 1 0
    outer loop
      vertex 12.3294 11.75 65.7485
      vertex 9.11649 11.75 65.4318
      vertex 9.0606 11.75 65.4691
    endloop
  endfacet
  facet normal 0 1 0
    outer loop
      vertex 12.3294 11.75 65.7485
      vertex 9.16617 11.75 65.3883
      vertex 9.11649 11.75 65.4318
    endloop
  endfacet
  facet normal 0 1 0
    outer loop
      vertex 9.38561 11.75 64.9867
      vertex 12.3542 11.75 65.4939
      vertex 12.3646 11.75 65.3614
    endloop
  endfacet
  facet normal 0 1 0
    outer loop
      vertex 12.3294 11.75 65.7485
      vertex 9.19723 11.75 65.3573
      vertex 9.16617 11.75 65.3883
    endloop
  endfacet
  facet normal 0 1 0
    outer loop
      vertex 12.3294 11.75 65.7485
      vertex 9.21172 11.75 65.3407
      vertex 9.19723 11.75 65.3573
    endloop
  endfacet
  facet normal 0 1 0
    outer loop
      vertex 12.3294 11.75 65.7485
      vertex 9.23863 11.75 65.3076
      vertex 9.21172 11.75 65.3407
    endloop
  endfacet
  facet normal 0 1 0
    outer loop
      vertex 9.21172 11.75 65.3407
      vertex 9.23863 11.75 65.3076
      vertex 9.22414 11.75 65.3241
    endloop
  endfacet
  facet normal 0 1 0
    outer loop
      vertex 12.3294 11.75 65.7485
      vertex 9.26347 11.75 65.2703
      vertex 9.23863 11.75 65.3076
    endloop
  endfacet
  facet normal 0 1 0
    outer loop
      vertex 12.3294 11.75 65.7485
      vertex 9.27796 11.75 65.2496
      vertex 9.26347 11.75 65.2703
    endloop
  endfacet
  facet normal 0 1 0
    outer loop
      vertex 9.40838 11.75 64.8894
      vertex 12.3646 11.75 65.3614
      vertex 12.3749 11.75 65.2268
    endloop
  endfacet
  facet normal 0 1 0
    outer loop
      vertex 12.3294 11.75 65.7485
      vertex 9.3028 11.75 65.2041
      vertex 9.27796 11.75 65.2496
    endloop
  endfacet
  facet normal 0 1 0
    outer loop
      vertex 12.3294 11.75 65.7485
      vertex 9.31523 11.75 65.1792
      vertex 9.3028 11.75 65.2041
    endloop
  endfacet
  facet normal 0 1 0
    outer loop
      vertex 12.3294 11.75 65.7485
      vertex 9.338 11.75 65.1295
      vertex 9.31523 11.75 65.1792
    endloop
  endfacet
  facet normal 0 1 0
    outer loop
      vertex 9.31523 11.75 65.1792
      vertex 9.338 11.75 65.1295
      vertex 9.32558 11.75 65.1544
    endloop
  endfacet
  facet normal 0 1 0
    outer loop
      vertex 9.4208 11.75 64.819
      vertex 12.3749 11.75 65.2268
      vertex 12.3832 11.75 65.0902
    endloop
  endfacet
  facet normal 0 1 0
    outer loop
      vertex 12.3294 11.75 65.7485
      vertex 9.3587 11.75 65.0757
      vertex 9.338 11.75 65.1295
    endloop
  endfacet
  facet normal 0 1 0
    outer loop
      vertex 12.3418 11.75 65.6222
      vertex 9.37733 11.75 65.0157
      vertex 9.3587 11.75 65.0757
    endloop
  endfacet
  facet normal 0 1 0
    outer loop
      vertex 9.3587 11.75 65.0757
      vertex 9.37733 11.75 65.0157
      vertex 9.36698 11.75 65.0467
    endloop
  endfacet
  facet normal 0 1 0
    outer loop
      vertex 12.3542 11.75 65.4939
      vertex 9.38561 11.75 64.9867
      vertex 9.37733 11.75 65.0157
    endloop
  endfacet
  facet normal 0 1 0
    outer loop
      vertex 12.3646 11.75 65.3614
      vertex 9.40838 11.75 64.8894
      vertex 9.38561 11.75 64.9867
    endloop
  endfacet
  facet normal 0 1 0
    outer loop
      vertex 9.43115 11.75 64.7466
      vertex 12.3832 11.75 65.0902
      vertex 12.3894 11.75 64.9494
    endloop
  endfacet
  facet normal 0 1 0
    outer loop
      vertex 9.38561 11.75 64.9867
      vertex 9.40838 11.75 64.8894
      vertex 9.39182 11.75 64.9557
    endloop
  endfacet
  facet normal 0 1 0
    outer loop
      vertex 12.3749 11.75 65.2268
      vertex 9.4208 11.75 64.819
      vertex 9.40838 11.75 64.8894
    endloop
  endfacet
  facet normal 0 1 0
    outer loop
      vertex 9.43944 11.75 64.67
      vertex 12.3894 11.75 64.9494
      vertex 12.3956 11.75 64.8066
    endloop
  endfacet
  facet normal 0 1 0
    outer loop
      vertex 12.3832 11.75 65.0902
      vertex 9.43115 11.75 64.7466
      vertex 9.4208 11.75 64.819
    endloop
  endfacet
  facet normal 0 1 0
    outer loop
      vertex 9.4208 11.75 64.819
      vertex 9.43115 11.75 64.7466
      vertex 9.42494 11.75 64.7838
    endloop
  endfacet
  facet normal 0 1 0
    outer loop
      vertex 12.3894 11.75 64.9494
      vertex 9.4353 11.75 64.7093
      vertex 9.43115 11.75 64.7466
    endloop
  endfacet
  facet normal 0 1 0
    outer loop
      vertex 12.3894 11.75 64.9494
      vertex 9.43944 11.75 64.67
      vertex 9.4353 11.75 64.7093
    endloop
  endfacet
  facet normal 0 1 0
    outer loop
      vertex 9.44565 11.75 64.5892
      vertex 12.3956 11.75 64.8066
      vertex 12.4018 11.75 64.6617
    endloop
  endfacet
  facet normal 0 1 0
    outer loop
      vertex 12.3956 11.75 64.8066
      vertex 9.44565 11.75 64.5892
      vertex 9.43944 11.75 64.67
    endloop
  endfacet
  facet normal 0 1 0
    outer loop
      vertex 9.43944 11.75 64.67
      vertex 9.44565 11.75 64.5892
      vertex 9.44151 11.75 64.6286
    endloop
  endfacet
  facet normal 0 1 0
    outer loop
      vertex 12.4018 11.75 64.6617
      vertex 9.44772 11.75 64.5478
      vertex 9.44565 11.75 64.5892
    endloop
  endfacet
  facet normal 0 1 0
    outer loop
      vertex 9.45393 11.75 64.4485
      vertex 12.4018 11.75 64.6617
      vertex 12.406 11.75 64.5126
    endloop
  endfacet
  facet normal 0 1 0
    outer loop
      vertex 12.4018 11.75 64.6617
      vertex 9.44979 11.75 64.5044
      vertex 9.44772 11.75 64.5478
    endloop
  endfacet
  facet normal 0 1 0
    outer loop
      vertex 12.4018 11.75 64.6617
      vertex 9.45393 11.75 64.4485
      vertex 9.44979 11.75 64.5044
    endloop
  endfacet
  facet normal 0 1 0
    outer loop
      vertex 12.406 11.75 64.5126
      vertex 9.456 11.75 64.3926
      vertex 9.45393 11.75 64.4485
    endloop
  endfacet
  facet normal 0 1 0
    outer loop
      vertex 9.46014 11.75 64.3367
      vertex 12.406 11.75 64.5126
      vertex 12.408 11.75 64.3615
    endloop
  endfacet
  facet normal 0 1 0
    outer loop
      vertex 12.406 11.75 64.5126
      vertex 9.46014 11.75 64.3367
      vertex 9.456 11.75 64.3926
    endloop
  endfacet
  facet normal 0 1 0
    outer loop
      vertex 12.408 11.75 64.3615
      vertex 9.46428 11.75 64.2249
      vertex 9.46014 11.75 64.3367
    endloop
  endfacet
  facet normal 0 1 0
    outer loop
      vertex 9.46842 11.75 64.169
      vertex 12.408 11.75 64.3615
      vertex 12.4101 11.75 64.2063
    endloop
  endfacet
  facet normal 0 1 0
    outer loop
      vertex 12.408 11.75 64.3615
      vertex 9.46842 11.75 64.169
      vertex 9.46428 11.75 64.2249
    endloop
  endfacet
  facet normal 0 1 -0
    outer loop
      vertex 12.4101 11.75 63.815
      vertex 9.46842 11.75 64.169
      vertex 12.4101 11.75 64.2063
    endloop
  endfacet
  facet normal 0 1 0
    outer loop
      vertex 12.4101 11.75 63.815
      vertex 9.48291 11.75 63.7632
      vertex 9.46842 11.75 64.169
    endloop
  endfacet
  facet normal 0 1 -0
    outer loop
      vertex 12.408 11.75 63.7384
      vertex 9.48291 11.75 63.7632
      vertex 12.4101 11.75 63.815
    endloop
  endfacet
  facet normal 0 1 0
    outer loop
      vertex 12.408 11.75 63.7384
      vertex 9.48498 11.75 63.7032
      vertex 9.48291 11.75 63.7632
    endloop
  endfacet
  facet normal 0 1 -0
    outer loop
      vertex 12.408 11.75 63.6639
      vertex 9.48498 11.75 63.7032
      vertex 12.408 11.75 63.7384
    endloop
  endfacet
  facet normal 0 1 0
    outer loop
      vertex 12.408 11.75 63.6639
      vertex 9.48498 11.75 63.6432
      vertex 9.48498 11.75 63.7032
    endloop
  endfacet
  facet normal 0 1 0
    outer loop
      vertex 12.408 11.75 63.6639
      vertex 9.48705 11.75 63.5852
      vertex 9.48498 11.75 63.6432
    endloop
  endfacet
  facet normal 0 1 -0
    outer loop
      vertex 12.4039 11.75 63.5148
      vertex 9.48705 11.75 63.5852
      vertex 12.408 11.75 63.6639
    endloop
  endfacet
  facet normal 0 1 0
    outer loop
      vertex 9.48705 11.75 63.5852
      vertex 12.4039 11.75 63.5148
      vertex 9.48705 11.75 63.5252
    endloop
  endfacet
  facet normal 0 1 0
    outer loop
      vertex 12.4039 11.75 63.5148
      vertex 9.48912 11.75 63.4651
      vertex 9.48705 11.75 63.5252
    endloop
  endfacet
  facet normal 0 1 -0
    outer loop
      vertex 12.4039 11.75 63.4424
      vertex 9.48912 11.75 63.4651
      vertex 12.4039 11.75 63.5148
    endloop
  endfacet
  facet normal 0 1 -0
    outer loop
      vertex 12.4018 11.75 63.3699
      vertex 9.48912 11.75 63.4651
      vertex 12.4039 11.75 63.4424
    endloop
  endfacet
  facet normal 0 1 0
    outer loop
      vertex 12.4018 11.75 63.3699
      vertex 9.48912 11.75 63.343
      vertex 9.48912 11.75 63.4651
    endloop
  endfacet
  facet normal 0 1 0
    outer loop
      vertex 12.4018 11.75 63.3699
      vertex 9.49119 11.75 63.2809
      vertex 9.48912 11.75 63.343
    endloop
  endfacet
  facet normal 0 1 -0
    outer loop
      vertex 12.3977 11.75 63.2291
      vertex 9.49119 11.75 63.2809
      vertex 12.4018 11.75 63.3699
    endloop
  endfacet
  facet normal 0 1 -0
    outer loop
      vertex 12.3935 11.75 63.1588
      vertex 9.49119 11.75 63.2809
      vertex 12.3977 11.75 63.2291
    endloop
  endfacet
  facet normal 0 1 -0
    outer loop
      vertex 12.3894 11.75 63.0221
      vertex 9.49119 11.75 63.2809
      vertex 12.3935 11.75 63.1588
    endloop
  endfacet
  facet normal 0 1 -0
    outer loop
      vertex 12.3853 11.75 62.9559
      vertex 9.49119 11.75 63.2809
      vertex 12.3894 11.75 63.0221
    endloop
  endfacet
  facet normal 0 1 0
    outer loop
      vertex 9.49119 11.75 62.7758
      vertex 12.3853 11.75 62.9559
      vertex 12.3832 11.75 62.8896
    endloop
  endfacet
  facet normal 0 1 0
    outer loop
      vertex 12.3853 11.75 62.9559
      vertex 9.49119 11.75 62.7758
      vertex 9.49119 11.75 63.2809
    endloop
  endfacet
  facet normal 0 1 -0
    outer loop
      vertex 12.3708 11.75 62.6971
      vertex 9.49119 11.75 62.7758
      vertex 12.3832 11.75 62.8896
    endloop
  endfacet
  facet normal 0 1 -0
    outer loop
      vertex 12.3625 11.75 62.5729
      vertex 9.49119 11.75 62.7758
      vertex 12.3708 11.75 62.6971
    endloop
  endfacet
  facet normal 0 1 0
    outer loop
      vertex 9.49119 11.75 62.7758
      vertex 12.3625 11.75 62.5729
      vertex 9.48912 11.75 62.6743
    endloop
  endfacet
  facet normal 0 1 -0
    outer loop
      vertex 12.3584 11.75 62.5129
      vertex 9.48912 11.75 62.6743
      vertex 12.3625 11.75 62.5729
    endloop
  endfacet
  facet normal 0 1 0
    outer loop
      vertex 9.48912 11.75 62.6743
      vertex 12.3584 11.75 62.5129
      vertex 9.48912 11.75 62.577
    endloop
  endfacet
  facet normal 0 1 -0
    outer loop
      vertex 12.3521 11.75 62.4528
      vertex 9.48912 11.75 62.577
      vertex 12.3584 11.75 62.5129
    endloop
  endfacet
  facet normal 0 1 -0
    outer loop
      vertex 12.348 11.75 62.3928
      vertex 9.48912 11.75 62.577
      vertex 12.3521 11.75 62.4528
    endloop
  endfacet
  facet normal 0 1 0
    outer loop
      vertex 9.48912 11.75 62.577
      vertex 12.348 11.75 62.3928
      vertex 9.48705 11.75 62.4797
    endloop
  endfacet
  facet normal 0 1 0
    outer loop
      vertex 12.348 11.75 62.3928
      vertex 9.48498 11.75 62.3845
      vertex 9.48705 11.75 62.4797
    endloop
  endfacet
  facet normal 0 1 -0
    outer loop
      vertex 12.3418 11.75 62.2727
      vertex 9.48498 11.75 62.3845
      vertex 12.348 11.75 62.3928
    endloop
  endfacet
  facet normal 0 1 0
    outer loop
      vertex 9.48498 11.75 62.3845
      vertex 12.3418 11.75 62.2727
      vertex 9.48498 11.75 62.2934
    endloop
  endfacet
  facet normal 0 1 -0
    outer loop
      vertex 12.3335 11.75 62.1547
      vertex 9.48498 11.75 62.2934
      vertex 12.3418 11.75 62.2727
    endloop
  endfacet
  facet normal 0 1 0
    outer loop
      vertex 9.48498 11.75 62.2934
      vertex 12.3335 11.75 62.1547
      vertex 9.48291 11.75 62.2044
    endloop
  endfacet
  facet normal 0 1 -0
    outer loop
      vertex 12.3252 11.75 62.0409
      vertex 9.48291 11.75 62.2044
      vertex 12.3335 11.75 62.1547
    endloop
  endfacet
  facet normal 0 1 0
    outer loop
      vertex 9.48291 11.75 62.2044
      vertex 12.3252 11.75 62.0409
      vertex 9.48084 11.75 62.1175
    endloop
  endfacet
  facet normal 0 1 -0
    outer loop
      vertex 12.3149 11.75 61.927
      vertex 9.48084 11.75 62.1175
      vertex 12.3252 11.75 62.0409
    endloop
  endfacet
  facet normal 0 1 0
    outer loop
      vertex 9.48084 11.75 62.1175
      vertex 12.3149 11.75 61.927
      vertex 9.47877 11.75 62.0347
    endloop
  endfacet
  facet normal 0 1 -0
    outer loop
      vertex 12.3066 11.75 61.8152
      vertex 9.47877 11.75 62.0347
      vertex 12.3149 11.75 61.927
    endloop
  endfacet
  facet normal 0 1 0
    outer loop
      vertex 9.47877 11.75 62.0347
      vertex 12.3066 11.75 61.8152
      vertex 9.47463 11.75 61.9539
    endloop
  endfacet
  facet normal 0 1 0
    outer loop
      vertex 9.47463 11.75 61.9539
      vertex 12.3066 11.75 61.8152
      vertex 9.47256 11.75 61.8732
    endloop
  endfacet
  facet normal 0 1 -0
    outer loop
      vertex 12.2859 11.75 61.5999
      vertex 9.47256 11.75 61.8732
      vertex 12.3066 11.75 61.8152
    endloop
  endfacet
  facet normal 0 1 0
    outer loop
      vertex 9.47256 11.75 61.8732
      vertex 12.2859 11.75 61.5999
      vertex 9.47049 11.75 61.7966
    endloop
  endfacet
  facet normal 0 1 -0
    outer loop
      vertex 12.2735 11.75 61.4964
      vertex 9.47049 11.75 61.7966
      vertex 12.2859 11.75 61.5999
    endloop
  endfacet
  facet normal 0 1 0
    outer loop
      vertex 9.47049 11.75 61.7966
      vertex 12.2735 11.75 61.4964
      vertex 9.46635 11.75 61.7241
    endloop
  endfacet
  facet normal 0 1 0
    outer loop
      vertex 9.46635 11.75 61.7241
      vertex 12.2735 11.75 61.4964
      vertex 9.46428 11.75 61.6517
    endloop
  endfacet
  facet normal 0 1 -0
    outer loop
      vertex 12.2631 11.75 61.3929
      vertex 9.46428 11.75 61.6517
      vertex 12.2735 11.75 61.4964
    endloop
  endfacet
  facet normal 0 1 0
    outer loop
      vertex 9.46428 11.75 61.6517
      vertex 12.2631 11.75 61.3929
      vertex 9.46014 11.75 61.5834
    endloop
  endfacet
  facet normal 0 1 0
    outer loop
      vertex 9.46014 11.75 61.5834
      vertex 12.2631 11.75 61.3929
      vertex 9.456 11.75 61.5171
    endloop
  endfacet
  facet normal 0 1 -0
    outer loop
      vertex 12.2383 11.75 61.1942
      vertex 9.456 11.75 61.5171
      vertex 12.2631 11.75 61.3929
    endloop
  endfacet
  facet normal 0 1 0
    outer loop
      vertex 9.456 11.75 61.5171
      vertex 12.2383 11.75 61.1942
      vertex 9.45186 11.75 61.453
    endloop
  endfacet
  facet normal 0 1 -0
    outer loop
      vertex 12.2238 11.75 61.099
      vertex 9.45186 11.75 61.453
      vertex 12.2383 11.75 61.1942
    endloop
  endfacet
  facet normal 0 1 0
    outer loop
      vertex 9.45186 11.75 61.453
      vertex 12.2238 11.75 61.099
      vertex 9.44772 11.75 61.3908
    endloop
  endfacet
  facet normal 0 1 0
    outer loop
      vertex 9.44772 11.75 61.3908
      vertex 12.2238 11.75 61.099
      vertex 9.44358 11.75 61.3329
    endloop
  endfacet
  facet normal 0 1 -0
    outer loop
      vertex 12.1948 11.75 60.9126
      vertex 9.44358 11.75 61.3329
      vertex 12.2238 11.75 61.099
    endloop
  endfacet
  facet normal 0 1 0
    outer loop
      vertex 9.44358 11.75 61.3329
      vertex 12.1948 11.75 60.9126
      vertex 9.43944 11.75 61.277
    endloop
  endfacet
  facet normal 0 1 0
    outer loop
      vertex 9.43944 11.75 61.277
      vertex 12.1948 11.75 60.9126
      vertex 9.43322 11.75 61.2232
    endloop
  endfacet
  facet normal 0 1 0
    outer loop
      vertex 9.43322 11.75 61.2232
      vertex 12.1948 11.75 60.9126
      vertex 9.42908 11.75 61.1714
    endloop
  endfacet
  facet normal 0 1 -0
    outer loop
      vertex 12.1803 11.75 60.8236
      vertex 9.42908 11.75 61.1714
      vertex 12.1948 11.75 60.9126
    endloop
  endfacet
  facet normal 0 1 -0
    outer loop
      vertex 12.1638 11.75 60.7367
      vertex 9.42908 11.75 61.1714
      vertex 12.1803 11.75 60.8236
    endloop
  endfacet
  facet normal 0 1 -0
    outer loop
      vertex 12.1472 11.75 60.6518
      vertex 9.42908 11.75 61.1714
      vertex 12.1638 11.75 60.7367
    endloop
  endfacet
  facet normal 0 1 -0
    outer loop
      vertex 12.1306 11.75 60.569
      vertex 9.42908 11.75 61.1714
      vertex 12.1472 11.75 60.6518
    endloop
  endfacet
  facet normal 0 1 -0
    outer loop
      vertex 12.1141 11.75 60.4883
      vertex 9.42908 11.75 61.1714
      vertex 12.1306 11.75 60.569
    endloop
  endfacet
  facet normal 0 1 -0
    outer loop
      vertex 12.0954 11.75 60.4096
      vertex 9.42908 11.75 61.1714
      vertex 12.1141 11.75 60.4883
    endloop
  endfacet
  facet normal 0 1 -0
    outer loop
      vertex 12.0768 11.75 60.333
      vertex 9.42908 11.75 61.1714
      vertex 12.0954 11.75 60.4096
    endloop
  endfacet
  facet normal 0 1 -0
    outer loop
      vertex 12.0561 11.75 60.2585
      vertex 9.42908 11.75 61.1714
      vertex 12.0768 11.75 60.333
    endloop
  endfacet
  facet normal 0 1 -0
    outer loop
      vertex 12.0375 11.75 60.186
      vertex 9.42908 11.75 61.1714
      vertex 12.0561 11.75 60.2585
    endloop
  endfacet
  facet normal 0 1 -0
    outer loop
      vertex 12.0168 11.75 60.1156
      vertex 9.42908 11.75 61.1714
      vertex 12.0375 11.75 60.186
    endloop
  endfacet
  facet normal 0 1 0
    outer loop
      vertex 9.42908 11.75 61.1714
      vertex 12.0168 11.75 60.1156
      vertex 9.34628 11.75 60.1156
    endloop
  endfacet
  facet normal 0 1 -0
    outer loop
      vertex 12.3604 11.75 71.6692
      vertex 5.94708 11.75 71.781
      vertex 12.3687 11.75 71.781
    endloop
  endfacet
  facet normal 0 1 -0
    outer loop
      vertex 12.3501 11.75 71.5615
      vertex 5.94708 11.75 71.781
      vertex 12.3604 11.75 71.6692
    endloop
  endfacet
  facet normal 0 1 0
    outer loop
      vertex 4.5725 11.75 72.3275
      vertex 1.60183 11.75 71.6547
      vertex 1.58941 11.75 71.781
    endloop
  endfacet
  facet normal 0 1 -0
    outer loop
      vertex 12.3377 11.75 71.4539
      vertex 5.94708 11.75 71.781
      vertex 12.3501 11.75 71.5615
    endloop
  endfacet
  facet normal 0 1 0
    outer loop
      vertex 4.88923 11.75 71.9238
      vertex 2.86669 11.75 68.7378
      vertex 2.75283 11.75 68.831
    endloop
  endfacet
  facet normal 0 1 -0
    outer loop
      vertex 12.3128 11.75 71.2448
      vertex 5.94708 11.75 71.781
      vertex 12.3377 11.75 71.4539
    endloop
  endfacet
  facet normal 0 1 0
    outer loop
      vertex 4.5932 11.75 72.2737
      vertex 1.61425 11.75 71.5305
      vertex 1.60183 11.75 71.6547
    endloop
  endfacet
  facet normal 0 1 0
    outer loop
      vertex 12.3128 11.75 71.2448
      vertex 12.3377 11.75 71.4539
      vertex 12.3273 11.75 71.3483
    endloop
  endfacet
  facet normal 0 1 0
    outer loop
      vertex 4.5932 11.75 72.2737
      vertex 1.63081 11.75 71.4104
      vertex 1.61425 11.75 71.5305
    endloop
  endfacet
  facet normal 0 1 -0
    outer loop
      vertex 12.2838 11.75 71.044
      vertex 5.94708 11.75 71.781
      vertex 12.3128 11.75 71.2448
    endloop
  endfacet
  facet normal 0 1 0
    outer loop
      vertex 4.61597 11.75 72.224
      vertex 1.64737 11.75 71.2924
      vertex 1.63081 11.75 71.4104
    endloop
  endfacet
  facet normal 0 1 0
    outer loop
      vertex 12.2838 11.75 71.044
      vertex 12.3128 11.75 71.2448
      vertex 12.3004 11.75 71.1433
    endloop
  endfacet
  facet normal 0 1 0
    outer loop
      vertex 4.62839 11.75 72.1991
      vertex 1.66393 11.75 71.1785
      vertex 1.64737 11.75 71.2924
    endloop
  endfacet
  facet normal 0 1 -0
    outer loop
      vertex 12.2693 11.75 70.9467
      vertex 5.94708 11.75 71.781
      vertex 12.2838 11.75 71.044
    endloop
  endfacet
  facet normal 0 1 0
    outer loop
      vertex 4.65324 11.75 72.1536
      vertex 1.68256 11.75 71.0667
      vertex 1.66393 11.75 71.1785
    endloop
  endfacet
  facet normal 0 1 -0
    outer loop
      vertex 12.2528 11.75 70.8515
      vertex 5.94708 11.75 71.781
      vertex 12.2693 11.75 70.9467
    endloop
  endfacet
  facet normal 0 1 -0
    outer loop
      vertex 12.2341 11.75 70.7583
      vertex 5.94708 11.75 71.781
      vertex 12.2528 11.75 70.8515
    endloop
  endfacet
  facet normal 0 1 0
    outer loop
      vertex 4.65324 11.75 72.1536
      vertex 1.70119 11.75 70.957
      vertex 1.68256 11.75 71.0667
    endloop
  endfacet
  facet normal 0 1 -0
    outer loop
      vertex 12.2155 11.75 70.6672
      vertex 5.94708 11.75 71.781
      vertex 12.2341 11.75 70.7583
    endloop
  endfacet
  facet normal 0 1 0
    outer loop
      vertex 4.69257 11.75 72.0956
      vertex 1.7219 11.75 70.8515
      vertex 1.70119 11.75 70.957
    endloop
  endfacet
  facet normal 0 1 -0
    outer loop
      vertex 12.1948 11.75 70.5782
      vertex 5.94708 11.75 71.781
      vertex 12.2155 11.75 70.6672
    endloop
  endfacet
  facet normal 0 1 0
    outer loop
      vertex 4.69257 11.75 72.0956
      vertex 1.74467 11.75 70.7479
      vertex 1.7219 11.75 70.8515
    endloop
  endfacet
  facet normal 0 1 -0
    outer loop
      vertex 12.1534 11.75 70.4043
      vertex 5.94708 11.75 71.781
      vertex 12.1948 11.75 70.5782
    endloop
  endfacet
  facet normal 0 1 0
    outer loop
      vertex 4.69257 11.75 72.0956
      vertex 1.76744 11.75 70.6465
      vertex 1.74467 11.75 70.7479
    endloop
  endfacet
  facet normal 0 1 0
    outer loop
      vertex 4.71948 11.75 72.0625
      vertex 1.79021 11.75 70.5492
      vertex 1.76744 11.75 70.6465
    endloop
  endfacet
  facet normal 0 1 -0
    outer loop
      vertex 12.1306 11.75 70.3215
      vertex 5.94708 11.75 71.781
      vertex 12.1534 11.75 70.4043
    endloop
  endfacet
  facet normal 0 1 0
    outer loop
      vertex 4.73397 11.75 72.0459
      vertex 1.81505 11.75 70.454
      vertex 1.79021 11.75 70.5492
    endloop
  endfacet
  facet normal 0 1 -0
    outer loop
      vertex 12.081 11.75 70.16
      vertex 5.94708 11.75 71.781
      vertex 12.1306 11.75 70.3215
    endloop
  endfacet
  facet normal 0 1 0
    outer loop
      vertex 4.73397 11.75 72.0459
      vertex 1.84197 11.75 70.3629
      vertex 1.81505 11.75 70.454
    endloop
  endfacet
  facet normal 0 1 0
    outer loop
      vertex 4.73397 11.75 72.0459
      vertex 1.86888 11.75 70.2739
      vertex 1.84197 11.75 70.3629
    endloop
  endfacet
  facet normal 0 1 0
    outer loop
      vertex 5.94708 11.75 71.781
      vertex 12.081 11.75 70.16
      vertex 11.0645 11.75 68.6654
    endloop
  endfacet
  facet normal 0 1 0
    outer loop
      vertex 11.0645 11.75 68.6654
      vertex 12.081 11.75 70.16
      vertex 12.0561 11.75 70.0834
    endloop
  endfacet
  facet normal 0 1 0
    outer loop
      vertex 4.76503 11.75 72.0149
      vertex 1.89786 11.75 70.1849
      vertex 1.86888 11.75 70.2739
    endloop
  endfacet
  facet normal 0 1 0
    outer loop
      vertex 11.0645 11.75 68.6654
      vertex 12.0561 11.75 70.0834
      vertex 12.0292 11.75 70.0068
    endloop
  endfacet
  facet normal 0 1 0
    outer loop
      vertex 11.0645 11.75 68.6654
      vertex 12.0292 11.75 70.0068
      vertex 12.0023 11.75 69.9344
    endloop
  endfacet
  facet normal 0 1 0
    outer loop
      vertex 11.0645 11.75 68.6654
      vertex 12.0023 11.75 69.9344
      vertex 11.9733 11.75 69.8619
    endloop
  endfacet
  facet normal 0 1 0
    outer loop
      vertex 4.76503 11.75 72.0149
      vertex 1.95996 11.75 70.0151
      vertex 1.89786 11.75 70.1849
    endloop
  endfacet
  facet normal 0 1 0
    outer loop
      vertex 11.0645 11.75 68.6654
      vertex 11.9733 11.75 69.8619
      vertex 11.9443 11.75 69.7915
    endloop
  endfacet
  facet normal 0 1 0
    outer loop
      vertex 4.81471 11.75 71.9714
      vertex 2.02621 11.75 69.8536
      vertex 1.95996 11.75 70.0151
    endloop
  endfacet
  facet normal 0 1 0
    outer loop
      vertex 4.81471 11.75 71.9714
      vertex 2.0614 11.75 69.775
      vertex 2.02621 11.75 69.8536
    endloop
  endfacet
  facet normal 0 1 0
    outer loop
      vertex 11.0645 11.75 68.6654
      vertex 11.9443 11.75 69.7915
      vertex 11.8822 11.75 69.659
    endloop
  endfacet
  facet normal 0 1 -0
    outer loop
      vertex 7.98412 11.75 65.6222
      vertex 5.94708 11.75 71.781
      vertex 11.0645 11.75 68.6654
    endloop
  endfacet
  facet normal 0 1 0
    outer loop
      vertex 11.0645 11.75 68.6654
      vertex 11.8822 11.75 69.659
      vertex 11.8491 11.75 69.5949
    endloop
  endfacet
  facet normal 0 1 0
    outer loop
      vertex 4.81471 11.75 71.9714
      vertex 2.09866 11.75 69.6984
      vertex 2.0614 11.75 69.775
    endloop
  endfacet
  facet normal 0 1 0
    outer loop
      vertex 11.0645 11.75 68.6654
      vertex 11.8491 11.75 69.5949
      vertex 11.816 11.75 69.5328
    endloop
  endfacet
  facet normal 0 1 0
    outer loop
      vertex 4.81471 11.75 71.9714
      vertex 2.13593 11.75 69.6259
      vertex 2.09866 11.75 69.6984
    endloop
  endfacet
  facet normal 0 1 0
    outer loop
      vertex 11.0645 11.75 68.6654
      vertex 11.816 11.75 69.5328
      vertex 11.7808 11.75 69.4707
    endloop
  endfacet
  facet normal 0 1 0
    outer loop
      vertex 4.81471 11.75 71.9714
      vertex 2.17526 11.75 69.5535
      vertex 2.13593 11.75 69.6259
    endloop
  endfacet
  facet normal 0 1 0
    outer loop
      vertex 11.6711 11.75 69.2968
      vertex 11.7808 11.75 69.4707
      vertex 11.7456 11.75 69.4106
    endloop
  endfacet
  facet normal 0 1 0
    outer loop
      vertex 11.6711 11.75 69.2968
      vertex 11.7456 11.75 69.4106
      vertex 11.7104 11.75 69.3527
    endloop
  endfacet
  facet normal 0 1 0
    outer loop
      vertex 4.81471 11.75 71.9714
      vertex 2.21666 11.75 69.481
      vertex 2.17526 11.75 69.5535
    endloop
  endfacet
  facet normal 0 1 0
    outer loop
      vertex 11.7808 11.75 69.4707
      vertex 11.6711 11.75 69.2968
      vertex 11.0645 11.75 68.6654
    endloop
  endfacet
  facet normal 0 1 0
    outer loop
      vertex 11.5945 11.75 69.187
      vertex 11.6711 11.75 69.2968
      vertex 11.6338 11.75 69.2409
    endloop
  endfacet
  facet normal 0 1 0
    outer loop
      vertex 4.8706 11.75 71.9342
      vertex 2.25807 11.75 69.4127
      vertex 2.21666 11.75 69.481
    endloop
  endfacet
  facet normal 0 1 0
    outer loop
      vertex 11.6711 11.75 69.2968
      vertex 11.5945 11.75 69.187
      vertex 11.0645 11.75 68.6654
    endloop
  endfacet
  facet normal 0 1 0
    outer loop
      vertex 11.0645 11.75 68.6654
      vertex 11.5945 11.75 69.187
      vertex 11.5531 11.75 69.1332
    endloop
  endfacet
  facet normal 0 1 0
    outer loop
      vertex 4.8706 11.75 71.9342
      vertex 2.30154 11.75 69.3465
      vertex 2.25807 11.75 69.4127
    endloop
  endfacet
  facet normal 0 1 0
    outer loop
      vertex 11.4682 11.75 69.0318
      vertex 11.5531 11.75 69.1332
      vertex 11.5117 11.75 69.0815
    endloop
  endfacet
  facet normal 0 1 0
    outer loop
      vertex 4.8706 11.75 71.9342
      vertex 2.53961 11.75 69.0421
      vertex 2.39263 11.75 69.2181
    endloop
  endfacet
  facet normal 0 1 0
    outer loop
      vertex 11.5531 11.75 69.1332
      vertex 11.4682 11.75 69.0318
      vertex 11.0645 11.75 68.6654
    endloop
  endfacet
  facet normal 0 1 0
    outer loop
      vertex 2.39263 11.75 69.2181
      vertex 2.53961 11.75 69.0421
      vertex 2.48785 11.75 69.098
    endloop
  endfacet
  facet normal 0 1 0
    outer loop
      vertex 11.0645 11.75 68.6654
      vertex 11.4682 11.75 69.0318
      vertex 11.4247 11.75 68.9842
    endloop
  endfacet
  facet normal 0 1 0
    outer loop
      vertex 11.0645 11.75 68.6654
      vertex 11.4247 11.75 68.9842
      vertex 11.3792 11.75 68.9366
    endloop
  endfacet
  facet normal 0 1 0
    outer loop
      vertex 4.88923 11.75 71.9238
      vertex 2.64312 11.75 68.9324
      vertex 2.53961 11.75 69.0421
    endloop
  endfacet
  facet normal 0 1 0
    outer loop
      vertex 11.0645 11.75 68.6654
      vertex 11.3792 11.75 68.9366
      vertex 11.3336 11.75 68.891
    endloop
  endfacet
  facet normal 0 1 0
    outer loop
      vertex 2.53961 11.75 69.0421
      vertex 2.64312 11.75 68.9324
      vertex 2.58929 11.75 68.9862
    endloop
  endfacet
  facet normal 0 1 0
    outer loop
      vertex 11.2384 11.75 68.8041
      vertex 11.3336 11.75 68.891
      vertex 11.286 11.75 68.8455
    endloop
  endfacet
  facet normal 0 1 0
    outer loop
      vertex 4.88923 11.75 71.9238
      vertex 2.69694 11.75 68.8807
      vertex 2.64312 11.75 68.9324
    endloop
  endfacet
  facet normal 0 1 0
    outer loop
      vertex 11.3336 11.75 68.891
      vertex 11.2384 11.75 68.8041
      vertex 11.0645 11.75 68.6654
    endloop
  endfacet
  facet normal 0 1 0
    outer loop
      vertex 4.88923 11.75 71.9238
      vertex 2.75283 11.75 68.831
      vertex 2.69694 11.75 68.8807
    endloop
  endfacet
  facet normal 0 1 0
    outer loop
      vertex 2.75283 11.75 68.831
      vertex 2.86669 11.75 68.7378
      vertex 2.80873 11.75 68.7834
    endloop
  endfacet
  facet normal 0 1 0
    outer loop
      vertex 11.0645 11.75 68.6654
      vertex 11.2384 11.75 68.8041
      vertex 11.139 11.75 68.7213
    endloop
  endfacet
  facet normal 0 1 0
    outer loop
      vertex 4.8706 11.75 71.9342
      vertex 2.39263 11.75 69.2181
      vertex 2.30154 11.75 69.3465
    endloop
  endfacet
  facet normal 0 1 0
    outer loop
      vertex 11.0645 11.75 68.6654
      vertex 11.139 11.75 68.7213
      vertex 11.0873 11.75 68.6819
    endloop
  endfacet
  facet normal 0 1 0
    outer loop
      vertex 5.94708 11.75 71.781
      vertex 7.98412 11.75 65.6222
      vertex 2.86669 11.75 68.7378
    endloop
  endfacet
  facet normal -0 1 0
    outer loop
      vertex 1.902 11.75 67.3964
      vertex 2.86669 11.75 68.7378
      vertex 7.98412 11.75 65.6222
    endloop
  endfacet
  facet normal 0 1 0
    outer loop
      vertex 8.08969 11.75 65.6202
      vertex 11.0645 11.75 68.6654
      vertex 11.1225 11.75 68.6198
    endloop
  endfacet
  facet normal -0 1 0
    outer loop
      vertex 1.92891 11.75 67.4688
      vertex 2.86669 11.75 68.7378
      vertex 1.902 11.75 67.3964
    endloop
  endfacet
  facet normal 0 1 0
    outer loop
      vertex 8.08969 11.75 65.6202
      vertex 11.1225 11.75 68.6198
      vertex 11.1784 11.75 68.5722
    endloop
  endfacet
  facet normal -0 1 0
    outer loop
      vertex 1.95789 11.75 67.5413
      vertex 2.86669 11.75 68.7378
      vertex 1.92891 11.75 67.4688
    endloop
  endfacet
  facet normal 0 1 0
    outer loop
      vertex 8.08969 11.75 65.6202
      vertex 11.1784 11.75 68.5722
      vertex 11.2343 11.75 68.5225
    endloop
  endfacet
  facet normal -0 1 0
    outer loop
      vertex 2.04898 11.75 67.7442
      vertex 2.86669 11.75 68.7378
      vertex 1.95789 11.75 67.5413
    endloop
  endfacet
  facet normal 0 1 0
    outer loop
      vertex 8.08969 11.75 65.6202
      vertex 11.2343 11.75 68.5225
      vertex 11.2881 11.75 68.4708
    endloop
  endfacet
  facet normal 0 1 0
    outer loop
      vertex 2.86669 11.75 68.7378
      vertex 2.26014 11.75 68.1064
      vertex 2.84392 11.75 68.7213
    endloop
  endfacet
  facet normal 0 1 0
    outer loop
      vertex 2.6928 11.75 68.5991
      vertex 2.59757 11.75 68.5122
      vertex 2.64519 11.75 68.5577
    endloop
  endfacet
  facet normal 0 1 0
    outer loop
      vertex 11.3916 11.75 68.3611
      vertex 11.2881 11.75 68.4708
      vertex 11.3419 11.75 68.417
    endloop
  endfacet
  facet normal 0 1 0
    outer loop
      vertex 2.84392 11.75 68.7213
      vertex 2.26014 11.75 68.1064
      vertex 2.79217 11.75 68.6819
    endloop
  endfacet
  facet normal 0 1 0
    outer loop
      vertex 8.08969 11.75 65.6202
      vertex 11.2881 11.75 68.4708
      vertex 11.3916 11.75 68.3611
    endloop
  endfacet
  facet normal 0 1 0
    outer loop
      vertex 2.55203 11.75 68.4666
      vertex 2.26014 11.75 68.1064
      vertex 2.50648 11.75 68.419
    endloop
  endfacet
  facet normal 0 1 0
    outer loop
      vertex 11.5386 11.75 68.1851
      vertex 11.3916 11.75 68.3611
      vertex 11.4433 11.75 68.3052
    endloop
  endfacet
  facet normal 0 1 0
    outer loop
      vertex 2.50648 11.75 68.419
      vertex 2.26014 11.75 68.1064
      vertex 2.46301 11.75 68.3714
    endloop
  endfacet
  facet normal 0 1 0
    outer loop
      vertex 2.46301 11.75 68.3714
      vertex 2.37814 11.75 68.27
      vertex 2.41954 11.75 68.3217
    endloop
  endfacet
  facet normal 0 1 0
    outer loop
      vertex 8.08969 11.75 65.6202
      vertex 11.3916 11.75 68.3611
      vertex 11.5386 11.75 68.1851
    endloop
  endfacet
  facet normal 0 1 0
    outer loop
      vertex 2.46301 11.75 68.3714
      vertex 2.26014 11.75 68.1064
      vertex 2.37814 11.75 68.27
    endloop
  endfacet
  facet normal 0 1 0
    outer loop
      vertex 2.37814 11.75 68.27
      vertex 2.26014 11.75 68.1064
      vertex 2.33673 11.75 68.2161
    endloop
  endfacet
  facet normal 0 1 0
    outer loop
      vertex 8.08969 11.75 65.6202
      vertex 11.5386 11.75 68.1851
      vertex 11.6297 11.75 68.0567
    endloop
  endfacet
  facet normal 0 1 0
    outer loop
      vertex 2.33673 11.75 68.2161
      vertex 2.26014 11.75 68.1064
      vertex 2.2974 11.75 68.1623
    endloop
  endfacet
  facet normal 0 1 0
    outer loop
      vertex 2.59757 11.75 68.5122
      vertex 2.26014 11.75 68.1064
      vertex 2.55203 11.75 68.4666
    endloop
  endfacet
  facet normal 0 1 0
    outer loop
      vertex 8.08969 11.75 65.6202
      vertex 11.6297 11.75 68.0567
      vertex 11.6731 11.75 67.9905
    endloop
  endfacet
  facet normal 0 1 0
    outer loop
      vertex 2.26014 11.75 68.1064
      vertex 2.18561 11.75 67.9926
      vertex 2.2208 11.75 68.0505
    endloop
  endfacet
  facet normal 0 1 0
    outer loop
      vertex 8.08969 11.75 65.6202
      vertex 11.6731 11.75 67.9905
      vertex 11.7145 11.75 67.9222
    endloop
  endfacet
  facet normal 0 1 0
    outer loop
      vertex 2.26014 11.75 68.1064
      vertex 2.15042 11.75 67.9325
      vertex 2.18561 11.75 67.9926
    endloop
  endfacet
  facet normal 0 1 0
    outer loop
      vertex 8.08969 11.75 65.6202
      vertex 11.7145 11.75 67.9222
      vertex 11.7559 11.75 67.8497
    endloop
  endfacet
  facet normal 0 1 0
    outer loop
      vertex 2.6928 11.75 68.5991
      vertex 2.26014 11.75 68.1064
      vertex 2.59757 11.75 68.5122
    endloop
  endfacet
  facet normal 0 1 0
    outer loop
      vertex 8.08969 11.75 65.6202
      vertex 11.7559 11.75 67.8497
      vertex 11.7953 11.75 67.7773
    endloop
  endfacet
  facet normal 0 1 0
    outer loop
      vertex 2.79217 11.75 68.6819
      vertex 2.26014 11.75 68.1064
      vertex 2.6928 11.75 68.5991
    endloop
  endfacet
  facet normal 0 1 0
    outer loop
      vertex 8.08969 11.75 65.6202
      vertex 11.7953 11.75 67.7773
      vertex 11.8325 11.75 67.7048
    endloop
  endfacet
  facet normal 0 1 0
    outer loop
      vertex 8.08969 11.75 65.6202
      vertex 11.8325 11.75 67.7048
      vertex 11.8698 11.75 67.6282
    endloop
  endfacet
  facet normal -0 1 0
    outer loop
      vertex 2.26014 11.75 68.1064
      vertex 2.86669 11.75 68.7378
      vertex 2.15042 11.75 67.9325
    endloop
  endfacet
  facet normal 0 1 0
    outer loop
      vertex 8.08969 11.75 65.6202
      vertex 11.8698 11.75 67.6282
      vertex 11.905 11.75 67.5496
    endloop
  endfacet
  facet normal -0 1 0
    outer loop
      vertex 2.15042 11.75 67.9325
      vertex 2.86669 11.75 68.7378
      vertex 2.11523 11.75 67.8704
    endloop
  endfacet
  facet normal 0 1 0
    outer loop
      vertex 2.04898 11.75 67.7442
      vertex 1.95789 11.75 67.5413
      vertex 1.98688 11.75 67.6117
    endloop
  endfacet
  facet normal -0 1 0
    outer loop
      vertex 2.11523 11.75 67.8704
      vertex 2.86669 11.75 68.7378
      vertex 2.0821 11.75 67.8083
    endloop
  endfacet
  facet normal 0 1 0
    outer loop
      vertex 8.08969 11.75 65.6202
      vertex 11.905 11.75 67.5496
      vertex 11.9712 11.75 67.3881
    endloop
  endfacet
  facet normal -0 1 0
    outer loop
      vertex 2.0821 11.75 67.8083
      vertex 2.86669 11.75 68.7378
      vertex 2.04898 11.75 67.7442
    endloop
  endfacet
  facet normal 0 1 0
    outer loop
      vertex 1.902 11.75 67.3964
      vertex 7.98412 11.75 65.6222
      vertex 1.87509 11.75 67.3198
    endloop
  endfacet
  facet normal 0 1 0
    outer loop
      vertex 8.08969 11.75 65.6202
      vertex 11.9712 11.75 67.3881
      vertex 12.0333 11.75 67.2183
    endloop
  endfacet
  facet normal 0 1 0
    outer loop
      vertex 8.08969 11.75 65.6202
      vertex 12.0333 11.75 67.2183
      vertex 12.0623 11.75 67.1293
    endloop
  endfacet
  facet normal 0 1 0
    outer loop
      vertex 1.87509 11.75 67.3198
      vertex 7.98412 11.75 65.6222
      vertex 1.85025 11.75 67.2432
    endloop
  endfacet
  facet normal 0 1 0
    outer loop
      vertex 8.08969 11.75 65.6202
      vertex 12.0623 11.75 67.1293
      vertex 12.0892 11.75 67.0403
    endloop
  endfacet
  facet normal 0 1 0
    outer loop
      vertex 1.85025 11.75 67.2432
      vertex 7.98412 11.75 65.6222
      vertex 1.80056 11.75 67.0817
    endloop
  endfacet
  facet normal 0 1 0
    outer loop
      vertex 8.08969 11.75 65.6202
      vertex 12.0892 11.75 67.0403
      vertex 12.1161 11.75 66.9492
    endloop
  endfacet
  facet normal 0 1 0
    outer loop
      vertex 8.08969 11.75 65.6202
      vertex 12.1161 11.75 66.9492
      vertex 12.141 11.75 66.854
    endloop
  endfacet
  facet normal 0 1 0
    outer loop
      vertex 1.80056 11.75 67.0817
      vertex 7.98412 11.75 65.6222
      vertex 1.77779 11.75 66.9989
    endloop
  endfacet
  facet normal 0 1 0
    outer loop
      vertex 8.08969 11.75 65.6202
      vertex 12.141 11.75 66.854
      vertex 12.1638 11.75 66.7567
    endloop
  endfacet
  facet normal 0 1 0
    outer loop
      vertex 1.77779 11.75 66.9989
      vertex 7.98412 11.75 65.6222
      vertex 1.73639 11.75 66.825
    endloop
  endfacet
  facet normal 0 1 0
    outer loop
      vertex 8.08969 11.75 65.6202
      vertex 12.1638 11.75 66.7567
      vertex 12.1865 11.75 66.6553
    endloop
  endfacet
  facet normal 0 1 0
    outer loop
      vertex 1.73639 11.75 66.825
      vertex 7.98412 11.75 65.6222
      vertex 1.71569 11.75 66.736
    endloop
  endfacet
  facet normal 0 1 0
    outer loop
      vertex 8.08969 11.75 65.6202
      vertex 12.1865 11.75 66.6553
      vertex 12.2093 11.75 66.5517
    endloop
  endfacet
  facet normal 0 1 0
    outer loop
      vertex 1.71569 11.75 66.736
      vertex 7.98412 11.75 65.6222
      vertex 1.69705 11.75 66.6449
    endloop
  endfacet
  facet normal 0 1 0
    outer loop
      vertex 1.69705 11.75 66.6449
      vertex 7.98412 11.75 65.6222
      vertex 1.67842 11.75 66.5517
    endloop
  endfacet
  facet normal 0 1 0
    outer loop
      vertex 8.08969 11.75 65.6202
      vertex 12.2093 11.75 66.5517
      vertex 12.23 11.75 66.4462
    endloop
  endfacet
  facet normal 0 1 0
    outer loop
      vertex 1.67842 11.75 66.5517
      vertex 7.98412 11.75 65.6222
      vertex 1.66186 11.75 66.4565
    endloop
  endfacet
  facet normal 0 1 0
    outer loop
      vertex 8.08969 11.75 65.6202
      vertex 12.23 11.75 66.4462
      vertex 12.2486 11.75 66.3364
    endloop
  endfacet
  facet normal 0 1 0
    outer loop
      vertex 1.66186 11.75 66.4565
      vertex 7.98412 11.75 65.6222
      vertex 1.64737 11.75 66.3592
    endloop
  endfacet
  facet normal 0 1 0
    outer loop
      vertex 8.08969 11.75 65.6202
      vertex 12.2486 11.75 66.3364
      vertex 12.2673 11.75 66.2247
    endloop
  endfacet
  facet normal -0 1 0
    outer loop
      vertex 1.61839 11.75 66.1584
      vertex 1.64737 11.75 66.3592
      vertex 7.98412 11.75 65.6222
    endloop
  endfacet
  facet normal 0 1 0
    outer loop
      vertex 8.08969 11.75 65.6202
      vertex 12.2673 11.75 66.2247
      vertex 12.2838 11.75 66.1108
    endloop
  endfacet
  facet normal 0 1 0
    outer loop
      vertex 1.64737 11.75 66.3592
      vertex 1.61839 11.75 66.1584
      vertex 1.63081 11.75 66.2598
    endloop
  endfacet
  facet normal 0 1 0
    outer loop
      vertex 8.08969 11.75 65.6202
      vertex 12.2838 11.75 66.1108
      vertex 12.3004 11.75 65.9928
    endloop
  endfacet
  facet normal 0 1 0
    outer loop
      vertex 1.61839 11.75 66.1584
      vertex 7.98412 11.75 65.6222
      vertex 1.6039 11.75 66.0549
    endloop
  endfacet
  facet normal 0 1 0
    outer loop
      vertex 8.08969 11.75 65.6202
      vertex 12.3004 11.75 65.9928
      vertex 12.317 11.75 65.8727
    endloop
  endfacet
  facet normal 0 1 0
    outer loop
      vertex 1.6039 11.75 66.0549
      vertex 7.98412 11.75 65.6222
      vertex 1.59355 11.75 65.9493
    endloop
  endfacet
  facet normal 0 1 0
    outer loop
      vertex 8.08969 11.75 65.6202
      vertex 12.317 11.75 65.8727
      vertex 12.3294 11.75 65.7485
    endloop
  endfacet
  facet normal 0 1 0
    outer loop
      vertex 1.59355 11.75 65.9493
      vertex 7.98412 11.75 65.6222
      vertex 1.58113 11.75 65.8417
    endloop
  endfacet
  facet normal 0 1 0
    outer loop
      vertex 9.3587 11.75 65.0757
      vertex 12.3294 11.75 65.7485
      vertex 12.3418 11.75 65.6222
    endloop
  endfacet
  facet normal 0 1 0
    outer loop
      vertex 1.58113 11.75 65.8417
      vertex 7.98412 11.75 65.6222
      vertex 1.57078 11.75 65.734
    endloop
  endfacet
  facet normal 0 1 0
    outer loop
      vertex 1.57078 11.75 65.734
      vertex 7.98412 11.75 65.6222
      vertex 1.56249 11.75 65.6222
    endloop
  endfacet
  facet normal 0 1 0
    outer loop
      vertex 7.98412 11.75 65.6222
      vertex 8.08969 11.75 65.6202
      vertex 8.03794 11.75 65.6202
    endloop
  endfacet
  facet normal 0 1 0
    outer loop
      vertex 8.14145 11.75 65.6181
      vertex 8.23874 11.75 65.616
      vertex 8.19113 11.75 65.616
    endloop
  endfacet
  facet normal 0 1 0
    outer loop
      vertex 7.81436 11.75 64.7528
      vertex 5.93052 11.75 63.3037
      vertex 5.93052 11.75 64.7528
    endloop
  endfacet
  facet normal 0 1 -0
    outer loop
      vertex 5.87256 11.75 59.712
      vertex 5.83529 11.75 63.3037
      vertex 5.93052 11.75 63.3037
    endloop
  endfacet
  facet normal 0 1 0
    outer loop
      vertex 5.83529 11.75 63.3037
      vertex 1.57078 11.75 63.1215
      vertex 1.56249 11.75 63.2436
    endloop
  endfacet
  facet normal 0 1 0
    outer loop
      vertex 5.83529 11.75 63.3037
      vertex 1.58113 11.75 63.0035
      vertex 1.57078 11.75 63.1215
    endloop
  endfacet
  facet normal 0 1 0
    outer loop
      vertex 5.83529 11.75 63.3037
      vertex 1.59355 11.75 62.8876
      vertex 1.58113 11.75 63.0035
    endloop
  endfacet
  facet normal 0 1 0
    outer loop
      vertex 5.83529 11.75 63.3037
      vertex 1.60597 11.75 62.7737
      vertex 1.59355 11.75 62.8876
    endloop
  endfacet
  facet normal 0 1 0
    outer loop
      vertex 5.83529 11.75 63.3037
      vertex 1.62046 11.75 62.664
      vertex 1.60597 11.75 62.7737
    endloop
  endfacet
  facet normal 0 1 0
    outer loop
      vertex 5.83529 11.75 63.3037
      vertex 1.63495 11.75 62.5563
      vertex 1.62046 11.75 62.664
    endloop
  endfacet
  facet normal 0 1 0
    outer loop
      vertex 5.83529 11.75 63.3037
      vertex 1.64944 11.75 62.4528
      vertex 1.63495 11.75 62.5563
    endloop
  endfacet
  facet normal 0 1 0
    outer loop
      vertex 5.83529 11.75 63.3037
      vertex 1.666 11.75 62.3514
      vertex 1.64944 11.75 62.4528
    endloop
  endfacet
  facet normal 0 1 0
    outer loop
      vertex 5.83529 11.75 63.3037
      vertex 1.68463 11.75 62.252
      vertex 1.666 11.75 62.3514
    endloop
  endfacet
  facet normal 0 1 0
    outer loop
      vertex 5.83529 11.75 63.3037
      vertex 1.70327 11.75 62.1568
      vertex 1.68463 11.75 62.252
    endloop
  endfacet
  facet normal 0 1 0
    outer loop
      vertex 5.83529 11.75 63.3037
      vertex 1.7219 11.75 62.0636
      vertex 1.70327 11.75 62.1568
    endloop
  endfacet
  facet normal 0 1 0
    outer loop
      vertex 5.83529 11.75 63.3037
      vertex 1.7426 11.75 61.9726
      vertex 1.7219 11.75 62.0636
    endloop
  endfacet
  facet normal 0 1 0
    outer loop
      vertex 5.83529 11.75 63.3037
      vertex 1.76537 11.75 61.8856
      vertex 1.7426 11.75 61.9726
    endloop
  endfacet
  facet normal 0 1 0
    outer loop
      vertex 5.83529 11.75 63.3037
      vertex 1.78814 11.75 61.8007
      vertex 1.76537 11.75 61.8856
    endloop
  endfacet
  facet normal 0 1 0
    outer loop
      vertex 5.83529 11.75 63.3037
      vertex 1.81091 11.75 61.72
      vertex 1.78814 11.75 61.8007
    endloop
  endfacet
  facet normal 0 1 0
    outer loop
      vertex 5.83529 11.75 63.3037
      vertex 1.83576 11.75 61.6413
      vertex 1.81091 11.75 61.72
    endloop
  endfacet
  facet normal 0 1 0
    outer loop
      vertex 5.83529 11.75 63.3037
      vertex 1.86267 11.75 61.5627
      vertex 1.83576 11.75 61.6413
    endloop
  endfacet
  facet normal 0 1 0
    outer loop
      vertex 5.83529 11.75 63.3037
      vertex 1.88958 11.75 61.4881
      vertex 1.86267 11.75 61.5627
    endloop
  endfacet
  facet normal 0 1 0
    outer loop
      vertex 5.83529 11.75 63.3037
      vertex 1.91856 11.75 61.4136
      vertex 1.88958 11.75 61.4881
    endloop
  endfacet
  facet normal 0 1 0
    outer loop
      vertex 5.83529 11.75 63.3037
      vertex 1.94754 11.75 61.3412
      vertex 1.91856 11.75 61.4136
    endloop
  endfacet
  facet normal 0 1 0
    outer loop
      vertex 5.83529 11.75 63.3037
      vertex 1.9786 11.75 61.2708
      vertex 1.94754 11.75 61.3412
    endloop
  endfacet
  facet normal 0 1 0
    outer loop
      vertex 5.83529 11.75 63.3037
      vertex 2.04484 11.75 61.1341
      vertex 1.9786 11.75 61.2708
    endloop
  endfacet
  facet normal 0 1 0
    outer loop
      vertex 5.83529 11.75 63.3037
      vertex 2.08003 11.75 61.07
      vertex 2.04484 11.75 61.1341
    endloop
  endfacet
  facet normal 0 1 0
    outer loop
      vertex 5.83529 11.75 63.3037
      vertex 2.1173 11.75 61.0058
      vertex 2.08003 11.75 61.07
    endloop
  endfacet
  facet normal 0 1 0
    outer loop
      vertex 5.83529 11.75 63.3037
      vertex 2.15456 11.75 60.9437
      vertex 2.1173 11.75 61.0058
    endloop
  endfacet
  facet normal 0 1 0
    outer loop
      vertex 5.83529 11.75 63.3037
      vertex 2.19389 11.75 60.8837
      vertex 2.15456 11.75 60.9437
    endloop
  endfacet
  facet normal 0 1 0
    outer loop
      vertex 5.83529 11.75 63.3037
      vertex 2.2767 11.75 60.7698
      vertex 2.19389 11.75 60.8837
    endloop
  endfacet
  facet normal 0 1 0
    outer loop
      vertex 2.19389 11.75 60.8837
      vertex 2.2767 11.75 60.7698
      vertex 2.23322 11.75 60.8257
    endloop
  endfacet
  facet normal 0 1 0
    outer loop
      vertex 5.83529 11.75 63.3037
      vertex 2.40919 11.75 60.6104
      vertex 2.2767 11.75 60.7698
    endloop
  endfacet
  facet normal 0 1 0
    outer loop
      vertex 2.2767 11.75 60.7698
      vertex 2.40919 11.75 60.6104
      vertex 2.3181 11.75 60.7139
    endloop
  endfacet
  facet normal 0 1 0
    outer loop
      vertex 5.83529 11.75 63.3037
      vertex 2.76318 11.75 60.3019
      vertex 2.40919 11.75 60.6104
    endloop
  endfacet
  facet normal 0 1 -0
    outer loop
      vertex 7.81436 11.75 59.7016
      vertex 5.93052 11.75 63.3037
      vertex 7.81436 11.75 64.7528
    endloop
  endfacet
  facet normal 0 1 0
    outer loop
      vertex 5.83529 11.75 63.3037
      vertex 4.2537 11.75 59.7948
      vertex 4.17917 11.75 59.803
    endloop
  endfacet
  facet normal 0 1 0
    outer loop
      vertex 5.83529 11.75 63.3037
      vertex 4.17917 11.75 59.803
      vertex 4.03012 11.75 59.8237
    endloop
  endfacet
  facet normal 0 1 0
    outer loop
      vertex 5.83529 11.75 63.3037
      vertex 4.03012 11.75 59.8237
      vertex 3.95973 11.75 59.8341
    endloop
  endfacet
  facet normal 0 1 0
    outer loop
      vertex 5.83529 11.75 63.3037
      vertex 3.88935 11.75 59.8465
      vertex 3.81896 11.75 59.861
    endloop
  endfacet
  facet normal 0 1 0
    outer loop
      vertex 5.83529 11.75 63.3037
      vertex 3.61609 11.75 59.9107
      vertex 3.48774 11.75 59.9479
    endloop
  endfacet
  facet normal 0 1 0
    outer loop
      vertex 2.76318 11.75 60.3019
      vertex 2.96606 11.75 60.1736
      vertex 2.91224 11.75 60.2026
    endloop
  endfacet
  facet normal 0 1 0
    outer loop
      vertex 2.55203 11.75 60.4676
      vertex 2.76318 11.75 60.3019
      vertex 2.65554 11.75 60.3806
    endloop
  endfacet
  facet normal 0 1 0
    outer loop
      vertex 5.83529 11.75 63.3037
      vertex 2.96606 11.75 60.1736
      vertex 2.76318 11.75 60.3019
    endloop
  endfacet
  facet normal 0 1 0
    outer loop
      vertex 2.96606 11.75 60.1736
      vertex 3.07371 11.75 60.1156
      vertex 3.01988 11.75 60.1425
    endloop
  endfacet
  facet normal 0 1 0
    outer loop
      vertex 5.83529 11.75 63.3037
      vertex 3.1855 11.75 60.0618
      vertex 3.07371 11.75 60.1156
    endloop
  endfacet
  facet normal 0 1 0
    outer loop
      vertex 5.83529 11.75 63.3037
      vertex 3.24346 11.75 60.037
      vertex 3.1855 11.75 60.0618
    endloop
  endfacet
  facet normal 0 1 0
    outer loop
      vertex 3.24346 11.75 60.037
      vertex 3.48774 11.75 59.9479
      vertex 3.3035 11.75 60.0121
    endloop
  endfacet
  facet normal 0 1 0
    outer loop
      vertex 3.3035 11.75 60.0121
      vertex 3.48774 11.75 59.9479
      vertex 3.36353 11.75 59.9894
    endloop
  endfacet
  facet normal 0 1 0
    outer loop
      vertex 5.83529 11.75 63.3037
      vertex 3.48774 11.75 59.9479
      vertex 3.24346 11.75 60.037
    endloop
  endfacet
  facet normal 0 1 0
    outer loop
      vertex 3.48774 11.75 59.9479
      vertex 3.61609 11.75 59.9107
      vertex 3.55191 11.75 59.9272
    endloop
  endfacet
  facet normal 0 1 0
    outer loop
      vertex 5.83529 11.75 63.3037
      vertex 3.07371 11.75 60.1156
      vertex 2.96606 11.75 60.1736
    endloop
  endfacet
  facet normal 0 1 0
    outer loop
      vertex 3.61609 11.75 59.9107
      vertex 3.75065 11.75 59.8755
      vertex 3.68233 11.75 59.8921
    endloop
  endfacet
  facet normal 0 1 0
    outer loop
      vertex 3.61609 11.75 59.9107
      vertex 3.81896 11.75 59.861
      vertex 3.75065 11.75 59.8755
    endloop
  endfacet
  facet normal 0 1 0
    outer loop
      vertex 2.45473 11.75 60.5607
      vertex 2.55203 11.75 60.4676
      vertex 2.50235 11.75 60.5131
    endloop
  endfacet
  facet normal 0 1 0
    outer loop
      vertex 2.40919 11.75 60.6104
      vertex 2.55203 11.75 60.4676
      vertex 2.45473 11.75 60.5607
    endloop
  endfacet
  facet normal -0 1 -0
    outer loop
      vertex 2.55203 11.75 60.4676
      vertex 2.40919 11.75 60.6104
      vertex 2.76318 11.75 60.3019
    endloop
  endfacet
  facet normal 0 1 0
    outer loop
      vertex 5.83529 11.75 63.3037
      vertex 3.81896 11.75 59.861
      vertex 3.61609 11.75 59.9107
    endloop
  endfacet
  facet normal 0 1 0
    outer loop
      vertex 5.83529 11.75 63.3037
      vertex 3.95973 11.75 59.8341
      vertex 3.88935 11.75 59.8465
    endloop
  endfacet
  facet normal 0 1 0
    outer loop
      vertex 5.83529 11.75 63.3037
      vertex 4.33029 11.75 59.7865
      vertex 4.2537 11.75 59.7948
    endloop
  endfacet
  facet normal 0 1 0
    outer loop
      vertex 5.83529 11.75 63.3037
      vertex 4.41103 11.75 59.7803
      vertex 4.33029 11.75 59.7865
    endloop
  endfacet
  facet normal 0 1 0
    outer loop
      vertex 5.83529 11.75 63.3037
      vertex 4.4959 11.75 59.772
      vertex 4.41103 11.75 59.7803
    endloop
  endfacet
  facet normal 0 1 0
    outer loop
      vertex 5.83529 11.75 63.3037
      vertex 4.58285 11.75 59.7658
      vertex 4.4959 11.75 59.772
    endloop
  endfacet
  facet normal 0 1 0
    outer loop
      vertex 5.83529 11.75 63.3037
      vertex 4.67187 11.75 59.7596
      vertex 4.58285 11.75 59.7658
    endloop
  endfacet
  facet normal 0 1 0
    outer loop
      vertex 5.83529 11.75 63.3037
      vertex 4.76709 11.75 59.7534
      vertex 4.67187 11.75 59.7596
    endloop
  endfacet
  facet normal 0 1 0
    outer loop
      vertex 5.83529 11.75 63.3037
      vertex 4.86232 11.75 59.7492
      vertex 4.76709 11.75 59.7534
    endloop
  endfacet
  facet normal 0 1 0
    outer loop
      vertex 5.83529 11.75 63.3037
      vertex 4.96169 11.75 59.743
      vertex 4.86232 11.75 59.7492
    endloop
  endfacet
  facet normal 0 1 0
    outer loop
      vertex 5.83529 11.75 63.3037
      vertex 5.0652 11.75 59.7389
      vertex 4.96169 11.75 59.743
    endloop
  endfacet
  facet normal 0 1 0
    outer loop
      vertex 5.83529 11.75 63.3037
      vertex 5.17078 11.75 59.7327
      vertex 5.0652 11.75 59.7389
    endloop
  endfacet
  facet normal 0 1 0
    outer loop
      vertex 5.83529 11.75 63.3037
      vertex 5.28049 11.75 59.7285
      vertex 5.17078 11.75 59.7327
    endloop
  endfacet
  facet normal 0 1 0
    outer loop
      vertex 5.83529 11.75 63.3037
      vertex 5.39228 11.75 59.7244
      vertex 5.28049 11.75 59.7285
    endloop
  endfacet
  facet normal 0 1 0
    outer loop
      vertex 5.83529 11.75 63.3037
      vertex 5.50821 11.75 59.7202
      vertex 5.39228 11.75 59.7244
    endloop
  endfacet
  facet normal 0 1 0
    outer loop
      vertex 5.83529 11.75 63.3037
      vertex 5.62621 11.75 59.7182
      vertex 5.50821 11.75 59.7202
    endloop
  endfacet
  facet normal 0 1 0
    outer loop
      vertex 5.83529 11.75 63.3037
      vertex 5.74835 11.75 59.714
      vertex 5.62621 11.75 59.7182
    endloop
  endfacet
  facet normal 0 1 0
    outer loop
      vertex 5.83529 11.75 63.3037
      vertex 5.87256 11.75 59.712
      vertex 5.74835 11.75 59.714
    endloop
  endfacet
  facet normal 0 1 0
    outer loop
      vertex 5.93052 11.75 63.3037
      vertex 6.00091 11.75 59.7099
      vertex 5.87256 11.75 59.712
    endloop
  endfacet
  facet normal 0 1 0
    outer loop
      vertex 5.93052 11.75 63.3037
      vertex 6.26589 11.75 59.7057
      vertex 6.00091 11.75 59.7099
    endloop
  endfacet
  facet normal 0 1 0
    outer loop
      vertex 5.93052 11.75 63.3037
      vertex 6.54536 11.75 59.7037
      vertex 6.40459 11.75 59.7037
    endloop
  endfacet
  facet normal 0 1 0
    outer loop
      vertex 5.93052 11.75 63.3037
      vertex 7.81436 11.75 59.7016
      vertex 6.6882 11.75 59.7016
    endloop
  endfacet
  facet normal 0 1 0
    outer loop
      vertex 5.93052 11.75 63.3037
      vertex 6.6882 11.75 59.7016
      vertex 6.54536 11.75 59.7037
    endloop
  endfacet
  facet normal 0 1 -0
    outer loop
      vertex 4.15019 11.75 64.3677
      vertex 1.52109 11.75 64.7528
      vertex 4.15019 11.75 64.7528
    endloop
  endfacet
  facet normal 0 1 -0
    outer loop
      vertex 4.15226 11.75 64.3077
      vertex 4.15019 11.75 64.3677
      vertex 4.15226 11.75 64.3367
    endloop
  endfacet
  facet normal 0 1 0
    outer loop
      vertex 4.15019 11.75 64.3677
      vertex 1.52109 11.75 64.316
      vertex 1.52109 11.75 64.7528
    endloop
  endfacet
  facet normal 0 1 0
    outer loop
      vertex 4.15019 11.75 64.3677
      vertex 4.15226 11.75 64.3077
      vertex 1.52109 11.75 64.316
    endloop
  endfacet
  facet normal 0 1 -0
    outer loop
      vertex 4.15433 11.75 64.2497
      vertex 4.15226 11.75 64.3077
      vertex 4.15433 11.75 64.2787
    endloop
  endfacet
  facet normal 0 1 0
    outer loop
      vertex 1.52316 11.75 64.1711
      vertex 4.15226 11.75 64.3077
      vertex 4.15433 11.75 64.2497
    endloop
  endfacet
  facet normal 0 1 0
    outer loop
      vertex 1.52316 11.75 64.1711
      vertex 4.15433 11.75 64.2497
      vertex 4.1564 11.75 64.2207
    endloop
  endfacet
  facet normal 0 1 -0
    outer loop
      vertex 4.15847 11.75 64.1669
      vertex 4.1564 11.75 64.2207
      vertex 4.15847 11.75 64.1938
    endloop
  endfacet
  facet normal 0 1 0
    outer loop
      vertex 4.15226 11.75 64.3077
      vertex 1.52316 11.75 64.1711
      vertex 1.52109 11.75 64.316
    endloop
  endfacet
  facet normal 0 1 0
    outer loop
      vertex 4.1564 11.75 64.2207
      vertex 4.15847 11.75 64.1669
      vertex 1.52316 11.75 64.1711
    endloop
  endfacet
  facet normal 0 1 0
    outer loop
      vertex 1.52523 11.75 64.0303
      vertex 4.15847 11.75 64.1669
      vertex 4.16054 11.75 64.1421
    endloop
  endfacet
  facet normal 0 1 0
    outer loop
      vertex 1.52523 11.75 64.0303
      vertex 4.16054 11.75 64.1421
      vertex 4.16261 11.75 64.1152
    endloop
  endfacet
  facet normal 0 1 0
    outer loop
      vertex 1.52937 11.75 63.8916
      vertex 4.16261 11.75 64.1152
      vertex 4.16468 11.75 64.0924
    endloop
  endfacet
  facet normal 0 1 0
    outer loop
      vertex 4.17296 11.75 64.022
      vertex 4.16468 11.75 64.0924
      vertex 4.16882 11.75 64.0676
    endloop
  endfacet
  facet normal 0 1 0
    outer loop
      vertex 4.15847 11.75 64.1669
      vertex 1.52523 11.75 64.0303
      vertex 1.52316 11.75 64.1711
    endloop
  endfacet
  facet normal 0 1 0
    outer loop
      vertex 4.16468 11.75 64.0924
      vertex 4.17296 11.75 64.022
      vertex 1.52937 11.75 63.8916
    endloop
  endfacet
  facet normal 0 1 0
    outer loop
      vertex 4.17917 11.75 63.9785
      vertex 4.17296 11.75 64.022
      vertex 4.1771 11.75 63.9992
    endloop
  endfacet
  facet normal 0 1 0
    outer loop
      vertex 1.53351 11.75 63.757
      vertex 4.17296 11.75 64.022
      vertex 4.17917 11.75 63.9785
    endloop
  endfacet
  facet normal 0 1 0
    outer loop
      vertex 4.18538 11.75 63.9371
      vertex 4.17917 11.75 63.9785
      vertex 4.18331 11.75 63.9578
    endloop
  endfacet
  facet normal 0 1 0
    outer loop
      vertex 4.17917 11.75 63.9785
      vertex 4.18538 11.75 63.9371
      vertex 1.53351 11.75 63.757
    endloop
  endfacet
  facet normal 0 1 0
    outer loop
      vertex 1.53972 11.75 63.6245
      vertex 4.18538 11.75 63.9371
      vertex 4.18952 11.75 63.9164
    endloop
  endfacet
  facet normal 0 1 0
    outer loop
      vertex 4.16261 11.75 64.1152
      vertex 1.52937 11.75 63.8916
      vertex 1.52523 11.75 64.0303
    endloop
  endfacet
  facet normal 0 1 0
    outer loop
      vertex 1.54593 11.75 63.4941
      vertex 4.18952 11.75 63.9164
      vertex 4.1978 11.75 63.8792
    endloop
  endfacet
  facet normal 0 1 0
    outer loop
      vertex 1.54593 11.75 63.4941
      vertex 4.1978 11.75 63.8792
      vertex 4.20608 11.75 63.8461
    endloop
  endfacet
  facet normal 0 1 0
    outer loop
      vertex 4.21643 11.75 63.8129
      vertex 4.20608 11.75 63.8461
      vertex 4.21229 11.75 63.8295
    endloop
  endfacet
  facet normal 0 1 0
    outer loop
      vertex 4.20608 11.75 63.8461
      vertex 4.21643 11.75 63.8129
      vertex 1.55421 11.75 63.3678
    endloop
  endfacet
  facet normal 0 1 0
    outer loop
      vertex 1.56249 11.75 63.2436
      vertex 4.21643 11.75 63.8129
      vertex 4.22885 11.75 63.7798
    endloop
  endfacet
  facet normal 0 1 0
    outer loop
      vertex 4.24335 11.75 63.7488
      vertex 4.22885 11.75 63.7798
      vertex 4.23713 11.75 63.7632
    endloop
  endfacet
  facet normal 0 1 0
    outer loop
      vertex 4.17296 11.75 64.022
      vertex 1.53351 11.75 63.757
      vertex 1.52937 11.75 63.8916
    endloop
  endfacet
  facet normal 0 1 0
    outer loop
      vertex 4.22885 11.75 63.7798
      vertex 4.24335 11.75 63.7488
      vertex 1.56249 11.75 63.2436
    endloop
  endfacet
  facet normal 0 1 0
    outer loop
      vertex 1.56249 11.75 63.2436
      vertex 4.24335 11.75 63.7488
      vertex 4.26819 11.75 63.7053
    endloop
  endfacet
  facet normal 0 1 0
    outer loop
      vertex 4.28682 11.75 63.6763
      vertex 4.26819 11.75 63.7053
      vertex 4.27854 11.75 63.6908
    endloop
  endfacet
  facet normal 0 1 0
    outer loop
      vertex 4.26819 11.75 63.7053
      vertex 4.28682 11.75 63.6763
      vertex 1.56249 11.75 63.2436
    endloop
  endfacet
  facet normal 0 1 0
    outer loop
      vertex 1.56249 11.75 63.2436
      vertex 4.28682 11.75 63.6763
      vertex 4.29717 11.75 63.6618
    endloop
  endfacet
  facet normal 0 1 0
    outer loop
      vertex 1.56249 11.75 63.2436
      vertex 4.29717 11.75 63.6618
      vertex 4.30752 11.75 63.6494
    endloop
  endfacet
  facet normal 0 1 0
    outer loop
      vertex 4.33029 11.75 63.6225
      vertex 4.30752 11.75 63.6494
      vertex 4.31994 11.75 63.637
    endloop
  endfacet
  facet normal 0 1 0
    outer loop
      vertex 4.18538 11.75 63.9371
      vertex 1.53972 11.75 63.6245
      vertex 1.53351 11.75 63.757
    endloop
  endfacet
  facet normal 0 1 0
    outer loop
      vertex 4.30752 11.75 63.6494
      vertex 4.33029 11.75 63.6225
      vertex 1.56249 11.75 63.2436
    endloop
  endfacet
  facet normal 0 1 0
    outer loop
      vertex 1.56249 11.75 63.2436
      vertex 4.33029 11.75 63.6225
      vertex 4.35513 11.75 63.5976
    endloop
  endfacet
  facet normal 0 1 0
    outer loop
      vertex 1.56249 11.75 63.2436
      vertex 4.35513 11.75 63.5976
      vertex 4.36755 11.75 63.5873
    endloop
  endfacet
  facet normal 0 1 0
    outer loop
      vertex 1.56249 11.75 63.2436
      vertex 4.36755 11.75 63.5873
      vertex 4.38205 11.75 63.5749
    endloop
  endfacet
  facet normal 0 1 0
    outer loop
      vertex 4.40896 11.75 63.5521
      vertex 4.38205 11.75 63.5749
      vertex 4.39654 11.75 63.5645
    endloop
  endfacet
  facet normal 0 1 0
    outer loop
      vertex 4.38205 11.75 63.5749
      vertex 4.40896 11.75 63.5521
      vertex 1.56249 11.75 63.2436
    endloop
  endfacet
  facet normal 0 1 0
    outer loop
      vertex 4.44001 11.75 63.5314
      vertex 4.40896 11.75 63.5521
      vertex 4.42552 11.75 63.5417
    endloop
  endfacet
  facet normal 0 1 0
    outer loop
      vertex 4.40896 11.75 63.5521
      vertex 4.44001 11.75 63.5314
      vertex 1.56249 11.75 63.2436
    endloop
  endfacet
  facet normal 0 1 0
    outer loop
      vertex 1.56249 11.75 63.2436
      vertex 4.44001 11.75 63.5314
      vertex 4.46899 11.75 63.5128
    endloop
  endfacet
  facet normal 0 1 0
    outer loop
      vertex 1.56249 11.75 63.2436
      vertex 4.46899 11.75 63.5128
      vertex 4.50004 11.75 63.4941
    endloop
  endfacet
  facet normal 0 1 0
    outer loop
      vertex 4.18952 11.75 63.9164
      vertex 1.54593 11.75 63.4941
      vertex 1.53972 11.75 63.6245
    endloop
  endfacet
  facet normal 0 1 0
    outer loop
      vertex 1.56249 11.75 63.2436
      vertex 4.50004 11.75 63.4941
      vertex 4.53524 11.75 63.4776
    endloop
  endfacet
  facet normal 0 1 0
    outer loop
      vertex 1.56249 11.75 63.2436
      vertex 4.53524 11.75 63.4776
      vertex 4.5725 11.75 63.461
    endloop
  endfacet
  facet normal 0 1 0
    outer loop
      vertex 1.56249 11.75 63.2436
      vertex 4.5725 11.75 63.461
      vertex 4.6139 11.75 63.4465
    endloop
  endfacet
  facet normal 0 1 0
    outer loop
      vertex 1.56249 11.75 63.2436
      vertex 4.6139 11.75 63.4465
      vertex 4.65738 11.75 63.432
    endloop
  endfacet
  facet normal 0 1 0
    outer loop
      vertex 1.56249 11.75 63.2436
      vertex 4.65738 11.75 63.432
      vertex 4.70292 11.75 63.4175
    endloop
  endfacet
  facet normal 0 1 0
    outer loop
      vertex 1.56249 11.75 63.2436
      vertex 4.70292 11.75 63.4175
      vertex 4.7526 11.75 63.4051
    endloop
  endfacet
  facet normal 0 1 0
    outer loop
      vertex 1.56249 11.75 63.2436
      vertex 4.7526 11.75 63.4051
      vertex 4.80436 11.75 63.3927
    endloop
  endfacet
  facet normal 0 1 0
    outer loop
      vertex 1.56249 11.75 63.2436
      vertex 4.80436 11.75 63.3927
      vertex 4.86025 11.75 63.3803
    endloop
  endfacet
  facet normal 0 1 0
    outer loop
      vertex 1.56249 11.75 63.2436
      vertex 4.86025 11.75 63.3803
      vertex 4.91822 11.75 63.3699
    endloop
  endfacet
  facet normal 0 1 0
    outer loop
      vertex 4.20608 11.75 63.8461
      vertex 1.55421 11.75 63.3678
      vertex 1.54593 11.75 63.4941
    endloop
  endfacet
  facet normal 0 1 0
    outer loop
      vertex 5.04243 11.75 63.3513
      vertex 4.91822 11.75 63.3699
      vertex 4.97825 11.75 63.3616
    endloop
  endfacet
  facet normal 0 1 0
    outer loop
      vertex 4.91822 11.75 63.3699
      vertex 5.04243 11.75 63.3513
      vertex 1.56249 11.75 63.2436
    endloop
  endfacet
  facet normal 0 1 0
    outer loop
      vertex 1.56249 11.75 63.2436
      vertex 5.04243 11.75 63.3513
      vertex 5.10867 11.75 63.343
    endloop
  endfacet
  facet normal 0 1 0
    outer loop
      vertex 1.56249 11.75 63.2436
      vertex 5.10867 11.75 63.343
      vertex 5.17699 11.75 63.3347
    endloop
  endfacet
  facet normal 0 1 0
    outer loop
      vertex 1.56249 11.75 63.2436
      vertex 5.17699 11.75 63.3347
      vertex 5.24944 11.75 63.3285
    endloop
  endfacet
  facet normal 0 1 0
    outer loop
      vertex 1.56249 11.75 63.2436
      vertex 5.24944 11.75 63.3285
      vertex 5.32397 11.75 63.3223
    endloop
  endfacet
  facet normal 0 1 0
    outer loop
      vertex 1.56249 11.75 63.2436
      vertex 5.32397 11.75 63.3223
      vertex 5.40263 11.75 63.3182
    endloop
  endfacet
  facet normal 0 1 0
    outer loop
      vertex 1.56249 11.75 63.2436
      vertex 5.40263 11.75 63.3182
      vertex 5.48337 11.75 63.314
    endloop
  endfacet
  facet normal 0 1 0
    outer loop
      vertex 1.56249 11.75 63.2436
      vertex 5.48337 11.75 63.314
      vertex 5.56617 11.75 63.3099
    endloop
  endfacet
  facet normal 0 1 0
    outer loop
      vertex 1.56249 11.75 63.2436
      vertex 5.56617 11.75 63.3099
      vertex 5.65312 11.75 63.3078
    endloop
  endfacet
  facet normal 0 1 0
    outer loop
      vertex 1.56249 11.75 63.2436
      vertex 5.65312 11.75 63.3078
      vertex 5.74214 11.75 63.3057
    endloop
  endfacet
  facet normal 0 1 0
    outer loop
      vertex 1.56249 11.75 63.2436
      vertex 5.74214 11.75 63.3057
      vertex 5.83529 11.75 63.3037
    endloop
  endfacet
  facet normal 0 1 0
    outer loop
      vertex 4.21643 11.75 63.8129
      vertex 1.56249 11.75 63.2436
      vertex 1.55421 11.75 63.3678
    endloop
  endfacet
  facet normal 0 1 0
    outer loop
      vertex 5.93052 11.75 63.3037
      vertex 6.40459 11.75 59.7037
      vertex 6.26589 11.75 59.7057
    endloop
  endfacet
  facet normal 0 1 0
    outer loop
      vertex 8.00068 11.75 74.0995
      vertex 7.52661 11.75 77.6995
      vertex 7.66531 11.75 77.6975
    endloop
  endfacet
  facet normal 0 1 0
    outer loop
      vertex 8.00068 11.75 74.0995
      vertex 7.243 11.75 77.7016
      vertex 7.38584 11.75 77.6995
    endloop
  endfacet
  facet normal 0 1 0
    outer loop
      vertex 7.52661 11.75 77.6995
      vertex 8.00068 11.75 74.0995
      vertex 7.38584 11.75 77.6995
    endloop
  endfacet
  facet normal 0 1 0
    outer loop
      vertex 8.00068 11.75 74.0995
      vertex 7.66531 11.75 77.6975
      vertex 7.93029 11.75 77.6933
    endloop
  endfacet
  facet normal 0 1 -0
    outer loop
      vertex 8.00068 11.75 74.0995
      vertex 7.93029 11.75 77.6933
      vertex 8.05864 11.75 77.6913
    endloop
  endfacet
  facet normal 0 1 -0
    outer loop
      vertex 8.0959 11.75 74.0995
      vertex 8.05864 11.75 77.6913
      vertex 8.18285 11.75 77.6892
    endloop
  endfacet
  facet normal 0 1 0
    outer loop
      vertex 8.0959 11.75 74.0995
      vertex 8.18285 11.75 77.6892
      vertex 8.30499 11.75 77.685
    endloop
  endfacet
  facet normal 0 1 0
    outer loop
      vertex 8.27808 11.75 74.0954
      vertex 8.30499 11.75 77.685
      vertex 8.42299 11.75 77.683
    endloop
  endfacet
  facet normal 0 1 0
    outer loop
      vertex 8.36502 11.75 74.0933
      vertex 8.42299 11.75 77.683
      vertex 8.53892 11.75 77.6788
    endloop
  endfacet
  facet normal 0 1 0
    outer loop
      vertex 8.44783 11.75 74.0892
      vertex 8.53892 11.75 77.6788
      vertex 8.65071 11.75 77.6747
    endloop
  endfacet
  facet normal 0 1 0
    outer loop
      vertex 8.52857 11.75 74.085
      vertex 8.65071 11.75 77.6747
      vertex 8.76042 11.75 77.6705
    endloop
  endfacet
  facet normal 0 1 0
    outer loop
      vertex 8.60723 11.75 74.0809
      vertex 8.76042 11.75 77.6705
      vertex 8.866 11.75 77.6643
    endloop
  endfacet
  facet normal 0 1 0
    outer loop
      vertex 8.68176 11.75 74.0747
      vertex 8.866 11.75 77.6643
      vertex 8.96951 11.75 77.6602
    endloop
  endfacet
  facet normal 0 1 0
    outer loop
      vertex 8.75421 11.75 74.0685
      vertex 8.96951 11.75 77.6602
      vertex 9.06888 11.75 77.654
    endloop
  endfacet
  facet normal 0 1 0
    outer loop
      vertex 8.82253 11.75 74.0602
      vertex 9.06888 11.75 77.654
      vertex 9.1641 11.75 77.6498
    endloop
  endfacet
  facet normal 0 1 0
    outer loop
      vertex 8.82253 11.75 74.0602
      vertex 9.1641 11.75 77.6498
      vertex 9.25933 11.75 77.6436
    endloop
  endfacet
  facet normal 0 1 0
    outer loop
      vertex 8.95295 11.75 74.0436
      vertex 9.25933 11.75 77.6436
      vertex 9.34835 11.75 77.6374
    endloop
  endfacet
  facet normal 0 1 0
    outer loop
      vertex 8.95295 11.75 74.0436
      vertex 9.34835 11.75 77.6374
      vertex 9.4353 11.75 77.6312
    endloop
  endfacet
  facet normal 0 1 0
    outer loop
      vertex 8.95295 11.75 74.0436
      vertex 9.4353 11.75 77.6312
      vertex 9.52017 11.75 77.6229
    endloop
  endfacet
  facet normal 0 1 0
    outer loop
      vertex 9.07095 11.75 74.0229
      vertex 9.52017 11.75 77.6229
      vertex 9.60091 11.75 77.6167
    endloop
  endfacet
  facet normal 0 1 0
    outer loop
      vertex 9.07095 11.75 74.0229
      vertex 9.60091 11.75 77.6167
      vertex 9.6775 11.75 77.6084
    endloop
  endfacet
  facet normal 0 1 0
    outer loop
      vertex 9.12684 11.75 74.0105
      vertex 9.6775 11.75 77.6084
      vertex 9.75203 11.75 77.6002
    endloop
  endfacet
  facet normal 0 1 0
    outer loop
      vertex 9.12684 11.75 74.0105
      vertex 9.75203 11.75 77.6002
      vertex 9.90108 11.75 77.5795
    endloop
  endfacet
  facet normal 0 1 0
    outer loop
      vertex 9.22828 11.75 73.9857
      vertex 9.90108 11.75 77.5795
      vertex 9.97147 11.75 77.5691
    endloop
  endfacet
  facet normal 0 1 0
    outer loop
      vertex 9.22828 11.75 73.9857
      vertex 9.97147 11.75 77.5691
      vertex 10.0419 11.75 77.5567
    endloop
  endfacet
  facet normal 0 1 0
    outer loop
      vertex 9.22828 11.75 73.9857
      vertex 10.0419 11.75 77.5567
      vertex 10.1122 11.75 77.5422
    endloop
  endfacet
  facet normal 0 1 0
    outer loop
      vertex 9.22828 11.75 73.9857
      vertex 10.1122 11.75 77.5422
      vertex 10.1806 11.75 77.5277
    endloop
  endfacet
  facet normal 0 1 0
    outer loop
      vertex 9.22828 11.75 73.9857
      vertex 10.1806 11.75 77.5277
      vertex 10.2489 11.75 77.5111
    endloop
  endfacet
  facet normal 0 1 0
    outer loop
      vertex 9.22828 11.75 73.9857
      vertex 10.2489 11.75 77.5111
      vertex 10.3151 11.75 77.4925
    endloop
  endfacet
  facet normal 0 1 0
    outer loop
      vertex 10.4435 11.75 77.4553
      vertex 10.3151 11.75 77.4925
      vertex 10.3793 11.75 77.476
    endloop
  endfacet
  facet normal 0 1 0
    outer loop
      vertex 10.3151 11.75 77.4925
      vertex 10.4435 11.75 77.4553
      vertex 9.27382 11.75 73.9712
    endloop
  endfacet
  facet normal 0 1 0
    outer loop
      vertex 9.3173 11.75 73.9567
      vertex 10.4435 11.75 77.4553
      vertex 10.5677 11.75 77.4138
    endloop
  endfacet
  facet normal 0 1 0
    outer loop
      vertex 9.3173 11.75 73.9567
      vertex 10.5677 11.75 77.4138
      vertex 10.6277 11.75 77.3911
    endloop
  endfacet
  facet normal 0 1 0
    outer loop
      vertex 9.3173 11.75 73.9567
      vertex 10.6277 11.75 77.3911
      vertex 10.6877 11.75 77.3662
    endloop
  endfacet
  facet normal 0 1 0
    outer loop
      vertex 9.3587 11.75 73.9422
      vertex 10.6877 11.75 77.3662
      vertex 10.7457 11.75 77.3414
    endloop
  endfacet
  facet normal 0 1 0
    outer loop
      vertex 9.3587 11.75 73.9422
      vertex 10.7457 11.75 77.3414
      vertex 10.8575 11.75 77.2876
    endloop
  endfacet
  facet normal 0 1 0
    outer loop
      vertex 10.9651 11.75 77.2296
      vertex 10.8575 11.75 77.2876
      vertex 10.9113 11.75 77.2607
    endloop
  endfacet
  facet normal 0 1 0
    outer loop
      vertex 10.8575 11.75 77.2876
      vertex 10.9651 11.75 77.2296
      vertex 9.3587 11.75 73.9422
    endloop
  endfacet
  facet normal 0 1 0
    outer loop
      vertex 11.168 11.75 77.1013
      vertex 10.9651 11.75 77.2296
      vertex 11.019 11.75 77.2006
    endloop
  endfacet
  facet normal 0 1 0
    outer loop
      vertex 10.9651 11.75 77.2296
      vertex 11.168 11.75 77.1013
      vertex 9.3587 11.75 73.9422
    endloop
  endfacet
  facet normal 0 1 0
    outer loop
      vertex 9.39596 11.75 73.9256
      vertex 11.168 11.75 77.1013
      vertex 11.2757 11.75 77.0226
    endloop
  endfacet
  facet normal 0 1 0
    outer loop
      vertex 9.39596 11.75 73.9256
      vertex 11.2757 11.75 77.0226
      vertex 11.3792 11.75 76.9356
    endloop
  endfacet
  facet normal 0 1 0
    outer loop
      vertex 9.39596 11.75 73.9256
      vertex 11.3792 11.75 76.9356
      vertex 11.4289 11.75 76.8901
    endloop
  endfacet
  facet normal 0 1 0
    outer loop
      vertex 9.39596 11.75 73.9256
      vertex 11.4289 11.75 76.8901
      vertex 11.4765 11.75 76.8425
    endloop
  endfacet
  facet normal 0 1 0
    outer loop
      vertex 9.39596 11.75 73.9256
      vertex 11.4765 11.75 76.8425
      vertex 11.522 11.75 76.7928
    endloop
  endfacet
  facet normal 0 1 0
    outer loop
      vertex 11.6545 11.75 76.6334
      vertex 11.522 11.75 76.7928
      vertex 11.6131 11.75 76.6893
    endloop
  endfacet
  facet normal 0 1 0
    outer loop
      vertex 11.522 11.75 76.7928
      vertex 11.6545 11.75 76.6334
      vertex 9.39596 11.75 73.9256
    endloop
  endfacet
  facet normal 0 1 0
    outer loop
      vertex 11.7373 11.75 76.5195
      vertex 11.6545 11.75 76.6334
      vertex 11.698 11.75 76.5775
    endloop
  endfacet
  facet normal 0 1 0
    outer loop
      vertex 11.6545 11.75 76.6334
      vertex 11.7373 11.75 76.5195
      vertex 9.43115 11.75 73.9091
    endloop
  endfacet
  facet normal 0 1 0
    outer loop
      vertex 9.43115 11.75 73.9091
      vertex 11.7373 11.75 76.5195
      vertex 11.7766 11.75 76.4595
    endloop
  endfacet
  facet normal 0 1 0
    outer loop
      vertex 9.43115 11.75 73.9091
      vertex 11.7766 11.75 76.4595
      vertex 11.8139 11.75 76.3974
    endloop
  endfacet
  facet normal 0 1 0
    outer loop
      vertex 9.43115 11.75 73.9091
      vertex 11.8139 11.75 76.3974
      vertex 11.8512 11.75 76.3332
    endloop
  endfacet
  facet normal 0 1 0
    outer loop
      vertex 9.43115 11.75 73.9091
      vertex 11.8512 11.75 76.3332
      vertex 11.8864 11.75 76.2691
    endloop
  endfacet
  facet normal 0 1 0
    outer loop
      vertex 9.43115 11.75 73.9091
      vertex 11.8864 11.75 76.2691
      vertex 11.9526 11.75 76.1324
    endloop
  endfacet
  facet normal 0 1 0
    outer loop
      vertex 9.46221 11.75 73.8904
      vertex 11.9526 11.75 76.1324
      vertex 11.9837 11.75 76.062
    endloop
  endfacet
  facet normal 0 1 0
    outer loop
      vertex 9.46221 11.75 73.8904
      vertex 11.9837 11.75 76.062
      vertex 12.0126 11.75 75.9896
    endloop
  endfacet
  facet normal 0 1 0
    outer loop
      vertex 9.46221 11.75 73.8904
      vertex 12.0126 11.75 75.9896
      vertex 12.0416 11.75 75.9151
    endloop
  endfacet
  facet normal 0 1 0
    outer loop
      vertex 9.49119 11.75 73.8718
      vertex 12.0416 11.75 75.9151
      vertex 12.0685 11.75 75.8405
    endloop
  endfacet
  facet normal 0 1 0
    outer loop
      vertex 9.52224 11.75 73.8511
      vertex 12.0685 11.75 75.8405
      vertex 12.0954 11.75 75.7619
    endloop
  endfacet
  facet normal 0 1 0
    outer loop
      vertex 9.52224 11.75 73.8511
      vertex 12.0954 11.75 75.7619
      vertex 12.1203 11.75 75.6832
    endloop
  endfacet
  facet normal 0 1 0
    outer loop
      vertex 9.52224 11.75 73.8511
      vertex 12.1203 11.75 75.6832
      vertex 12.1431 11.75 75.6025
    endloop
  endfacet
  facet normal 0 1 0
    outer loop
      vertex 9.52224 11.75 73.8511
      vertex 12.1431 11.75 75.6025
      vertex 12.1658 11.75 75.5176
    endloop
  endfacet
  facet normal 0 1 0
    outer loop
      vertex 9.54915 11.75 73.8283
      vertex 12.1658 11.75 75.5176
      vertex 12.1886 11.75 75.4306
    endloop
  endfacet
  facet normal 0 1 0
    outer loop
      vertex 9.56364 11.75 73.8159
      vertex 12.1886 11.75 75.4306
      vertex 12.2093 11.75 75.3396
    endloop
  endfacet
  facet normal 0 1 0
    outer loop
      vertex 9.56364 11.75 73.8159
      vertex 12.2093 11.75 75.3396
      vertex 12.2279 11.75 75.2464
    endloop
  endfacet
  facet normal 0 1 0
    outer loop
      vertex 9.58849 11.75 73.7931
      vertex 12.2279 11.75 75.2464
      vertex 12.2466 11.75 75.1512
    endloop
  endfacet
  facet normal 0 1 0
    outer loop
      vertex 9.60091 11.75 73.7807
      vertex 12.2466 11.75 75.1512
      vertex 12.2652 11.75 75.0518
    endloop
  endfacet
  facet normal 0 1 0
    outer loop
      vertex 9.60091 11.75 73.7807
      vertex 12.2652 11.75 75.0518
      vertex 12.2818 11.75 74.9504
    endloop
  endfacet
  facet normal 0 1 0
    outer loop
      vertex 9.63403 11.75 73.7414
      vertex 12.2818 11.75 74.9504
      vertex 12.2962 11.75 74.8469
    endloop
  endfacet
  facet normal 0 1 0
    outer loop
      vertex 9.63403 11.75 73.7414
      vertex 12.2962 11.75 74.8469
      vertex 12.3107 11.75 74.7392
    endloop
  endfacet
  facet normal 0 1 0
    outer loop
      vertex 9.64438 11.75 73.7269
      vertex 12.3107 11.75 74.7392
      vertex 12.3252 11.75 74.6295
    endloop
  endfacet
  facet normal 0 1 0
    outer loop
      vertex 9.66301 11.75 73.6979
      vertex 12.3252 11.75 74.6295
      vertex 12.3377 11.75 74.5156
    endloop
  endfacet
  facet normal 0 1 0
    outer loop
      vertex 9.68785 11.75 73.6544
      vertex 12.3377 11.75 74.5156
      vertex 12.3501 11.75 74.3997
    endloop
  endfacet
  facet normal 0 1 0
    outer loop
      vertex 9.68785 11.75 73.6544
      vertex 12.3501 11.75 74.3997
      vertex 12.3604 11.75 74.2817
    endloop
  endfacet
  facet normal 0 1 0
    outer loop
      vertex 9.70234 11.75 73.6234
      vertex 12.3604 11.75 74.2817
      vertex 12.3687 11.75 74.1596
    endloop
  endfacet
  facet normal 0 1 0
    outer loop
      vertex 9.90108 11.75 77.5795
      vertex 9.22828 11.75 73.9857
      vertex 9.1786 11.75 73.9981
    endloop
  endfacet
  facet normal 0 1 0
    outer loop
      vertex 7.243 11.75 77.7016
      vertex 8.00068 11.75 74.0995
      vertex 6.11684 11.75 77.7016
    endloop
  endfacet
  facet normal 0 1 0
    outer loop
      vertex 6.11684 11.75 72.6504
      vertex 8.00068 11.75 74.0995
      vertex 8.00068 11.75 72.6504
    endloop
  endfacet
  facet normal 0 1 0
    outer loop
      vertex 8.00068 11.75 74.0995
      vertex 6.11684 11.75 72.6504
      vertex 6.11684 11.75 77.7016
    endloop
  endfacet
  facet normal 0 1 0
    outer loop
      vertex 8.05864 11.75 77.6913
      vertex 8.0959 11.75 74.0995
      vertex 8.00068 11.75 74.0995
    endloop
  endfacet
  facet normal 0 1 0
    outer loop
      vertex 8.30499 11.75 77.685
      vertex 8.18906 11.75 74.0975
      vertex 8.0959 11.75 74.0995
    endloop
  endfacet
  facet normal 0 1 0
    outer loop
      vertex 8.30499 11.75 77.685
      vertex 8.27808 11.75 74.0954
      vertex 8.18906 11.75 74.0975
    endloop
  endfacet
  facet normal 0 1 0
    outer loop
      vertex 8.42299 11.75 77.683
      vertex 8.36502 11.75 74.0933
      vertex 8.27808 11.75 74.0954
    endloop
  endfacet
  facet normal 0 1 0
    outer loop
      vertex 8.53892 11.75 77.6788
      vertex 8.44783 11.75 74.0892
      vertex 8.36502 11.75 74.0933
    endloop
  endfacet
  facet normal 0 1 0
    outer loop
      vertex 8.65071 11.75 77.6747
      vertex 8.52857 11.75 74.085
      vertex 8.44783 11.75 74.0892
    endloop
  endfacet
  facet normal 0 1 0
    outer loop
      vertex 8.76042 11.75 77.6705
      vertex 8.60723 11.75 74.0809
      vertex 8.52857 11.75 74.085
    endloop
  endfacet
  facet normal 0 1 0
    outer loop
      vertex 8.866 11.75 77.6643
      vertex 8.68176 11.75 74.0747
      vertex 8.60723 11.75 74.0809
    endloop
  endfacet
  facet normal 0 1 0
    outer loop
      vertex 8.96951 11.75 77.6602
      vertex 8.75421 11.75 74.0685
      vertex 8.68176 11.75 74.0747
    endloop
  endfacet
  facet normal 0 1 0
    outer loop
      vertex 9.06888 11.75 77.654
      vertex 8.82253 11.75 74.0602
      vertex 8.75421 11.75 74.0685
    endloop
  endfacet
  facet normal 0 1 0
    outer loop
      vertex 9.25933 11.75 77.6436
      vertex 8.88877 11.75 74.0519
      vertex 8.82253 11.75 74.0602
    endloop
  endfacet
  facet normal 0 1 0
    outer loop
      vertex 9.71477 11.75 73.5903
      vertex 12.3687 11.75 74.1596
      vertex 12.377 11.75 74.0354
    endloop
  endfacet
  facet normal 0 1 0
    outer loop
      vertex 9.25933 11.75 77.6436
      vertex 8.95295 11.75 74.0436
      vertex 8.88877 11.75 74.0519
    endloop
  endfacet
  facet normal 0 1 0
    outer loop
      vertex 9.52017 11.75 77.6229
      vertex 9.01298 11.75 74.0333
      vertex 8.95295 11.75 74.0436
    endloop
  endfacet
  facet normal 0 1 0
    outer loop
      vertex 9.52017 11.75 77.6229
      vertex 9.07095 11.75 74.0229
      vertex 9.01298 11.75 74.0333
    endloop
  endfacet
  facet normal 0 1 0
    outer loop
      vertex 9.6775 11.75 77.6084
      vertex 9.12684 11.75 74.0105
      vertex 9.07095 11.75 74.0229
    endloop
  endfacet
  facet normal 0 1 0
    outer loop
      vertex 9.90108 11.75 77.5795
      vertex 9.1786 11.75 73.9981
      vertex 9.12684 11.75 74.0105
    endloop
  endfacet
  facet normal 0 1 0
    outer loop
      vertex 10.3151 11.75 77.4925
      vertex 9.27382 11.75 73.9712
      vertex 9.22828 11.75 73.9857
    endloop
  endfacet
  facet normal 0 1 0
    outer loop
      vertex 10.4435 11.75 77.4553
      vertex 9.3173 11.75 73.9567
      vertex 9.27382 11.75 73.9712
    endloop
  endfacet
  facet normal 0 1 0
    outer loop
      vertex 10.6877 11.75 77.3662
      vertex 9.3587 11.75 73.9422
      vertex 9.3173 11.75 73.9567
    endloop
  endfacet
  facet normal 0 1 0
    outer loop
      vertex 11.168 11.75 77.1013
      vertex 9.39596 11.75 73.9256
      vertex 9.3587 11.75 73.9422
    endloop
  endfacet
  facet normal 0 1 0
    outer loop
      vertex 9.72512 11.75 73.5572
      vertex 12.377 11.75 74.0354
      vertex 12.3853 11.75 73.9091
    endloop
  endfacet
  facet normal 0 1 0
    outer loop
      vertex 11.6545 11.75 76.6334
      vertex 9.43115 11.75 73.9091
      vertex 9.39596 11.75 73.9256
    endloop
  endfacet
  facet normal 0 1 0
    outer loop
      vertex 11.9526 11.75 76.1324
      vertex 9.46221 11.75 73.8904
      vertex 9.43115 11.75 73.9091
    endloop
  endfacet
  facet normal 0 1 0
    outer loop
      vertex 12.0416 11.75 75.9151
      vertex 9.49119 11.75 73.8718
      vertex 9.46221 11.75 73.8904
    endloop
  endfacet
  facet normal 0 1 0
    outer loop
      vertex 12.0685 11.75 75.8405
      vertex 9.52224 11.75 73.8511
      vertex 9.49119 11.75 73.8718
    endloop
  endfacet
  facet normal 0 1 0
    outer loop
      vertex 9.49119 11.75 73.8718
      vertex 9.52224 11.75 73.8511
      vertex 9.50568 11.75 73.8615
    endloop
  endfacet
  facet normal 0 1 0
    outer loop
      vertex 12.1658 11.75 75.5176
      vertex 9.54915 11.75 73.8283
      vertex 9.52224 11.75 73.8511
    endloop
  endfacet
  facet normal 0 1 0
    outer loop
      vertex 9.52224 11.75 73.8511
      vertex 9.54915 11.75 73.8283
      vertex 9.53466 11.75 73.8387
    endloop
  endfacet
  facet normal 0 1 0
    outer loop
      vertex 12.1886 11.75 75.4306
      vertex 9.56364 11.75 73.8159
      vertex 9.54915 11.75 73.8283
    endloop
  endfacet
  facet normal 0 1 0
    outer loop
      vertex 12.2279 11.75 75.2464
      vertex 9.58849 11.75 73.7931
      vertex 9.56364 11.75 73.8159
    endloop
  endfacet
  facet normal 0 1 0
    outer loop
      vertex 9.56364 11.75 73.8159
      vertex 9.58849 11.75 73.7931
      vertex 9.57607 11.75 73.8035
    endloop
  endfacet
  facet normal 0 1 0
    outer loop
      vertex 12.2466 11.75 75.1512
      vertex 9.60091 11.75 73.7807
      vertex 9.58849 11.75 73.7931
    endloop
  endfacet
  facet normal 0 1 0
    outer loop
      vertex 9.74168 11.75 73.4868
      vertex 12.3853 11.75 73.9091
      vertex 12.3915 11.75 73.7787
    endloop
  endfacet
  facet normal 0 1 0
    outer loop
      vertex 12.2818 11.75 74.9504
      vertex 9.62368 11.75 73.7538
      vertex 9.60091 11.75 73.7807
    endloop
  endfacet
  facet normal 0 1 0
    outer loop
      vertex 9.60091 11.75 73.7807
      vertex 9.62368 11.75 73.7538
      vertex 9.61126 11.75 73.7662
    endloop
  endfacet
  facet normal 0 1 0
    outer loop
      vertex 12.2818 11.75 74.9504
      vertex 9.63403 11.75 73.7414
      vertex 9.62368 11.75 73.7538
    endloop
  endfacet
  facet normal 0 1 0
    outer loop
      vertex 12.3107 11.75 74.7392
      vertex 9.64438 11.75 73.7269
      vertex 9.63403 11.75 73.7414
    endloop
  endfacet
  facet normal 0 1 0
    outer loop
      vertex 12.3252 11.75 74.6295
      vertex 9.66301 11.75 73.6979
      vertex 9.64438 11.75 73.7269
    endloop
  endfacet
  facet normal 0 1 0
    outer loop
      vertex 9.64438 11.75 73.7269
      vertex 9.66301 11.75 73.6979
      vertex 9.65266 11.75 73.7124
    endloop
  endfacet
  facet normal 0 1 0
    outer loop
      vertex 12.3377 11.75 74.5156
      vertex 9.68785 11.75 73.6544
      vertex 9.66301 11.75 73.6979
    endloop
  endfacet
  facet normal 0 1 0
    outer loop
      vertex 9.74582 11.75 73.4661
      vertex 12.3915 11.75 73.7787
      vertex 12.3977 11.75 73.6462
    endloop
  endfacet
  facet normal 0 1 0
    outer loop
      vertex 12.3604 11.75 74.2817
      vertex 9.70234 11.75 73.6234
      vertex 9.68785 11.75 73.6544
    endloop
  endfacet
  facet normal 0 1 0
    outer loop
      vertex 9.68785 11.75 73.6544
      vertex 9.70234 11.75 73.6234
      vertex 9.69406 11.75 73.6379
    endloop
  endfacet
  facet normal 0 1 0
    outer loop
      vertex 12.3687 11.75 74.1596
      vertex 9.71477 11.75 73.5903
      vertex 9.70234 11.75 73.6234
    endloop
  endfacet
  facet normal 0 1 0
    outer loop
      vertex 12.377 11.75 74.0354
      vertex 9.72512 11.75 73.5572
      vertex 9.71477 11.75 73.5903
    endloop
  endfacet
  facet normal 0 1 0
    outer loop
      vertex 9.71477 11.75 73.5903
      vertex 9.72512 11.75 73.5572
      vertex 9.71891 11.75 73.5737
    endloop
  endfacet
  facet normal 0 1 0
    outer loop
      vertex 12.3853 11.75 73.9091
      vertex 9.7334 11.75 73.524
      vertex 9.72512 11.75 73.5572
    endloop
  endfacet
  facet normal 0 1 0
    outer loop
      vertex 9.75824 11.75 73.3812
      vertex 12.3977 11.75 73.6462
      vertex 12.4018 11.75 73.5116
    endloop
  endfacet
  facet normal 0 1 0
    outer loop
      vertex 12.3853 11.75 73.9091
      vertex 9.74168 11.75 73.4868
      vertex 9.7334 11.75 73.524
    endloop
  endfacet
  facet normal 0 1 0
    outer loop
      vertex 12.3915 11.75 73.7787
      vertex 9.74582 11.75 73.4661
      vertex 9.74168 11.75 73.4868
    endloop
  endfacet
  facet normal 0 1 0
    outer loop
      vertex 12.3977 11.75 73.6462
      vertex 9.75203 11.75 73.4247
      vertex 9.74582 11.75 73.4661
    endloop
  endfacet
  facet normal 0 1 0
    outer loop
      vertex 9.74582 11.75 73.4661
      vertex 9.75203 11.75 73.4247
      vertex 9.74789 11.75 73.4454
    endloop
  endfacet
  facet normal 0 1 0
    outer loop
      vertex 12.3977 11.75 73.6462
      vertex 9.75824 11.75 73.3812
      vertex 9.75203 11.75 73.4247
    endloop
  endfacet
  facet normal 0 1 0
    outer loop
      vertex 9.75203 11.75 73.4247
      vertex 9.75824 11.75 73.3812
      vertex 9.7541 11.75 73.404
    endloop
  endfacet
  facet normal 0 1 0
    outer loop
      vertex 9.76652 11.75 73.3108
      vertex 12.4018 11.75 73.5116
      vertex 12.406 11.75 73.3729
    endloop
  endfacet
  facet normal 0 1 0
    outer loop
      vertex 12.4018 11.75 73.5116
      vertex 9.76652 11.75 73.3108
      vertex 9.75824 11.75 73.3812
    endloop
  endfacet
  facet normal 0 1 0
    outer loop
      vertex 9.75824 11.75 73.3812
      vertex 9.76652 11.75 73.3108
      vertex 9.76238 11.75 73.3356
    endloop
  endfacet
  facet normal 0 1 0
    outer loop
      vertex 12.406 11.75 73.3729
      vertex 9.77273 11.75 73.2363
      vertex 9.76652 11.75 73.3108
    endloop
  endfacet
  facet normal 0 1 0
    outer loop
      vertex 12.408 11.75 73.2321
      vertex 9.77273 11.75 73.2363
      vertex 12.406 11.75 73.3729
    endloop
  endfacet
  facet normal 0 1 -0
    outer loop
      vertex 9.7748 11.75 73.1824
      vertex 9.77273 11.75 73.2363
      vertex 12.408 11.75 73.2321
    endloop
  endfacet
  facet normal 0 1 0
    outer loop
      vertex 9.77273 11.75 73.2363
      vertex 9.7748 11.75 73.1824
      vertex 9.77273 11.75 73.2094
    endloop
  endfacet
  facet normal 0 1 0
    outer loop
      vertex 12.408 11.75 73.2321
      vertex 9.77687 11.75 73.1535
      vertex 9.7748 11.75 73.1824
    endloop
  endfacet
  facet normal 0 1 -0
    outer loop
      vertex 9.77894 11.75 73.0955
      vertex 9.77687 11.75 73.1535
      vertex 12.408 11.75 73.2321
    endloop
  endfacet
  facet normal 0 1 0
    outer loop
      vertex 9.77687 11.75 73.1535
      vertex 9.77894 11.75 73.0955
      vertex 9.77687 11.75 73.1245
    endloop
  endfacet
  facet normal 0 1 0
    outer loop
      vertex 12.4101 11.75 73.0872
      vertex 9.77894 11.75 73.0955
      vertex 12.408 11.75 73.2321
    endloop
  endfacet
  facet normal 0 1 -0
    outer loop
      vertex 9.78101 11.75 73.0355
      vertex 9.77894 11.75 73.0955
      vertex 12.4101 11.75 73.0872
    endloop
  endfacet
  facet normal 0 1 0
    outer loop
      vertex 9.77894 11.75 73.0955
      vertex 9.78101 11.75 73.0355
      vertex 9.77894 11.75 73.0665
    endloop
  endfacet
  facet normal 0 1 -0
    outer loop
      vertex 12.4101 11.75 72.6504
      vertex 9.78101 11.75 73.0355
      vertex 12.4101 11.75 73.0872
    endloop
  endfacet
  facet normal 0 1 0
    outer loop
      vertex 9.78101 11.75 73.0355
      vertex 12.4101 11.75 72.6504
      vertex 9.78101 11.75 72.6504
    endloop
  endfacet
  facet normal 1 -0 0
    outer loop
      vertex 12.408 10.5 63.7384
      vertex 12.408 11.75 63.6639
      vertex 12.408 11.75 63.7384
    endloop
  endfacet
  facet normal 1 0 0
    outer loop
      vertex 12.408 11.75 63.6639
      vertex 12.408 10.5 63.7384
      vertex 12.408 10.5 63.6639
    endloop
  endfacet
  facet normal 0.999622 0 -0.0274879
    outer loop
      vertex 12.408 10.5 63.6639
      vertex 12.4039 11.75 63.5148
      vertex 12.408 11.75 63.6639
    endloop
  endfacet
  facet normal 0.999622 0 -0.0274879
    outer loop
      vertex 12.4039 11.75 63.5148
      vertex 12.408 10.5 63.6639
      vertex 12.4039 10.5 63.5148
    endloop
  endfacet
  facet normal 1 -0 0
    outer loop
      vertex 12.4039 10.5 63.5148
      vertex 12.4039 11.75 63.4424
      vertex 12.4039 11.75 63.5148
    endloop
  endfacet
  facet normal 1 0 0
    outer loop
      vertex 12.4039 11.75 63.4424
      vertex 12.4039 10.5 63.5148
      vertex 12.4039 10.5 63.4424
    endloop
  endfacet
  facet normal 0.999581 0 -0.0289534
    outer loop
      vertex 12.4039 10.5 63.4424
      vertex 12.4018 11.75 63.3699
      vertex 12.4039 11.75 63.4424
    endloop
  endfacet
  facet normal 0.999581 0 -0.0289534
    outer loop
      vertex 12.4018 11.75 63.3699
      vertex 12.4039 10.5 63.4424
      vertex 12.4018 10.5 63.3699
    endloop
  endfacet
  facet normal 0.999576 0 -0.029107
    outer loop
      vertex 12.4018 10.5 63.3699
      vertex 12.3977 11.75 63.2291
      vertex 12.4018 11.75 63.3699
    endloop
  endfacet
  facet normal 0.999576 0 -0.029107
    outer loop
      vertex 12.3977 11.75 63.2291
      vertex 12.4018 10.5 63.3699
      vertex 12.3977 10.5 63.2291
    endloop
  endfacet
  facet normal 0.99822 0 -0.0596376
    outer loop
      vertex 12.3977 10.5 63.2291
      vertex 12.3935 11.75 63.1588
      vertex 12.3977 11.75 63.2291
    endloop
  endfacet
  facet normal 0.99822 0 -0.0596376
    outer loop
      vertex 12.3935 11.75 63.1588
      vertex 12.3977 10.5 63.2291
      vertex 12.3935 10.5 63.1588
    endloop
  endfacet
  facet normal 0.999551 0 -0.0299792
    outer loop
      vertex 12.3935 10.5 63.1588
      vertex 12.3894 11.75 63.0221
      vertex 12.3935 11.75 63.1588
    endloop
  endfacet
  facet normal 0.999551 0 -0.0299792
    outer loop
      vertex 12.3894 11.75 63.0221
      vertex 12.3935 10.5 63.1588
      vertex 12.3894 10.5 63.0221
    endloop
  endfacet
  facet normal 0.998088 0 -0.0618151
    outer loop
      vertex 12.3894 10.5 63.0221
      vertex 12.3853 11.75 62.9559
      vertex 12.3894 11.75 63.0221
    endloop
  endfacet
  facet normal 0.998088 0 -0.0618151
    outer loop
      vertex 12.3853 11.75 62.9559
      vertex 12.3894 10.5 63.0221
      vertex 12.3853 10.5 62.9559
    endloop
  endfacet
  facet normal 0.999499 0 -0.0316583
    outer loop
      vertex 12.3853 10.5 62.9559
      vertex 12.3832 11.75 62.8896
      vertex 12.3853 11.75 62.9559
    endloop
  endfacet
  facet normal 0.999499 0 -0.0316583
    outer loop
      vertex 12.3832 11.75 62.8896
      vertex 12.3853 10.5 62.9559
      vertex 12.3832 10.5 62.8896
    endloop
  endfacet
  facet normal 0.997932 0 -0.0642824
    outer loop
      vertex 12.3832 10.5 62.8896
      vertex 12.3708 11.75 62.6971
      vertex 12.3832 11.75 62.8896
    endloop
  endfacet
  facet normal 0.997932 0 -0.0642824
    outer loop
      vertex 12.3708 11.75 62.6971
      vertex 12.3832 10.5 62.8896
      vertex 12.3708 10.5 62.6971
    endloop
  endfacet
  facet normal 0.997774 0 -0.066679
    outer loop
      vertex 12.3708 10.5 62.6971
      vertex 12.3625 11.75 62.5729
      vertex 12.3708 11.75 62.6971
    endloop
  endfacet
  facet normal 0.997774 0 -0.066679
    outer loop
      vertex 12.3625 11.75 62.5729
      vertex 12.3708 10.5 62.6971
      vertex 12.3625 10.5 62.5729
    endloop
  endfacet
  facet normal 0.997673 0 -0.0681744
    outer loop
      vertex 12.3625 10.5 62.5729
      vertex 12.3584 11.75 62.5129
      vertex 12.3625 11.75 62.5729
    endloop
  endfacet
  facet normal 0.997673 0 -0.0681744
    outer loop
      vertex 12.3584 11.75 62.5129
      vertex 12.3625 10.5 62.5729
      vertex 12.3584 10.5 62.5129
    endloop
  endfacet
  facet normal 0.994551 0 -0.104254
    outer loop
      vertex 12.3584 10.5 62.5129
      vertex 12.3521 11.75 62.4528
      vertex 12.3584 11.75 62.5129
    endloop
  endfacet
  facet normal 0.994551 0 -0.104254
    outer loop
      vertex 12.3521 11.75 62.4528
      vertex 12.3584 10.5 62.5129
      vertex 12.3521 10.5 62.4528
    endloop
  endfacet
  facet normal 0.997673 0 -0.0681744
    outer loop
      vertex 12.3521 10.5 62.4528
      vertex 12.348 11.75 62.3928
      vertex 12.3521 11.75 62.4528
    endloop
  endfacet
  facet normal 0.997673 0 -0.0681744
    outer loop
      vertex 12.348 11.75 62.3928
      vertex 12.3521 10.5 62.4528
      vertex 12.348 10.5 62.3928
    endloop
  endfacet
  facet normal 0.99867 0 -0.051555
    outer loop
      vertex 12.348 10.5 62.3928
      vertex 12.3418 11.75 62.2727
      vertex 12.348 11.75 62.3928
    endloop
  endfacet
  facet normal 0.99867 0 -0.051555
    outer loop
      vertex 12.3418 11.75 62.2727
      vertex 12.348 10.5 62.3928
      vertex 12.3418 10.5 62.2727
    endloop
  endfacet
  facet normal 0.997535 0 -0.0701656
    outer loop
      vertex 12.3418 10.5 62.2727
      vertex 12.3335 11.75 62.1547
      vertex 12.3418 11.75 62.2727
    endloop
  endfacet
  facet normal 0.997535 0 -0.0701656
    outer loop
      vertex 12.3335 11.75 62.1547
      vertex 12.3418 10.5 62.2727
      vertex 12.3335 10.5 62.1547
    endloop
  endfacet
  facet normal 0.997351 0 -0.0727418
    outer loop
      vertex 12.3335 10.5 62.1547
      vertex 12.3252 11.75 62.0409
      vertex 12.3335 11.75 62.1547
    endloop
  endfacet
  facet normal 0.997351 0 -0.0727418
    outer loop
      vertex 12.3252 11.75 62.0409
      vertex 12.3335 10.5 62.1547
      vertex 12.3252 10.5 62.0409
    endloop
  endfacet
  facet normal 0.995936 0 -0.0900627
    outer loop
      vertex 12.3252 10.5 62.0409
      vertex 12.3149 11.75 61.927
      vertex 12.3252 11.75 62.0409
    endloop
  endfacet
  facet normal 0.995936 0 -0.0900627
    outer loop
      vertex 12.3149 11.75 61.927
      vertex 12.3252 10.5 62.0409
      vertex 12.3149 10.5 61.927
    endloop
  endfacet
  facet normal 0.997256 0 -0.074036
    outer loop
      vertex 12.3149 10.5 61.927
      vertex 12.3066 11.75 61.8152
      vertex 12.3149 11.75 61.927
    endloop
  endfacet
  facet normal 0.997256 0 -0.074036
    outer loop
      vertex 12.3066 11.75 61.8152
      vertex 12.3149 10.5 61.927
      vertex 12.3066 10.5 61.8152
    endloop
  endfacet
  facet normal 0.99541 0 -0.0957036
    outer loop
      vertex 12.3066 10.5 61.8152
      vertex 12.2859 11.75 61.5999
      vertex 12.3066 11.75 61.8152
    endloop
  endfacet
  facet normal 0.99541 0 -0.0957036
    outer loop
      vertex 12.2859 11.75 61.5999
      vertex 12.3066 10.5 61.8152
      vertex 12.2859 10.5 61.5999
    endloop
  endfacet
  facet normal 0.9929 0 -0.118956
    outer loop
      vertex 12.2859 10.5 61.5999
      vertex 12.2735 11.75 61.4964
      vertex 12.2859 11.75 61.5999
    endloop
  endfacet
  facet normal 0.9929 0 -0.118956
    outer loop
      vertex 12.2735 11.75 61.4964
      vertex 12.2859 10.5 61.5999
      vertex 12.2735 10.5 61.4964
    endloop
  endfacet
  facet normal 0.994989 0 -0.0999796
    outer loop
      vertex 12.2735 10.5 61.4964
      vertex 12.2631 11.75 61.3929
      vertex 12.2735 11.75 61.4964
    endloop
  endfacet
  facet normal 0.994989 0 -0.0999796
    outer loop
      vertex 12.2631 11.75 61.3929
      vertex 12.2735 10.5 61.4964
      vertex 12.2631 10.5 61.3929
    endloop
  endfacet
  facet normal 0.992301 0 -0.12385
    outer loop
      vertex 12.2631 10.5 61.3929
      vertex 12.2383 11.75 61.1942
      vertex 12.2631 11.75 61.3929
    endloop
  endfacet
  facet normal 0.992301 0 -0.12385
    outer loop
      vertex 12.2383 11.75 61.1942
      vertex 12.2631 10.5 61.3929
      vertex 12.2383 10.5 61.1942
    endloop
  endfacet
  facet normal 0.988599 0 -0.150574
    outer loop
      vertex 12.2383 10.5 61.1942
      vertex 12.2238 11.75 61.099
      vertex 12.2383 11.75 61.1942
    endloop
  endfacet
  facet normal 0.988599 0 -0.150574
    outer loop
      vertex 12.2238 11.75 61.099
      vertex 12.2383 10.5 61.1942
      vertex 12.2238 10.5 61.099
    endloop
  endfacet
  facet normal 0.988113 0 -0.15373
    outer loop
      vertex 12.2238 10.5 61.099
      vertex 12.1948 11.75 60.9126
      vertex 12.2238 11.75 61.099
    endloop
  endfacet
  facet normal 0.988113 0 -0.15373
    outer loop
      vertex 12.1948 11.75 60.9126
      vertex 12.2238 10.5 61.099
      vertex 12.1948 10.5 60.9126
    endloop
  endfacet
  facet normal 0.986987 0 -0.160801
    outer loop
      vertex 12.1948 10.5 60.9126
      vertex 12.1803 11.75 60.8236
      vertex 12.1948 11.75 60.9126
    endloop
  endfacet
  facet normal 0.986987 0 -0.160801
    outer loop
      vertex 12.1803 11.75 60.8236
      vertex 12.1948 10.5 60.9126
      vertex 12.1803 10.5 60.8236
    endloop
  endfacet
  facet normal 0.982447 0 -0.186541
    outer loop
      vertex 12.1803 10.5 60.8236
      vertex 12.1638 11.75 60.7367
      vertex 12.1803 11.75 60.8236
    endloop
  endfacet
  facet normal 0.982447 0 -0.186541
    outer loop
      vertex 12.1638 11.75 60.7367
      vertex 12.1803 10.5 60.8236
      vertex 12.1638 10.5 60.7367
    endloop
  endfacet
  facet normal 0.981416 0 -0.191891
    outer loop
      vertex 12.1638 10.5 60.7367
      vertex 12.1472 11.75 60.6518
      vertex 12.1638 11.75 60.7367
    endloop
  endfacet
  facet normal 0.981416 0 -0.191891
    outer loop
      vertex 12.1472 11.75 60.6518
      vertex 12.1638 10.5 60.7367
      vertex 12.1472 10.5 60.6518
    endloop
  endfacet
  facet normal 0.980489 0 -0.196572
    outer loop
      vertex 12.1472 10.5 60.6518
      vertex 12.1306 11.75 60.569
      vertex 12.1472 11.75 60.6518
    endloop
  endfacet
  facet normal 0.980489 0 -0.196572
    outer loop
      vertex 12.1306 11.75 60.569
      vertex 12.1472 10.5 60.6518
      vertex 12.1306 10.5 60.569
    endloop
  endfacet
  facet normal 0.979731 0 -0.200317
    outer loop
      vertex 12.1306 10.5 60.569
      vertex 12.1141 11.75 60.4883
      vertex 12.1306 11.75 60.569
    endloop
  endfacet
  facet normal 0.979731 0 -0.200317
    outer loop
      vertex 12.1141 11.75 60.4883
      vertex 12.1306 10.5 60.569
      vertex 12.1141 10.5 60.4883
    endloop
  endfacet
  facet normal 0.972912 0 -0.231175
    outer loop
      vertex 12.1141 10.5 60.4883
      vertex 12.0954 11.75 60.4096
      vertex 12.1141 11.75 60.4883
    endloop
  endfacet
  facet normal 0.972912 0 -0.231175
    outer loop
      vertex 12.0954 11.75 60.4096
      vertex 12.1141 10.5 60.4883
      vertex 12.0954 10.5 60.4096
    endloop
  endfacet
  facet normal 0.971762 0 -0.235963
    outer loop
      vertex 12.0954 10.5 60.4096
      vertex 12.0768 11.75 60.333
      vertex 12.0954 11.75 60.4096
    endloop
  endfacet
  facet normal 0.971762 0 -0.235963
    outer loop
      vertex 12.0768 11.75 60.333
      vertex 12.0954 10.5 60.4096
      vertex 12.0768 10.5 60.333
    endloop
  endfacet
  facet normal 0.963499 0 -0.267711
    outer loop
      vertex 12.0768 10.5 60.333
      vertex 12.0561 11.75 60.2585
      vertex 12.0768 11.75 60.333
    endloop
  endfacet
  facet normal 0.963499 0 -0.267711
    outer loop
      vertex 12.0561 11.75 60.2585
      vertex 12.0768 10.5 60.333
      vertex 12.0561 10.5 60.2585
    endloop
  endfacet
  facet normal 0.968631 0 -0.248504
    outer loop
      vertex 12.0561 10.5 60.2585
      vertex 12.0375 11.75 60.186
      vertex 12.0561 11.75 60.2585
    endloop
  endfacet
  facet normal 0.968631 0 -0.248504
    outer loop
      vertex 12.0375 11.75 60.186
      vertex 12.0561 10.5 60.2585
      vertex 12.0375 10.5 60.186
    endloop
  endfacet
  facet normal 0.959387 0 -0.282093
    outer loop
      vertex 12.0375 10.5 60.186
      vertex 12.0168 11.75 60.1156
      vertex 12.0375 11.75 60.186
    endloop
  endfacet
  facet normal 0.959387 0 -0.282093
    outer loop
      vertex 12.0168 11.75 60.1156
      vertex 12.0375 10.5 60.186
      vertex 12.0168 10.5 60.1156
    endloop
  endfacet
  facet normal 0 0 -1
    outer loop
      vertex 9.34628 10.5 60.1156
      vertex 12.0168 11.75 60.1156
      vertex 12.0168 10.5 60.1156
    endloop
  endfacet
  facet normal -0 0 -1
    outer loop
      vertex 12.0168 11.75 60.1156
      vertex 9.34628 10.5 60.1156
      vertex 9.34628 11.75 60.1156
    endloop
  endfacet
  facet normal -0.996939 0 0.0781839
    outer loop
      vertex 9.34628 10.5 60.1156
      vertex 9.42908 11.75 61.1714
      vertex 9.34628 11.75 60.1156
    endloop
  endfacet
  facet normal -0.996939 0 0.0781839
    outer loop
      vertex 9.42908 11.75 61.1714
      vertex 9.34628 10.5 60.1156
      vertex 9.42908 10.5 61.1714
    endloop
  endfacet
  facet normal -0.996821 0 0.0796687
    outer loop
      vertex 9.42908 10.5 61.1714
      vertex 9.43322 11.75 61.2232
      vertex 9.42908 11.75 61.1714
    endloop
  endfacet
  facet normal -0.996821 0 0.0796687
    outer loop
      vertex 9.43322 11.75 61.2232
      vertex 9.42908 10.5 61.1714
      vertex 9.43322 10.5 61.2232
    endloop
  endfacet
  facet normal -0.993383 0 0.114848
    outer loop
      vertex 9.43322 10.5 61.2232
      vertex 9.43944 11.75 61.277
      vertex 9.43322 11.75 61.2232
    endloop
  endfacet
  facet normal -0.993383 0 0.114848
    outer loop
      vertex 9.43944 11.75 61.277
      vertex 9.43322 10.5 61.2232
      vertex 9.43944 10.5 61.277
    endloop
  endfacet
  facet normal -0.997269 0 0.0738585
    outer loop
      vertex 9.43944 10.5 61.277
      vertex 9.44358 11.75 61.3329
      vertex 9.43944 11.75 61.277
    endloop
  endfacet
  facet normal -0.997269 0 0.0738585
    outer loop
      vertex 9.44358 11.75 61.3329
      vertex 9.43944 10.5 61.277
      vertex 9.44358 10.5 61.3329
    endloop
  endfacet
  facet normal -0.997453 0 0.0713205
    outer loop
      vertex 9.44358 10.5 61.3329
      vertex 9.44772 11.75 61.3908
      vertex 9.44358 11.75 61.3329
    endloop
  endfacet
  facet normal -0.997453 0 0.0713205
    outer loop
      vertex 9.44772 11.75 61.3908
      vertex 9.44358 10.5 61.3329
      vertex 9.44772 10.5 61.3908
    endloop
  endfacet
  facet normal -0.997792 0 0.0664125
    outer loop
      vertex 9.44772 10.5 61.3908
      vertex 9.45186 11.75 61.453
      vertex 9.44772 11.75 61.3908
    endloop
  endfacet
  facet normal -0.997792 0 0.0664125
    outer loop
      vertex 9.45186 11.75 61.453
      vertex 9.44772 10.5 61.3908
      vertex 9.45186 10.5 61.453
    endloop
  endfacet
  facet normal -0.997921 0 0.0644523
    outer loop
      vertex 9.45186 10.5 61.453
      vertex 9.456 11.75 61.5171
      vertex 9.45186 11.75 61.453
    endloop
  endfacet
  facet normal -0.997921 0 0.0644523
    outer loop
      vertex 9.456 11.75 61.5171
      vertex 9.45186 10.5 61.453
      vertex 9.456 10.5 61.5171
    endloop
  endfacet
  facet normal -0.998056 0 0.0623221
    outer loop
      vertex 9.456 10.5 61.5171
      vertex 9.46014 11.75 61.5834
      vertex 9.456 11.75 61.5171
    endloop
  endfacet
  facet normal -0.998056 0 0.0623221
    outer loop
      vertex 9.46014 11.75 61.5834
      vertex 9.456 10.5 61.5171
      vertex 9.46014 10.5 61.5834
    endloop
  endfacet
  facet normal -0.998168 0 0.0605039
    outer loop
      vertex 9.46014 10.5 61.5834
      vertex 9.46428 11.75 61.6517
      vertex 9.46014 11.75 61.5834
    endloop
  endfacet
  facet normal -0.998168 0 0.0605039
    outer loop
      vertex 9.46428 11.75 61.6517
      vertex 9.46014 10.5 61.5834
      vertex 9.46428 10.5 61.6517
    endloop
  endfacet
  facet normal -0.999592 0 0.0285795
    outer loop
      vertex 9.46428 10.5 61.6517
      vertex 9.46635 11.75 61.7241
      vertex 9.46428 11.75 61.6517
    endloop
  endfacet
  facet normal -0.999592 0 0.0285795
    outer loop
      vertex 9.46635 11.75 61.7241
      vertex 9.46428 10.5 61.6517
      vertex 9.46635 10.5 61.7241
    endloop
  endfacet
  facet normal -0.998374 0 0.0570106
    outer loop
      vertex 9.46635 10.5 61.7241
      vertex 9.47049 11.75 61.7966
      vertex 9.46635 11.75 61.7241
    endloop
  endfacet
  facet normal -0.998374 0 0.0570106
    outer loop
      vertex 9.47049 11.75 61.7966
      vertex 9.46635 10.5 61.7241
      vertex 9.47049 10.5 61.7966
    endloop
  endfacet
  facet normal -0.999635 0 0.0270136
    outer loop
      vertex 9.47049 10.5 61.7966
      vertex 9.47256 11.75 61.8732
      vertex 9.47049 11.75 61.7966
    endloop
  endfacet
  facet normal -0.999635 0 0.0270136
    outer loop
      vertex 9.47256 11.75 61.8732
      vertex 9.47049 10.5 61.7966
      vertex 9.47256 10.5 61.8732
    endloop
  endfacet
  facet normal -0.999671 0 0.0256421
    outer loop
      vertex 9.47256 10.5 61.8732
      vertex 9.47463 11.75 61.9539
      vertex 9.47256 11.75 61.8732
    endloop
  endfacet
  facet normal -0.999671 0 0.0256421
    outer loop
      vertex 9.47463 11.75 61.9539
      vertex 9.47256 10.5 61.8732
      vertex 9.47463 10.5 61.9539
    endloop
  endfacet
  facet normal -0.99869 0 0.0511705
    outer loop
      vertex 9.47463 10.5 61.9539
      vertex 9.47877 11.75 62.0347
      vertex 9.47463 11.75 61.9539
    endloop
  endfacet
  facet normal -0.99869 0 0.0511705
    outer loop
      vertex 9.47877 11.75 62.0347
      vertex 9.47463 10.5 61.9539
      vertex 9.47877 10.5 62.0347
    endloop
  endfacet
  facet normal -0.999688 0 0.0249922
    outer loop
      vertex 9.47877 10.5 62.0347
      vertex 9.48084 11.75 62.1175
      vertex 9.47877 11.75 62.0347
    endloop
  endfacet
  facet normal -0.999688 0 0.0249922
    outer loop
      vertex 9.48084 11.75 62.1175
      vertex 9.47877 10.5 62.0347
      vertex 9.48084 10.5 62.1175
    endloop
  endfacet
  facet normal -0.999716 0 0.0238137
    outer loop
      vertex 9.48084 10.5 62.1175
      vertex 9.48291 11.75 62.2044
      vertex 9.48084 11.75 62.1175
    endloop
  endfacet
  facet normal -0.999716 0 0.0238137
    outer loop
      vertex 9.48291 11.75 62.2044
      vertex 9.48084 10.5 62.1175
      vertex 9.48291 10.5 62.2044
    endloop
  endfacet
  facet normal -0.99973 0 0.0232521
    outer loop
      vertex 9.48291 10.5 62.2044
      vertex 9.48498 11.75 62.2934
      vertex 9.48291 11.75 62.2044
    endloop
  endfacet
  facet normal -0.99973 0 0.0232521
    outer loop
      vertex 9.48498 11.75 62.2934
      vertex 9.48291 10.5 62.2044
      vertex 9.48498 10.5 62.2934
    endloop
  endfacet
  facet normal -1 0 0
    outer loop
      vertex 9.48498 10.5 62.2934
      vertex 9.48498 11.75 62.3845
      vertex 9.48498 11.75 62.2934
    endloop
  endfacet
  facet normal -1 -0 0
    outer loop
      vertex 9.48498 11.75 62.3845
      vertex 9.48498 10.5 62.2934
      vertex 9.48498 10.5 62.3845
    endloop
  endfacet
  facet normal -0.999764 0 0.0217386
    outer loop
      vertex 9.48498 10.5 62.3845
      vertex 9.48705 11.75 62.4797
      vertex 9.48498 11.75 62.3845
    endloop
  endfacet
  facet normal -0.999764 0 0.0217386
    outer loop
      vertex 9.48705 11.75 62.4797
      vertex 9.48498 10.5 62.3845
      vertex 9.48705 10.5 62.4797
    endloop
  endfacet
  facet normal -0.999774 0 0.0212696
    outer loop
      vertex 9.48705 10.5 62.4797
      vertex 9.48912 11.75 62.577
      vertex 9.48705 11.75 62.4797
    endloop
  endfacet
  facet normal -0.999774 0 0.0212696
    outer loop
      vertex 9.48912 11.75 62.577
      vertex 9.48705 10.5 62.4797
      vertex 9.48912 10.5 62.577
    endloop
  endfacet
  facet normal -1 0 0
    outer loop
      vertex 9.48912 10.5 62.577
      vertex 9.48912 11.75 62.6743
      vertex 9.48912 11.75 62.577
    endloop
  endfacet
  facet normal -1 -0 0
    outer loop
      vertex 9.48912 11.75 62.6743
      vertex 9.48912 10.5 62.577
      vertex 9.48912 10.5 62.6743
    endloop
  endfacet
  facet normal -0.999792 0 0.0203898
    outer loop
      vertex 9.48912 10.5 62.6743
      vertex 9.49119 11.75 62.7758
      vertex 9.48912 11.75 62.6743
    endloop
  endfacet
  facet normal -0.999792 0 0.0203898
    outer loop
      vertex 9.49119 11.75 62.7758
      vertex 9.48912 10.5 62.6743
      vertex 9.49119 10.5 62.7758
    endloop
  endfacet
  facet normal -1 0 0
    outer loop
      vertex 9.49119 10.5 62.7758
      vertex 9.49119 11.75 63.2809
      vertex 9.49119 11.75 62.7758
    endloop
  endfacet
  facet normal -1 -0 0
    outer loop
      vertex 9.49119 11.75 63.2809
      vertex 9.49119 10.5 62.7758
      vertex 9.49119 10.5 63.2809
    endloop
  endfacet
  facet normal -0.999445 0 -0.0333148
    outer loop
      vertex 9.49119 10.5 63.2809
      vertex 9.48912 11.75 63.343
      vertex 9.49119 11.75 63.2809
    endloop
  endfacet
  facet normal -0.999445 -0 -0.0333148
    outer loop
      vertex 9.48912 11.75 63.343
      vertex 9.49119 10.5 63.2809
      vertex 9.48912 10.5 63.343
    endloop
  endfacet
  facet normal -1 0 0
    outer loop
      vertex 9.48912 10.5 63.343
      vertex 9.48912 11.75 63.4651
      vertex 9.48912 11.75 63.343
    endloop
  endfacet
  facet normal -1 -0 0
    outer loop
      vertex 9.48912 11.75 63.4651
      vertex 9.48912 10.5 63.343
      vertex 9.48912 10.5 63.4651
    endloop
  endfacet
  facet normal -0.999407 0 -0.0344222
    outer loop
      vertex 9.48912 10.5 63.4651
      vertex 9.48705 11.75 63.5252
      vertex 9.48912 11.75 63.4651
    endloop
  endfacet
  facet normal -0.999407 -0 -0.0344222
    outer loop
      vertex 9.48705 11.75 63.5252
      vertex 9.48912 10.5 63.4651
      vertex 9.48705 10.5 63.5252
    endloop
  endfacet
  facet normal -1 0 0
    outer loop
      vertex 9.48705 10.5 63.5252
      vertex 9.48705 11.75 63.5852
      vertex 9.48705 11.75 63.5252
    endloop
  endfacet
  facet normal -1 -0 0
    outer loop
      vertex 9.48705 11.75 63.5852
      vertex 9.48705 10.5 63.5252
      vertex 9.48705 10.5 63.5852
    endloop
  endfacet
  facet normal -0.999364 0 -0.0356669
    outer loop
      vertex 9.48705 10.5 63.5852
      vertex 9.48498 11.75 63.6432
      vertex 9.48705 11.75 63.5852
    endloop
  endfacet
  facet normal -0.999364 -0 -0.0356669
    outer loop
      vertex 9.48498 11.75 63.6432
      vertex 9.48705 10.5 63.5852
      vertex 9.48498 10.5 63.6432
    endloop
  endfacet
  facet normal -1 0 0
    outer loop
      vertex 9.48498 10.5 63.6432
      vertex 9.48498 11.75 63.7032
      vertex 9.48498 11.75 63.6432
    endloop
  endfacet
  facet normal -1 -0 0
    outer loop
      vertex 9.48498 11.75 63.7032
      vertex 9.48498 10.5 63.6432
      vertex 9.48498 10.5 63.7032
    endloop
  endfacet
  facet normal -0.999405 0 -0.0344795
    outer loop
      vertex 9.48498 10.5 63.7032
      vertex 9.48291 11.75 63.7632
      vertex 9.48498 11.75 63.7032
    endloop
  endfacet
  facet normal -0.999405 -0 -0.0344795
    outer loop
      vertex 9.48291 11.75 63.7632
      vertex 9.48498 10.5 63.7032
      vertex 9.48291 10.5 63.7632
    endloop
  endfacet
  facet normal -0.999363 0 -0.0356845
    outer loop
      vertex 9.48291 10.5 63.7632
      vertex 9.46842 11.75 64.169
      vertex 9.48291 11.75 63.7632
    endloop
  endfacet
  facet normal -0.999363 -0 -0.0356845
    outer loop
      vertex 9.46842 11.75 64.169
      vertex 9.48291 10.5 63.7632
      vertex 9.46842 10.5 64.169
    endloop
  endfacet
  facet normal -0.997269 0 -0.0738585
    outer loop
      vertex 9.46842 10.5 64.169
      vertex 9.46428 11.75 64.2249
      vertex 9.46842 11.75 64.169
    endloop
  endfacet
  facet normal -0.997269 -0 -0.0738585
    outer loop
      vertex 9.46428 11.75 64.2249
      vertex 9.46842 10.5 64.169
      vertex 9.46428 10.5 64.2249
    endloop
  endfacet
  facet normal -0.999315 0 -0.037005
    outer loop
      vertex 9.46428 10.5 64.2249
      vertex 9.46014 11.75 64.3367
      vertex 9.46428 11.75 64.2249
    endloop
  endfacet
  facet normal -0.999315 -0 -0.037005
    outer loop
      vertex 9.46014 11.75 64.3367
      vertex 9.46428 10.5 64.2249
      vertex 9.46014 10.5 64.3367
    endloop
  endfacet
  facet normal -0.997269 0 -0.0738585
    outer loop
      vertex 9.46014 10.5 64.3367
      vertex 9.456 11.75 64.3926
      vertex 9.46014 11.75 64.3367
    endloop
  endfacet
  facet normal -0.997269 -0 -0.0738585
    outer loop
      vertex 9.456 11.75 64.3926
      vertex 9.46014 10.5 64.3367
      vertex 9.456 10.5 64.3926
    endloop
  endfacet
  facet normal -0.999315 0 -0.037005
    outer loop
      vertex 9.456 10.5 64.3926
      vertex 9.45393 11.75 64.4485
      vertex 9.456 11.75 64.3926
    endloop
  endfacet
  facet normal -0.999315 -0 -0.037005
    outer loop
      vertex 9.45393 11.75 64.4485
      vertex 9.456 10.5 64.3926
      vertex 9.45393 10.5 64.4485
    endloop
  endfacet
  facet normal -0.997269 0 -0.0738585
    outer loop
      vertex 9.45393 10.5 64.4485
      vertex 9.44979 11.75 64.5044
      vertex 9.45393 11.75 64.4485
    endloop
  endfacet
  facet normal -0.997269 -0 -0.0738585
    outer loop
      vertex 9.44979 11.75 64.5044
      vertex 9.45393 10.5 64.4485
      vertex 9.44979 10.5 64.5044
    endloop
  endfacet
  facet normal -0.998864 0 -0.0476417
    outer loop
      vertex 9.44979 10.5 64.5044
      vertex 9.44772 11.75 64.5478
      vertex 9.44979 11.75 64.5044
    endloop
  endfacet
  facet normal -0.998864 -0 -0.0476417
    outer loop
      vertex 9.44772 11.75 64.5478
      vertex 9.44979 10.5 64.5044
      vertex 9.44772 10.5 64.5478
    endloop
  endfacet
  facet normal -0.998752 0 -0.0499376
    outer loop
      vertex 9.44772 10.5 64.5478
      vertex 9.44565 11.75 64.5892
      vertex 9.44772 11.75 64.5478
    endloop
  endfacet
  facet normal -0.998752 -0 -0.0499376
    outer loop
      vertex 9.44565 11.75 64.5892
      vertex 9.44772 10.5 64.5478
      vertex 9.44565 10.5 64.5892
    endloop
  endfacet
  facet normal -0.994525 0 -0.104501
    outer loop
      vertex 9.44565 10.5 64.5892
      vertex 9.44151 11.75 64.6286
      vertex 9.44565 11.75 64.5892
    endloop
  endfacet
  facet normal -0.994525 -0 -0.104501
    outer loop
      vertex 9.44151 11.75 64.6286
      vertex 9.44565 10.5 64.5892
      vertex 9.44151 10.5 64.6286
    endloop
  endfacet
  facet normal -0.998752 0 -0.0499376
    outer loop
      vertex 9.44151 10.5 64.6286
      vertex 9.43944 11.75 64.67
      vertex 9.44151 11.75 64.6286
    endloop
  endfacet
  facet normal -0.998752 -0 -0.0499376
    outer loop
      vertex 9.43944 11.75 64.67
      vertex 9.44151 10.5 64.6286
      vertex 9.43944 10.5 64.67
    endloop
  endfacet
  facet normal -0.994497 0 -0.104764
    outer loop
      vertex 9.43944 10.5 64.67
      vertex 9.4353 11.75 64.7093
      vertex 9.43944 11.75 64.67
    endloop
  endfacet
  facet normal -0.994497 -0 -0.104764
    outer loop
      vertex 9.4353 11.75 64.7093
      vertex 9.43944 10.5 64.67
      vertex 9.4353 10.5 64.7093
    endloop
  endfacet
  facet normal -0.993867 0 -0.110578
    outer loop
      vertex 9.4353 10.5 64.7093
      vertex 9.43115 11.75 64.7466
      vertex 9.4353 11.75 64.7093
    endloop
  endfacet
  facet normal -0.993867 -0 -0.110578
    outer loop
      vertex 9.43115 11.75 64.7466
      vertex 9.4353 10.5 64.7093
      vertex 9.43115 10.5 64.7466
    endloop
  endfacet
  facet normal -0.986351 0 -0.164657
    outer loop
      vertex 9.43115 10.5 64.7466
      vertex 9.42494 11.75 64.7838
      vertex 9.43115 11.75 64.7466
    endloop
  endfacet
  facet normal -0.986351 -0 -0.164657
    outer loop
      vertex 9.42494 11.75 64.7838
      vertex 9.43115 10.5 64.7466
      vertex 9.42494 10.5 64.7838
    endloop
  endfacet
  facet normal -0.993154 0 -0.116809
    outer loop
      vertex 9.42494 10.5 64.7838
      vertex 9.4208 11.75 64.819
      vertex 9.42494 11.75 64.7838
    endloop
  endfacet
  facet normal -0.993154 -0 -0.116809
    outer loop
      vertex 9.4208 11.75 64.819
      vertex 9.42494 10.5 64.7838
      vertex 9.4208 10.5 64.819
    endloop
  endfacet
  facet normal -0.984792 0 -0.173737
    outer loop
      vertex 9.4208 10.5 64.819
      vertex 9.40838 11.75 64.8894
      vertex 9.4208 11.75 64.819
    endloop
  endfacet
  facet normal -0.984792 -0 -0.173737
    outer loop
      vertex 9.40838 11.75 64.8894
      vertex 9.4208 10.5 64.819
      vertex 9.40838 10.5 64.8894
    endloop
  endfacet
  facet normal -0.970194 0 -0.242329
    outer loop
      vertex 9.40838 10.5 64.8894
      vertex 9.39182 11.75 64.9557
      vertex 9.40838 11.75 64.8894
    endloop
  endfacet
  facet normal -0.970194 -0 -0.242329
    outer loop
      vertex 9.39182 11.75 64.9557
      vertex 9.40838 10.5 64.8894
      vertex 9.39182 10.5 64.9557
    endloop
  endfacet
  facet normal -0.98052 0 -0.19642
    outer loop
      vertex 9.39182 10.5 64.9557
      vertex 9.38561 11.75 64.9867
      vertex 9.39182 11.75 64.9557
    endloop
  endfacet
  facet normal -0.98052 -0 -0.19642
    outer loop
      vertex 9.38561 11.75 64.9867
      vertex 9.39182 10.5 64.9557
      vertex 9.38561 10.5 64.9867
    endloop
  endfacet
  facet normal -0.961574 0 -0.274546
    outer loop
      vertex 9.38561 10.5 64.9867
      vertex 9.37733 11.75 65.0157
      vertex 9.38561 11.75 64.9867
    endloop
  endfacet
  facet normal -0.961574 -0 -0.274546
    outer loop
      vertex 9.37733 11.75 65.0157
      vertex 9.38561 10.5 64.9867
      vertex 9.37733 10.5 65.0157
    endloop
  endfacet
  facet normal -0.94853 0 -0.316687
    outer loop
      vertex 9.37733 10.5 65.0157
      vertex 9.36698 11.75 65.0467
      vertex 9.37733 11.75 65.0157
    endloop
  endfacet
  facet normal -0.94853 -0 -0.316687
    outer loop
      vertex 9.36698 11.75 65.0467
      vertex 9.37733 10.5 65.0157
      vertex 9.36698 10.5 65.0467
    endloop
  endfacet
  facet normal -0.961574 0 -0.274546
    outer loop
      vertex 9.36698 10.5 65.0467
      vertex 9.3587 11.75 65.0757
      vertex 9.36698 11.75 65.0467
    endloop
  endfacet
  facet normal -0.961574 -0 -0.274546
    outer loop
      vertex 9.3587 11.75 65.0757
      vertex 9.36698 10.5 65.0467
      vertex 9.3587 10.5 65.0757
    endloop
  endfacet
  facet normal -0.933301 0 -0.359095
    outer loop
      vertex 9.3587 10.5 65.0757
      vertex 9.338 11.75 65.1295
      vertex 9.3587 11.75 65.0757
    endloop
  endfacet
  facet normal -0.933301 -0 -0.359095
    outer loop
      vertex 9.338 11.75 65.1295
      vertex 9.3587 10.5 65.0757
      vertex 9.338 10.5 65.1295
    endloop
  endfacet
  facet normal -0.894858 0 -0.446351
    outer loop
      vertex 9.338 10.5 65.1295
      vertex 9.32558 11.75 65.1544
      vertex 9.338 11.75 65.1295
    endloop
  endfacet
  facet normal -0.894858 -0 -0.446351
    outer loop
      vertex 9.32558 11.75 65.1544
      vertex 9.338 10.5 65.1295
      vertex 9.32558 10.5 65.1544
    endloop
  endfacet
  facet normal -0.922857 0 -0.385144
    outer loop
      vertex 9.32558 10.5 65.1544
      vertex 9.31523 11.75 65.1792
      vertex 9.32558 11.75 65.1544
    endloop
  endfacet
  facet normal -0.922857 -0 -0.385144
    outer loop
      vertex 9.31523 11.75 65.1792
      vertex 9.32558 10.5 65.1544
      vertex 9.31523 10.5 65.1792
    endloop
  endfacet
  facet normal -0.894714 0 -0.446639
    outer loop
      vertex 9.31523 10.5 65.1792
      vertex 9.3028 11.75 65.2041
      vertex 9.31523 11.75 65.1792
    endloop
  endfacet
  facet normal -0.894714 -0 -0.446639
    outer loop
      vertex 9.3028 11.75 65.2041
      vertex 9.31523 10.5 65.1792
      vertex 9.3028 10.5 65.2041
    endloop
  endfacet
  facet normal -0.877719 0 -0.479176
    outer loop
      vertex 9.3028 10.5 65.2041
      vertex 9.27796 11.75 65.2496
      vertex 9.3028 11.75 65.2041
    endloop
  endfacet
  facet normal -0.877719 -0 -0.479176
    outer loop
      vertex 9.27796 11.75 65.2496
      vertex 9.3028 10.5 65.2041
      vertex 9.27796 10.5 65.2496
    endloop
  endfacet
  facet normal -0.819232 0 -0.573462
    outer loop
      vertex 9.27796 10.5 65.2496
      vertex 9.26347 11.75 65.2703
      vertex 9.27796 11.75 65.2496
    endloop
  endfacet
  facet normal -0.819232 -0 -0.573462
    outer loop
      vertex 9.26347 11.75 65.2703
      vertex 9.27796 10.5 65.2496
      vertex 9.26347 10.5 65.2703
    endloop
  endfacet
  facet normal -0.832325 0 -0.554288
    outer loop
      vertex 9.26347 10.5 65.2703
      vertex 9.23863 11.75 65.3076
      vertex 9.26347 11.75 65.2703
    endloop
  endfacet
  facet normal -0.832325 -0 -0.554288
    outer loop
      vertex 9.23863 11.75 65.3076
      vertex 9.26347 10.5 65.2703
      vertex 9.23863 10.5 65.3076
    endloop
  endfacet
  facet normal -0.751391 0 -0.659858
    outer loop
      vertex 9.23863 10.5 65.3076
      vertex 9.22414 11.75 65.3241
      vertex 9.23863 11.75 65.3076
    endloop
  endfacet
  facet normal -0.751391 -0 -0.659858
    outer loop
      vertex 9.22414 11.75 65.3241
      vertex 9.23863 10.5 65.3076
      vertex 9.22414 10.5 65.3241
    endloop
  endfacet
  facet normal -0.800694 0 -0.599073
    outer loop
      vertex 9.22414 10.5 65.3241
      vertex 9.21172 11.75 65.3407
      vertex 9.22414 11.75 65.3241
    endloop
  endfacet
  facet normal -0.800694 -0 -0.599073
    outer loop
      vertex 9.21172 11.75 65.3407
      vertex 9.22414 10.5 65.3241
      vertex 9.21172 10.5 65.3407
    endloop
  endfacet
  facet normal -0.753363 0 -0.657605
    outer loop
      vertex 9.21172 10.5 65.3407
      vertex 9.19723 11.75 65.3573
      vertex 9.21172 11.75 65.3407
    endloop
  endfacet
  facet normal -0.753363 -0 -0.657605
    outer loop
      vertex 9.19723 11.75 65.3573
      vertex 9.21172 10.5 65.3407
      vertex 9.19723 10.5 65.3573
    endloop
  endfacet
  facet normal -0.706423 0 -0.70779
    outer loop
      vertex 9.19723 10.5 65.3573
      vertex 9.16617 11.75 65.3883
      vertex 9.19723 11.75 65.3573
    endloop
  endfacet
  facet normal -0.706423 -0 -0.70779
    outer loop
      vertex 9.16617 11.75 65.3883
      vertex 9.19723 10.5 65.3573
      vertex 9.16617 10.5 65.3883
    endloop
  endfacet
  facet normal -0.658762 0 -0.752352
    outer loop
      vertex 9.11649 10.5 65.4318
      vertex 9.16617 11.75 65.3883
      vertex 9.16617 10.5 65.3883
    endloop
  endfacet
  facet normal -0.658762 0 -0.752352
    outer loop
      vertex 9.16617 11.75 65.3883
      vertex 9.11649 10.5 65.4318
      vertex 9.11649 11.75 65.4318
    endloop
  endfacet
  facet normal -0.555112 0 -0.831775
    outer loop
      vertex 9.0606 10.5 65.4691
      vertex 9.11649 11.75 65.4318
      vertex 9.11649 10.5 65.4318
    endloop
  endfacet
  facet normal -0.555112 0 -0.831775
    outer loop
      vertex 9.11649 11.75 65.4318
      vertex 9.0606 10.5 65.4691
      vertex 9.0606 11.75 65.4691
    endloop
  endfacet
  facet normal -0.483847 0 -0.875153
    outer loop
      vertex 9.04197 10.5 65.4794
      vertex 9.0606 11.75 65.4691
      vertex 9.0606 10.5 65.4691
    endloop
  endfacet
  facet normal -0.483847 0 -0.875153
    outer loop
      vertex 9.0606 11.75 65.4691
      vertex 9.04197 10.5 65.4794
      vertex 9.04197 11.75 65.4794
    endloop
  endfacet
  facet normal -0.447732 0 -0.894168
    outer loop
      vertex 8.97986 10.5 65.5105
      vertex 9.04197 11.75 65.4794
      vertex 9.04197 10.5 65.4794
    endloop
  endfacet
  facet normal -0.447732 0 -0.894168
    outer loop
      vertex 9.04197 11.75 65.4794
      vertex 8.97986 10.5 65.5105
      vertex 8.97986 11.75 65.5105
    endloop
  endfacet
  facet normal -0.368291 0 -0.929711
    outer loop
      vertex 8.95916 10.5 65.5187
      vertex 8.97986 11.75 65.5105
      vertex 8.97986 10.5 65.5105
    endloop
  endfacet
  facet normal -0.368291 0 -0.929711
    outer loop
      vertex 8.97986 11.75 65.5105
      vertex 8.95916 10.5 65.5187
      vertex 8.95916 11.75 65.5187
    endloop
  endfacet
  facet normal -0.342472 0 -0.939528
    outer loop
      vertex 8.91362 10.5 65.5353
      vertex 8.95916 11.75 65.5187
      vertex 8.95916 10.5 65.5187
    endloop
  endfacet
  facet normal -0.342472 0 -0.939528
    outer loop
      vertex 8.95916 11.75 65.5187
      vertex 8.91362 10.5 65.5353
      vertex 8.91362 11.75 65.5353
    endloop
  endfacet
  facet normal -0.262669 0 -0.964886
    outer loop
      vertex 8.86807 10.5 65.5477
      vertex 8.91362 11.75 65.5353
      vertex 8.91362 10.5 65.5353
    endloop
  endfacet
  facet normal -0.262669 0 -0.964886
    outer loop
      vertex 8.91362 11.75 65.5353
      vertex 8.86807 10.5 65.5477
      vertex 8.86807 11.75 65.5477
    endloop
  endfacet
  facet normal -0.242168 0 -0.970234
    outer loop
      vertex 8.81839 10.5 65.5601
      vertex 8.86807 11.75 65.5477
      vertex 8.86807 10.5 65.5477
    endloop
  endfacet
  facet normal -0.242168 0 -0.970234
    outer loop
      vertex 8.86807 11.75 65.5477
      vertex 8.81839 10.5 65.5601
      vertex 8.81839 11.75 65.5601
    endloop
  endfacet
  facet normal -0.166716 0 -0.986005
    outer loop
      vertex 8.79355 10.5 65.5643
      vertex 8.81839 11.75 65.5601
      vertex 8.81839 10.5 65.5601
    endloop
  endfacet
  facet normal -0.166716 0 -0.986005
    outer loop
      vertex 8.81839 11.75 65.5601
      vertex 8.79355 10.5 65.5643
      vertex 8.79355 11.75 65.5643
    endloop
  endfacet
  facet normal -0.209137 0 -0.977886
    outer loop
      vertex 8.76456 10.5 65.5705
      vertex 8.79355 11.75 65.5643
      vertex 8.79355 10.5 65.5643
    endloop
  endfacet
  facet normal -0.209137 0 -0.977886
    outer loop
      vertex 8.79355 11.75 65.5643
      vertex 8.76456 10.5 65.5705
      vertex 8.76456 11.75 65.5705
    endloop
  endfacet
  facet normal -0.150622 0 -0.988592
    outer loop
      vertex 8.73765 10.5 65.5746
      vertex 8.76456 11.75 65.5705
      vertex 8.76456 10.5 65.5705
    endloop
  endfacet
  facet normal -0.150622 0 -0.988592
    outer loop
      vertex 8.76456 11.75 65.5705
      vertex 8.73765 10.5 65.5746
      vertex 8.73765 11.75 65.5746
    endloop
  endfacet
  facet normal -0.132477 0 -0.991186
    outer loop
      vertex 8.67555 10.5 65.5829
      vertex 8.73765 11.75 65.5746
      vertex 8.73765 10.5 65.5746
    endloop
  endfacet
  facet normal -0.132477 0 -0.991186
    outer loop
      vertex 8.73765 11.75 65.5746
      vertex 8.67555 10.5 65.5829
      vertex 8.67555 11.75 65.5829
    endloop
  endfacet
  facet normal -0.124311 0 -0.992243
    outer loop
      vertex 8.6093 10.5 65.5912
      vertex 8.67555 11.75 65.5829
      vertex 8.67555 10.5 65.5829
    endloop
  endfacet
  facet normal -0.124311 0 -0.992243
    outer loop
      vertex 8.67555 11.75 65.5829
      vertex 8.6093 10.5 65.5912
      vertex 8.6093 11.75 65.5912
    endloop
  endfacet
  facet normal -0.115728 0 -0.993281
    outer loop
      vertex 8.57411 10.5 65.5953
      vertex 8.6093 11.75 65.5912
      vertex 8.6093 10.5 65.5912
    endloop
  endfacet
  facet normal -0.115728 0 -0.993281
    outer loop
      vertex 8.6093 11.75 65.5912
      vertex 8.57411 10.5 65.5953
      vertex 8.57411 11.75 65.5953
    endloop
  endfacet
  facet normal -0.0562714 0 -0.998416
    outer loop
      vertex 8.53685 10.5 65.5974
      vertex 8.57411 11.75 65.5953
      vertex 8.57411 10.5 65.5953
    endloop
  endfacet
  facet normal -0.0562714 0 -0.998416
    outer loop
      vertex 8.57411 11.75 65.5953
      vertex 8.53685 10.5 65.5974
      vertex 8.53685 11.75 65.5974
    endloop
  endfacet
  facet normal -0.103658 0 -0.994613
    outer loop
      vertex 8.49751 10.5 65.6015
      vertex 8.53685 11.75 65.5974
      vertex 8.53685 10.5 65.5974
    endloop
  endfacet
  facet normal -0.103658 0 -0.994613
    outer loop
      vertex 8.53685 11.75 65.5974
      vertex 8.49751 10.5 65.6015
      vertex 8.49751 11.75 65.6015
    endloop
  endfacet
  facet normal -0.0533184 0 -0.998578
    outer loop
      vertex 8.45818 10.5 65.6036
      vertex 8.49751 11.75 65.6015
      vertex 8.49751 10.5 65.6015
    endloop
  endfacet
  facet normal -0.0533184 0 -0.998578
    outer loop
      vertex 8.49751 11.75 65.6015
      vertex 8.45818 10.5 65.6036
      vertex 8.45818 11.75 65.6036
    endloop
  endfacet
  facet normal -0.0506595 0 -0.998716
    outer loop
      vertex 8.41678 10.5 65.6057
      vertex 8.45818 11.75 65.6036
      vertex 8.45818 10.5 65.6036
    endloop
  endfacet
  facet normal -0.0506595 0 -0.998716
    outer loop
      vertex 8.45818 11.75 65.6036
      vertex 8.41678 10.5 65.6057
      vertex 8.41678 11.75 65.6057
    endloop
  endfacet
  facet normal -0.0985517 0 -0.995132
    outer loop
      vertex 8.37538 10.5 65.6098
      vertex 8.41678 11.75 65.6057
      vertex 8.41678 10.5 65.6057
    endloop
  endfacet
  facet normal -0.0985517 0 -0.995132
    outer loop
      vertex 8.41678 11.75 65.6057
      vertex 8.37538 10.5 65.6098
      vertex 8.37538 11.75 65.6098
    endloop
  endfacet
  facet normal -0.0460543 0 -0.998939
    outer loop
      vertex 8.32983 10.5 65.6119
      vertex 8.37538 11.75 65.6098
      vertex 8.37538 10.5 65.6098
    endloop
  endfacet
  facet normal -0.0460543 0 -0.998939
    outer loop
      vertex 8.37538 11.75 65.6098
      vertex 8.32983 10.5 65.6119
      vertex 8.32983 11.75 65.6119
    endloop
  endfacet
  facet normal -0.0482529 0 -0.998835
    outer loop
      vertex 8.28636 10.5 65.614
      vertex 8.32983 11.75 65.6119
      vertex 8.32983 10.5 65.6119
    endloop
  endfacet
  facet normal -0.0482529 0 -0.998835
    outer loop
      vertex 8.32983 11.75 65.6119
      vertex 8.28636 10.5 65.614
      vertex 8.28636 11.75 65.614
    endloop
  endfacet
  facet normal -0.0419622 0 -0.999119
    outer loop
      vertex 8.23874 10.5 65.616
      vertex 8.28636 11.75 65.614
      vertex 8.28636 10.5 65.614
    endloop
  endfacet
  facet normal -0.0419622 0 -0.999119
    outer loop
      vertex 8.28636 11.75 65.614
      vertex 8.23874 10.5 65.616
      vertex 8.23874 11.75 65.616
    endloop
  endfacet
  facet normal 0 0 -1
    outer loop
      vertex 8.19113 10.5 65.616
      vertex 8.23874 11.75 65.616
      vertex 8.23874 10.5 65.616
    endloop
  endfacet
  facet normal -0 0 -1
    outer loop
      vertex 8.23874 11.75 65.616
      vertex 8.19113 10.5 65.616
      vertex 8.19113 11.75 65.616
    endloop
  endfacet
  facet normal -0.0422328 0 -0.999108
    outer loop
      vertex 8.14145 10.5 65.6181
      vertex 8.19113 11.75 65.616
      vertex 8.19113 10.5 65.616
    endloop
  endfacet
  facet normal -0.0422328 0 -0.999108
    outer loop
      vertex 8.19113 11.75 65.616
      vertex 8.14145 10.5 65.6181
      vertex 8.14145 11.75 65.6181
    endloop
  endfacet
  facet normal -0.0405385 0 -0.999178
    outer loop
      vertex 8.08969 10.5 65.6202
      vertex 8.14145 11.75 65.6181
      vertex 8.14145 10.5 65.6181
    endloop
  endfacet
  facet normal -0.0405385 0 -0.999178
    outer loop
      vertex 8.14145 11.75 65.6181
      vertex 8.08969 10.5 65.6202
      vertex 8.08969 11.75 65.6202
    endloop
  endfacet
  facet normal 0 0 -1
    outer loop
      vertex 8.03794 10.5 65.6202
      vertex 8.08969 11.75 65.6202
      vertex 8.08969 10.5 65.6202
    endloop
  endfacet
  facet normal -0 0 -1
    outer loop
      vertex 8.08969 11.75 65.6202
      vertex 8.03794 10.5 65.6202
      vertex 8.03794 11.75 65.6202
    endloop
  endfacet
  facet normal -0.0371353 0 -0.99931
    outer loop
      vertex 7.98412 10.5 65.6222
      vertex 8.03794 11.75 65.6202
      vertex 8.03794 10.5 65.6202
    endloop
  endfacet
  facet normal -0.0371353 0 -0.99931
    outer loop
      vertex 8.03794 11.75 65.6202
      vertex 7.98412 10.5 65.6222
      vertex 7.98412 11.75 65.6222
    endloop
  endfacet
  facet normal 0 0 -1
    outer loop
      vertex 1.56249 10.5 65.6222
      vertex 7.98412 11.75 65.6222
      vertex 7.98412 10.5 65.6222
    endloop
  endfacet
  facet normal -0 0 -1
    outer loop
      vertex 7.98412 11.75 65.6222
      vertex 1.56249 10.5 65.6222
      vertex 1.56249 11.75 65.6222
    endloop
  endfacet
  facet normal -0.997262 0 0.0739473
    outer loop
      vertex 1.56249 10.5 65.6222
      vertex 1.57078 11.75 65.734
      vertex 1.56249 11.75 65.6222
    endloop
  endfacet
  facet normal -0.997262 0 0.0739473
    outer loop
      vertex 1.57078 11.75 65.734
      vertex 1.56249 10.5 65.6222
      vertex 1.57078 10.5 65.734
    endloop
  endfacet
  facet normal -0.995414 0 0.0956596
    outer loop
      vertex 1.57078 10.5 65.734
      vertex 1.58113 11.75 65.8417
      vertex 1.57078 11.75 65.734
    endloop
  endfacet
  facet normal -0.995414 0 0.0956596
    outer loop
      vertex 1.58113 11.75 65.8417
      vertex 1.57078 10.5 65.734
      vertex 1.58113 10.5 65.8417
    endloop
  endfacet
  facet normal -0.993404 0 0.114666
    outer loop
      vertex 1.58113 10.5 65.8417
      vertex 1.59355 11.75 65.9493
      vertex 1.58113 11.75 65.8417
    endloop
  endfacet
  facet normal -0.993404 0 0.114666
    outer loop
      vertex 1.59355 11.75 65.9493
      vertex 1.58113 10.5 65.8417
      vertex 1.59355 10.5 65.9493
    endloop
  endfacet
  facet normal -0.995231 0 0.097544
    outer loop
      vertex 1.59355 10.5 65.9493
      vertex 1.6039 11.75 66.0549
      vertex 1.59355 11.75 65.9493
    endloop
  endfacet
  facet normal -0.995231 0 0.097544
    outer loop
      vertex 1.6039 11.75 66.0549
      vertex 1.59355 10.5 65.9493
      vertex 1.6039 10.5 66.0549
    endloop
  endfacet
  facet normal -0.990342 0 0.138648
    outer loop
      vertex 1.6039 10.5 66.0549
      vertex 1.61839 11.75 66.1584
      vertex 1.6039 11.75 66.0549
    endloop
  endfacet
  facet normal -0.990342 0 0.138648
    outer loop
      vertex 1.61839 11.75 66.1584
      vertex 1.6039 10.5 66.0549
      vertex 1.61839 10.5 66.1584
    endloop
  endfacet
  facet normal -0.992582 0 0.121577
    outer loop
      vertex 1.61839 10.5 66.1584
      vertex 1.63081 11.75 66.2598
      vertex 1.61839 11.75 66.1584
    endloop
  endfacet
  facet normal -0.992582 0 0.121577
    outer loop
      vertex 1.63081 11.75 66.2598
      vertex 1.61839 10.5 66.1584
      vertex 1.63081 10.5 66.2598
    endloop
  endfacet
  facet normal -0.986405 0 0.164335
    outer loop
      vertex 1.63081 10.5 66.2598
      vertex 1.64737 11.75 66.3592
      vertex 1.63081 11.75 66.2598
    endloop
  endfacet
  facet normal -0.986405 0 0.164335
    outer loop
      vertex 1.64737 11.75 66.3592
      vertex 1.63081 10.5 66.2598
      vertex 1.64737 10.5 66.3592
    endloop
  endfacet
  facet normal -0.989092 0 0.147296
    outer loop
      vertex 1.64737 10.5 66.3592
      vertex 1.66186 11.75 66.4565
      vertex 1.64737 11.75 66.3592
    endloop
  endfacet
  facet normal -0.989092 0 0.147296
    outer loop
      vertex 1.66186 11.75 66.4565
      vertex 1.64737 10.5 66.3592
      vertex 1.66186 10.5 66.4565
    endloop
  endfacet
  facet normal -0.985206 0 0.171376
    outer loop
      vertex 1.66186 10.5 66.4565
      vertex 1.67842 11.75 66.5517
      vertex 1.66186 11.75 66.4565
    endloop
  endfacet
  facet normal -0.985206 0 0.171376
    outer loop
      vertex 1.67842 11.75 66.5517
      vertex 1.66186 10.5 66.4565
      vertex 1.67842 10.5 66.5517
    endloop
  endfacet
  facet normal -0.980601 0 0.196015
    outer loop
      vertex 1.67842 10.5 66.5517
      vertex 1.69705 11.75 66.6449
      vertex 1.67842 11.75 66.5517
    endloop
  endfacet
  facet normal -0.980601 0 0.196015
    outer loop
      vertex 1.69705 11.75 66.6449
      vertex 1.67842 10.5 66.5517
      vertex 1.69705 10.5 66.6449
    endloop
  endfacet
  facet normal -0.979702 0 0.200457
    outer loop
      vertex 1.69705 10.5 66.6449
      vertex 1.71569 11.75 66.736
      vertex 1.69705 11.75 66.6449
    endloop
  endfacet
  facet normal -0.979702 0 0.200457
    outer loop
      vertex 1.71569 11.75 66.736
      vertex 1.69705 10.5 66.6449
      vertex 1.71569 10.5 66.736
    endloop
  endfacet
  facet normal -0.974002 0 0.226538
    outer loop
      vertex 1.71569 10.5 66.736
      vertex 1.73639 11.75 66.825
      vertex 1.71569 11.75 66.736
    endloop
  endfacet
  facet normal -0.974002 0 0.226538
    outer loop
      vertex 1.73639 11.75 66.825
      vertex 1.71569 10.5 66.736
      vertex 1.73639 10.5 66.825
    endloop
  endfacet
  facet normal -0.972812 0 0.231595
    outer loop
      vertex 1.73639 10.5 66.825
      vertex 1.77779 11.75 66.9989
      vertex 1.73639 11.75 66.825
    endloop
  endfacet
  facet normal -0.972812 0 0.231595
    outer loop
      vertex 1.77779 11.75 66.9989
      vertex 1.73639 10.5 66.825
      vertex 1.77779 10.5 66.9989
    endloop
  endfacet
  facet normal -0.964205 0 0.265156
    outer loop
      vertex 1.77779 10.5 66.9989
      vertex 1.80056 11.75 67.0817
      vertex 1.77779 11.75 66.9989
    endloop
  endfacet
  facet normal -0.964205 0 0.265156
    outer loop
      vertex 1.80056 11.75 67.0817
      vertex 1.77779 10.5 66.9989
      vertex 1.80056 10.5 67.0817
    endloop
  endfacet
  facet normal -0.955783 0 0.294073
    outer loop
      vertex 1.80056 10.5 67.0817
      vertex 1.85025 11.75 67.2432
      vertex 1.80056 11.75 67.0817
    endloop
  endfacet
  facet normal -0.955783 0 0.294073
    outer loop
      vertex 1.85025 11.75 67.2432
      vertex 1.80056 10.5 67.0817
      vertex 1.85025 10.5 67.2432
    endloop
  endfacet
  facet normal -0.951235 0 0.308468
    outer loop
      vertex 1.85025 10.5 67.2432
      vertex 1.87509 11.75 67.3198
      vertex 1.85025 11.75 67.2432
    endloop
  endfacet
  facet normal -0.951235 0 0.308468
    outer loop
      vertex 1.87509 11.75 67.3198
      vertex 1.85025 10.5 67.2432
      vertex 1.87509 10.5 67.3198
    endloop
  endfacet
  facet normal -0.943474 0 0.331447
    outer loop
      vertex 1.87509 10.5 67.3198
      vertex 1.902 11.75 67.3964
      vertex 1.87509 11.75 67.3198
    endloop
  endfacet
  facet normal -0.943474 0 0.331447
    outer loop
      vertex 1.902 11.75 67.3964
      vertex 1.87509 10.5 67.3198
      vertex 1.902 10.5 67.3964
    endloop
  endfacet
  facet normal -0.937347 0 0.348398
    outer loop
      vertex 1.902 10.5 67.3964
      vertex 1.92891 11.75 67.4688
      vertex 1.902 11.75 67.3964
    endloop
  endfacet
  facet normal -0.937347 0 0.348398
    outer loop
      vertex 1.92891 11.75 67.4688
      vertex 1.902 10.5 67.3964
      vertex 1.92891 10.5 67.4688
    endloop
  endfacet
  facet normal -0.928565 0 0.37117
    outer loop
      vertex 1.92891 10.5 67.4688
      vertex 1.95789 11.75 67.5413
      vertex 1.92891 11.75 67.4688
    endloop
  endfacet
  facet normal -0.928565 0 0.37117
    outer loop
      vertex 1.95789 11.75 67.5413
      vertex 1.92891 10.5 67.4688
      vertex 1.95789 10.5 67.5413
    endloop
  endfacet
  facet normal -0.92467 0 0.38077
    outer loop
      vertex 1.95789 10.5 67.5413
      vertex 1.98688 11.75 67.6117
      vertex 1.95789 11.75 67.5413
    endloop
  endfacet
  facet normal -0.92467 0 0.38077
    outer loop
      vertex 1.98688 11.75 67.6117
      vertex 1.95789 10.5 67.5413
      vertex 1.98688 10.5 67.6117
    endloop
  endfacet
  facet normal -0.905484 0 0.424381
    outer loop
      vertex 1.98688 10.5 67.6117
      vertex 2.04898 11.75 67.7442
      vertex 1.98688 11.75 67.6117
    endloop
  endfacet
  facet normal -0.905484 0 0.424381
    outer loop
      vertex 2.04898 11.75 67.7442
      vertex 1.98688 10.5 67.6117
      vertex 2.04898 10.5 67.7442
    endloop
  endfacet
  facet normal -0.888416 0 0.459038
    outer loop
      vertex 2.04898 10.5 67.7442
      vertex 2.0821 11.75 67.8083
      vertex 2.04898 11.75 67.7442
    endloop
  endfacet
  facet normal -0.888416 0 0.459038
    outer loop
      vertex 2.0821 11.75 67.8083
      vertex 2.04898 10.5 67.7442
      vertex 2.0821 10.5 67.8083
    endloop
  endfacet
  facet normal -0.882294 0 0.470699
    outer loop
      vertex 2.0821 10.5 67.8083
      vertex 2.11523 11.75 67.8704
      vertex 2.0821 11.75 67.8083
    endloop
  endfacet
  facet normal -0.882294 0 0.470699
    outer loop
      vertex 2.11523 11.75 67.8704
      vertex 2.0821 10.5 67.8083
      vertex 2.11523 10.5 67.8704
    endloop
  endfacet
  facet normal -0.870022 0 0.493013
    outer loop
      vertex 2.11523 10.5 67.8704
      vertex 2.15042 11.75 67.9325
      vertex 2.11523 11.75 67.8704
    endloop
  endfacet
  facet normal -0.870022 0 0.493013
    outer loop
      vertex 2.15042 11.75 67.9325
      vertex 2.11523 10.5 67.8704
      vertex 2.15042 10.5 67.9325
    endloop
  endfacet
  facet normal -0.862955 0 0.505281
    outer loop
      vertex 2.15042 10.5 67.9325
      vertex 2.18561 11.75 67.9926
      vertex 2.15042 11.75 67.9325
    endloop
  endfacet
  facet normal -0.862955 0 0.505281
    outer loop
      vertex 2.18561 11.75 67.9926
      vertex 2.15042 10.5 67.9325
      vertex 2.18561 10.5 67.9926
    endloop
  endfacet
  facet normal -0.854549 0 0.519371
    outer loop
      vertex 2.18561 10.5 67.9926
      vertex 2.2208 11.75 68.0505
      vertex 2.18561 11.75 67.9926
    endloop
  endfacet
  facet normal -0.854549 0 0.519371
    outer loop
      vertex 2.2208 11.75 68.0505
      vertex 2.18561 10.5 67.9926
      vertex 2.2208 10.5 68.0505
    endloop
  endfacet
  facet normal -0.817786 0 0.575522
    outer loop
      vertex 2.2208 10.5 68.0505
      vertex 2.26014 11.75 68.1064
      vertex 2.2208 11.75 68.0505
    endloop
  endfacet
  facet normal -0.817786 0 0.575522
    outer loop
      vertex 2.26014 11.75 68.1064
      vertex 2.2208 10.5 68.0505
      vertex 2.26014 10.5 68.1064
    endloop
  endfacet
  facet normal -0.832096 0 0.554631
    outer loop
      vertex 2.26014 10.5 68.1064
      vertex 2.2974 11.75 68.1623
      vertex 2.26014 11.75 68.1064
    endloop
  endfacet
  facet normal -0.832096 0 0.554631
    outer loop
      vertex 2.2974 11.75 68.1623
      vertex 2.26014 10.5 68.1064
      vertex 2.2974 10.5 68.1623
    endloop
  endfacet
  facet normal -0.807287 0 0.59016
    outer loop
      vertex 2.2974 10.5 68.1623
      vertex 2.33673 11.75 68.2161
      vertex 2.2974 11.75 68.1623
    endloop
  endfacet
  facet normal -0.807287 0 0.59016
    outer loop
      vertex 2.33673 11.75 68.2161
      vertex 2.2974 10.5 68.1623
      vertex 2.33673 10.5 68.2161
    endloop
  endfacet
  facet normal -0.79299 0 0.609234
    outer loop
      vertex 2.33673 10.5 68.2161
      vertex 2.37814 11.75 68.27
      vertex 2.33673 11.75 68.2161
    endloop
  endfacet
  facet normal -0.79299 0 0.609234
    outer loop
      vertex 2.37814 11.75 68.27
      vertex 2.33673 10.5 68.2161
      vertex 2.37814 10.5 68.27
    endloop
  endfacet
  facet normal -0.780574 0 0.625063
    outer loop
      vertex 2.37814 10.5 68.27
      vertex 2.41954 11.75 68.3217
      vertex 2.37814 11.75 68.27
    endloop
  endfacet
  facet normal -0.780574 0 0.625063
    outer loop
      vertex 2.41954 11.75 68.3217
      vertex 2.37814 10.5 68.27
      vertex 2.41954 10.5 68.3217
    endloop
  endfacet
  facet normal -0.752708 0 0.658354
    outer loop
      vertex 2.41954 10.5 68.3217
      vertex 2.46301 11.75 68.3714
      vertex 2.41954 11.75 68.3217
    endloop
  endfacet
  facet normal -0.752708 0 0.658354
    outer loop
      vertex 2.46301 11.75 68.3714
      vertex 2.41954 10.5 68.3217
      vertex 2.46301 10.5 68.3714
    endloop
  endfacet
  facet normal -0.738415 0 0.674347
    outer loop
      vertex 2.46301 10.5 68.3714
      vertex 2.50648 11.75 68.419
      vertex 2.46301 11.75 68.3714
    endloop
  endfacet
  facet normal -0.738415 0 0.674347
    outer loop
      vertex 2.50648 11.75 68.419
      vertex 2.46301 10.5 68.3714
      vertex 2.50648 10.5 68.419
    endloop
  endfacet
  facet normal -0.722494 0 0.691378
    outer loop
      vertex 2.50648 10.5 68.419
      vertex 2.55203 11.75 68.4666
      vertex 2.50648 11.75 68.419
    endloop
  endfacet
  facet normal -0.722494 0 0.691378
    outer loop
      vertex 2.55203 11.75 68.4666
      vertex 2.50648 10.5 68.419
      vertex 2.55203 10.5 68.4666
    endloop
  endfacet
  facet normal -0.707572 0 0.706641
    outer loop
      vertex 2.55203 10.5 68.4666
      vertex 2.59757 11.75 68.5122
      vertex 2.55203 11.75 68.4666
    endloop
  endfacet
  facet normal -0.707572 0 0.706641
    outer loop
      vertex 2.59757 11.75 68.5122
      vertex 2.55203 10.5 68.4666
      vertex 2.59757 10.5 68.5122
    endloop
  endfacet
  facet normal -0.69083 0 0.723018
    outer loop
      vertex 2.59757 11.75 68.5122
      vertex 2.64519 10.5 68.5577
      vertex 2.64519 11.75 68.5577
    endloop
  endfacet
  facet normal -0.69083 0 0.723018
    outer loop
      vertex 2.64519 10.5 68.5577
      vertex 2.59757 11.75 68.5122
      vertex 2.59757 10.5 68.5122
    endloop
  endfacet
  facet normal -0.656179 0 0.754606
    outer loop
      vertex 2.64519 11.75 68.5577
      vertex 2.6928 10.5 68.5991
      vertex 2.6928 11.75 68.5991
    endloop
  endfacet
  facet normal -0.656179 0 0.754606
    outer loop
      vertex 2.6928 10.5 68.5991
      vertex 2.64519 11.75 68.5577
      vertex 2.64519 10.5 68.5577
    endloop
  endfacet
  facet normal -0.640146 0 0.768253
    outer loop
      vertex 2.6928 11.75 68.5991
      vertex 2.79217 10.5 68.6819
      vertex 2.79217 11.75 68.6819
    endloop
  endfacet
  facet normal -0.640146 0 0.768253
    outer loop
      vertex 2.79217 10.5 68.6819
      vertex 2.6928 11.75 68.5991
      vertex 2.6928 10.5 68.5991
    endloop
  endfacet
  facet normal -0.605765 0 0.795643
    outer loop
      vertex 2.79217 11.75 68.6819
      vertex 2.84392 10.5 68.7213
      vertex 2.84392 11.75 68.7213
    endloop
  endfacet
  facet normal -0.605765 0 0.795643
    outer loop
      vertex 2.84392 10.5 68.7213
      vertex 2.79217 11.75 68.6819
      vertex 2.79217 10.5 68.6819
    endloop
  endfacet
  facet normal -0.586775 0 0.80975
    outer loop
      vertex 2.84392 11.75 68.7213
      vertex 2.86669 10.5 68.7378
      vertex 2.86669 11.75 68.7378
    endloop
  endfacet
  facet normal -0.586775 0 0.80975
    outer loop
      vertex 2.86669 10.5 68.7378
      vertex 2.84392 11.75 68.7213
      vertex 2.84392 10.5 68.7213
    endloop
  endfacet
  facet normal -0.618324 0 -0.785923
    outer loop
      vertex 2.80873 10.5 68.7834
      vertex 2.86669 11.75 68.7378
      vertex 2.86669 10.5 68.7378
    endloop
  endfacet
  facet normal -0.618324 0 -0.785923
    outer loop
      vertex 2.86669 11.75 68.7378
      vertex 2.80873 10.5 68.7834
      vertex 2.80873 11.75 68.7834
    endloop
  endfacet
  facet normal -0.64832 0 -0.761368
    outer loop
      vertex 2.75283 10.5 68.831
      vertex 2.80873 11.75 68.7834
      vertex 2.80873 10.5 68.7834
    endloop
  endfacet
  facet normal -0.64832 0 -0.761368
    outer loop
      vertex 2.80873 11.75 68.7834
      vertex 2.75283 10.5 68.831
      vertex 2.75283 11.75 68.831
    endloop
  endfacet
  facet normal -0.664513 0 -0.747277
    outer loop
      vertex 2.69694 10.5 68.8807
      vertex 2.75283 11.75 68.831
      vertex 2.75283 10.5 68.831
    endloop
  endfacet
  facet normal -0.664513 0 -0.747277
    outer loop
      vertex 2.75283 11.75 68.831
      vertex 2.69694 10.5 68.8807
      vertex 2.69694 11.75 68.8807
    endloop
  endfacet
  facet normal -0.692761 0 -0.721168
    outer loop
      vertex 2.64312 10.5 68.9324
      vertex 2.69694 11.75 68.8807
      vertex 2.69694 10.5 68.8807
    endloop
  endfacet
  facet normal -0.692761 0 -0.721168
    outer loop
      vertex 2.69694 11.75 68.8807
      vertex 2.64312 10.5 68.9324
      vertex 2.64312 11.75 68.9324
    endloop
  endfacet
  facet normal -0.70691 0 -0.707304
    outer loop
      vertex 2.64312 10.5 68.9324
      vertex 2.58929 11.75 68.9862
      vertex 2.64312 11.75 68.9324
    endloop
  endfacet
  facet normal -0.70691 -0 -0.707304
    outer loop
      vertex 2.58929 11.75 68.9862
      vertex 2.64312 10.5 68.9324
      vertex 2.58929 10.5 68.9862
    endloop
  endfacet
  facet normal -0.747468 0 -0.664297
    outer loop
      vertex 2.58929 10.5 68.9862
      vertex 2.53961 11.75 69.0421
      vertex 2.58929 11.75 68.9862
    endloop
  endfacet
  facet normal -0.747468 -0 -0.664297
    outer loop
      vertex 2.53961 11.75 69.0421
      vertex 2.58929 10.5 68.9862
      vertex 2.53961 10.5 69.0421
    endloop
  endfacet
  facet normal -0.733756 0 -0.679413
    outer loop
      vertex 2.53961 10.5 69.0421
      vertex 2.48785 11.75 69.098
      vertex 2.53961 11.75 69.0421
    endloop
  endfacet
  facet normal -0.733756 -0 -0.679413
    outer loop
      vertex 2.48785 11.75 69.098
      vertex 2.53961 10.5 69.0421
      vertex 2.48785 10.5 69.098
    endloop
  endfacet
  facet normal -0.783598 0 -0.621268
    outer loop
      vertex 2.48785 10.5 69.098
      vertex 2.39263 11.75 69.2181
      vertex 2.48785 11.75 69.098
    endloop
  endfacet
  facet normal -0.783598 -0 -0.621268
    outer loop
      vertex 2.39263 11.75 69.2181
      vertex 2.48785 10.5 69.098
      vertex 2.39263 10.5 69.2181
    endloop
  endfacet
  facet normal -0.815605 0 -0.578609
    outer loop
      vertex 2.39263 10.5 69.2181
      vertex 2.30154 11.75 69.3465
      vertex 2.39263 11.75 69.2181
    endloop
  endfacet
  facet normal -0.815605 -0 -0.578609
    outer loop
      vertex 2.30154 11.75 69.3465
      vertex 2.39263 10.5 69.2181
      vertex 2.30154 10.5 69.3465
    endloop
  endfacet
  facet normal -0.835896 0 -0.548888
    outer loop
      vertex 2.30154 10.5 69.3465
      vertex 2.25807 11.75 69.4127
      vertex 2.30154 11.75 69.3465
    endloop
  endfacet
  facet normal -0.835896 -0 -0.548888
    outer loop
      vertex 2.25807 11.75 69.4127
      vertex 2.30154 10.5 69.3465
      vertex 2.25807 10.5 69.4127
    endloop
  endfacet
  facet normal -0.855109 0 -0.518449
    outer loop
      vertex 2.25807 10.5 69.4127
      vertex 2.21666 11.75 69.481
      vertex 2.25807 11.75 69.4127
    endloop
  endfacet
  facet normal -0.855109 -0 -0.518449
    outer loop
      vertex 2.21666 11.75 69.481
      vertex 2.25807 10.5 69.4127
      vertex 2.21666 10.5 69.481
    endloop
  endfacet
  facet normal -0.868391 0 -0.495881
    outer loop
      vertex 2.21666 10.5 69.481
      vertex 2.17526 11.75 69.5535
      vertex 2.21666 11.75 69.481
    endloop
  endfacet
  facet normal -0.868391 -0 -0.495881
    outer loop
      vertex 2.17526 11.75 69.5535
      vertex 2.21666 10.5 69.481
      vertex 2.17526 10.5 69.5535
    endloop
  endfacet
  facet normal -0.878715 0 -0.477346
    outer loop
      vertex 2.17526 10.5 69.5535
      vertex 2.13593 11.75 69.6259
      vertex 2.17526 11.75 69.5535
    endloop
  endfacet
  facet normal -0.878715 -0 -0.477346
    outer loop
      vertex 2.13593 11.75 69.6259
      vertex 2.17526 10.5 69.5535
      vertex 2.13593 10.5 69.6259
    endloop
  endfacet
  facet normal -0.889366 0 -0.457196
    outer loop
      vertex 2.13593 10.5 69.6259
      vertex 2.09866 11.75 69.6984
      vertex 2.13593 11.75 69.6259
    endloop
  endfacet
  facet normal -0.889366 -0 -0.457196
    outer loop
      vertex 2.09866 11.75 69.6984
      vertex 2.13593 10.5 69.6259
      vertex 2.09866 10.5 69.6984
    endloop
  endfacet
  facet normal -0.899258 0 -0.43742
    outer loop
      vertex 2.09866 10.5 69.6984
      vertex 2.0614 11.75 69.775
      vertex 2.09866 11.75 69.6984
    endloop
  endfacet
  facet normal -0.899258 -0 -0.43742
    outer loop
      vertex 2.0614 11.75 69.775
      vertex 2.09866 10.5 69.6984
      vertex 2.0614 10.5 69.775
    endloop
  endfacet
  facet normal -0.912702 0 -0.408626
    outer loop
      vertex 2.0614 10.5 69.775
      vertex 2.02621 11.75 69.8536
      vertex 2.0614 11.75 69.775
    endloop
  endfacet
  facet normal -0.912702 -0 -0.408626
    outer loop
      vertex 2.02621 11.75 69.8536
      vertex 2.0614 10.5 69.775
      vertex 2.02621 10.5 69.8536
    endloop
  endfacet
  facet normal -0.925182 0 -0.379525
    outer loop
      vertex 2.02621 10.5 69.8536
      vertex 1.95996 11.75 70.0151
      vertex 2.02621 11.75 69.8536
    endloop
  endfacet
  facet normal -0.925182 -0 -0.379525
    outer loop
      vertex 1.95996 11.75 70.0151
      vertex 2.02621 10.5 69.8536
      vertex 1.95996 10.5 70.0151
    endloop
  endfacet
  facet normal -0.939162 0 -0.343474
    outer loop
      vertex 1.95996 10.5 70.0151
      vertex 1.89786 11.75 70.1849
      vertex 1.95996 11.75 70.0151
    endloop
  endfacet
  facet normal -0.939162 -0 -0.343474
    outer loop
      vertex 1.89786 11.75 70.1849
      vertex 1.95996 10.5 70.0151
      vertex 1.89786 10.5 70.1849
    endloop
  endfacet
  facet normal -0.950861 0 -0.309617
    outer loop
      vertex 1.89786 10.5 70.1849
      vertex 1.86888 11.75 70.2739
      vertex 1.89786 11.75 70.1849
    endloop
  endfacet
  facet normal -0.950861 -0 -0.309617
    outer loop
      vertex 1.86888 11.75 70.2739
      vertex 1.89786 10.5 70.1849
      vertex 1.86888 10.5 70.2739
    endloop
  endfacet
  facet normal -0.957202 0 -0.289419
    outer loop
      vertex 1.86888 10.5 70.2739
      vertex 1.84197 11.75 70.3629
      vertex 1.86888 11.75 70.2739
    endloop
  endfacet
  facet normal -0.957202 -0 -0.289419
    outer loop
      vertex 1.84197 11.75 70.3629
      vertex 1.86888 10.5 70.2739
      vertex 1.84197 10.5 70.3629
    endloop
  endfacet
  facet normal -0.959006 0 -0.283386
    outer loop
      vertex 1.84197 10.5 70.3629
      vertex 1.81505 11.75 70.454
      vertex 1.84197 11.75 70.3629
    endloop
  endfacet
  facet normal -0.959006 -0 -0.283386
    outer loop
      vertex 1.81505 11.75 70.454
      vertex 1.84197 10.5 70.3629
      vertex 1.81505 10.5 70.454
    endloop
  endfacet
  facet normal -0.967604 0 -0.252472
    outer loop
      vertex 1.81505 10.5 70.454
      vertex 1.79021 11.75 70.5492
      vertex 1.81505 11.75 70.454
    endloop
  endfacet
  facet normal -0.967604 -0 -0.252472
    outer loop
      vertex 1.79021 11.75 70.5492
      vertex 1.81505 10.5 70.454
      vertex 1.79021 10.5 70.5492
    endloop
  endfacet
  facet normal -0.973693 0 -0.227862
    outer loop
      vertex 1.79021 10.5 70.5492
      vertex 1.76744 11.75 70.6465
      vertex 1.79021 11.75 70.5492
    endloop
  endfacet
  facet normal -0.973693 -0 -0.227862
    outer loop
      vertex 1.76744 11.75 70.6465
      vertex 1.79021 10.5 70.5492
      vertex 1.76744 10.5 70.6465
    endloop
  endfacet
  facet normal -0.975702 0 -0.2191
    outer loop
      vertex 1.76744 10.5 70.6465
      vertex 1.74467 11.75 70.7479
      vertex 1.76744 11.75 70.6465
    endloop
  endfacet
  facet normal -0.975702 -0 -0.2191
    outer loop
      vertex 1.74467 11.75 70.7479
      vertex 1.76744 10.5 70.6465
      vertex 1.74467 10.5 70.7479
    endloop
  endfacet
  facet normal -0.976688 0 -0.214664
    outer loop
      vertex 1.74467 10.5 70.7479
      vertex 1.7219 11.75 70.8515
      vertex 1.74467 11.75 70.7479
    endloop
  endfacet
  facet normal -0.976688 -0 -0.214664
    outer loop
      vertex 1.7219 11.75 70.8515
      vertex 1.74467 10.5 70.7479
      vertex 1.7219 10.5 70.8515
    endloop
  endfacet
  facet normal -0.981272 0 -0.192627
    outer loop
      vertex 1.7219 10.5 70.8515
      vertex 1.70119 11.75 70.957
      vertex 1.7219 11.75 70.8515
    endloop
  endfacet
  facet normal -0.981272 -0 -0.192627
    outer loop
      vertex 1.70119 11.75 70.957
      vertex 1.7219 10.5 70.8515
      vertex 1.70119 10.5 70.957
    endloop
  endfacet
  facet normal -0.985884 0 -0.16743
    outer loop
      vertex 1.70119 10.5 70.957
      vertex 1.68256 11.75 71.0667
      vertex 1.70119 11.75 70.957
    endloop
  endfacet
  facet normal -0.985884 -0 -0.16743
    outer loop
      vertex 1.68256 11.75 71.0667
      vertex 1.70119 10.5 70.957
      vertex 1.68256 10.5 71.0667
    endloop
  endfacet
  facet normal -0.986399 0 -0.16437
    outer loop
      vertex 1.68256 10.5 71.0667
      vertex 1.66393 11.75 71.1785
      vertex 1.68256 11.75 71.0667
    endloop
  endfacet
  facet normal -0.986399 -0 -0.16437
    outer loop
      vertex 1.66393 11.75 71.1785
      vertex 1.68256 10.5 71.0667
      vertex 1.66393 10.5 71.1785
    endloop
  endfacet
  facet normal -0.989595 0 -0.143878
    outer loop
      vertex 1.66393 10.5 71.1785
      vertex 1.64737 11.75 71.2924
      vertex 1.66393 11.75 71.1785
    endloop
  endfacet
  facet normal -0.989595 -0 -0.143878
    outer loop
      vertex 1.64737 11.75 71.2924
      vertex 1.66393 10.5 71.1785
      vertex 1.64737 10.5 71.2924
    endloop
  endfacet
  facet normal -0.990296 0 -0.138977
    outer loop
      vertex 1.64737 10.5 71.2924
      vertex 1.63081 11.75 71.4104
      vertex 1.64737 11.75 71.2924
    endloop
  endfacet
  facet normal -0.990296 -0 -0.138977
    outer loop
      vertex 1.63081 11.75 71.4104
      vertex 1.64737 10.5 71.2924
      vertex 1.63081 10.5 71.4104
    endloop
  endfacet
  facet normal -0.990627 0 -0.136593
    outer loop
      vertex 1.63081 10.5 71.4104
      vertex 1.61425 11.75 71.5305
      vertex 1.63081 11.75 71.4104
    endloop
  endfacet
  facet normal -0.990627 -0 -0.136593
    outer loop
      vertex 1.61425 11.75 71.5305
      vertex 1.63081 10.5 71.4104
      vertex 1.61425 10.5 71.5305
    endloop
  endfacet
  facet normal -0.995037 0 -0.0995037
    outer loop
      vertex 1.61425 10.5 71.5305
      vertex 1.60183 11.75 71.6547
      vertex 1.61425 11.75 71.5305
    endloop
  endfacet
  facet normal -0.995037 -0 -0.0995037
    outer loop
      vertex 1.60183 11.75 71.6547
      vertex 1.61425 10.5 71.5305
      vertex 1.60183 10.5 71.6547
    endloop
  endfacet
  facet normal -0.9952 0 -0.0978652
    outer loop
      vertex 1.60183 10.5 71.6547
      vertex 1.58941 11.75 71.781
      vertex 1.60183 11.75 71.6547
    endloop
  endfacet
  facet normal -0.9952 -0 -0.0978652
    outer loop
      vertex 1.58941 11.75 71.781
      vertex 1.60183 10.5 71.6547
      vertex 1.58941 10.5 71.781
    endloop
  endfacet
  facet normal -0.995347 0 -0.0963539
    outer loop
      vertex 1.58941 10.5 71.781
      vertex 1.57699 11.75 71.9093
      vertex 1.58941 11.75 71.781
    endloop
  endfacet
  facet normal -0.995347 -0 -0.0963539
    outer loop
      vertex 1.57699 11.75 71.9093
      vertex 1.58941 10.5 71.781
      vertex 1.57699 10.5 71.9093
    endloop
  endfacet
  facet normal -0.996963 0 -0.077876
    outer loop
      vertex 1.57699 10.5 71.9093
      vertex 1.56664 11.75 72.0418
      vertex 1.57699 11.75 71.9093
    endloop
  endfacet
  facet normal -0.996963 -0 -0.077876
    outer loop
      vertex 1.56664 11.75 72.0418
      vertex 1.57699 10.5 71.9093
      vertex 1.56664 10.5 72.0418
    endloop
  endfacet
  facet normal -0.997051 0 -0.0767418
    outer loop
      vertex 1.56664 10.5 72.0418
      vertex 1.55628 11.75 72.1764
      vertex 1.56664 11.75 72.0418
    endloop
  endfacet
  facet normal -0.997051 -0 -0.0767418
    outer loop
      vertex 1.55628 11.75 72.1764
      vertex 1.56664 10.5 72.0418
      vertex 1.55628 10.5 72.1764
    endloop
  endfacet
  facet normal -0.998168 0 -0.0605039
    outer loop
      vertex 1.55628 10.5 72.1764
      vertex 1.548 11.75 72.313
      vertex 1.55628 11.75 72.1764
    endloop
  endfacet
  facet normal -0.998168 -0 -0.0605039
    outer loop
      vertex 1.548 11.75 72.313
      vertex 1.55628 10.5 72.1764
      vertex 1.548 10.5 72.313
    endloop
  endfacet
  facet normal -0.999029 0 -0.0440623
    outer loop
      vertex 1.548 10.5 72.313
      vertex 1.54179 11.75 72.4538
      vertex 1.548 11.75 72.313
    endloop
  endfacet
  facet normal -0.999029 -0 -0.0440623
    outer loop
      vertex 1.54179 11.75 72.4538
      vertex 1.548 10.5 72.313
      vertex 1.54179 10.5 72.4538
    endloop
  endfacet
  facet normal -0.999056 0 -0.0434463
    outer loop
      vertex 1.54179 10.5 72.4538
      vertex 1.53558 11.75 72.5966
      vertex 1.54179 11.75 72.4538
    endloop
  endfacet
  facet normal -0.999056 -0 -0.0434463
    outer loop
      vertex 1.53558 11.75 72.5966
      vertex 1.54179 10.5 72.4538
      vertex 1.53558 10.5 72.5966
    endloop
  endfacet
  facet normal -0.999083 0 -0.0428178
    outer loop
      vertex 1.53558 10.5 72.5966
      vertex 1.52937 11.75 72.7415
      vertex 1.53558 11.75 72.5966
    endloop
  endfacet
  facet normal -0.999083 -0 -0.0428178
    outer loop
      vertex 1.52937 11.75 72.7415
      vertex 1.53558 10.5 72.5966
      vertex 1.52937 10.5 72.7415
    endloop
  endfacet
  facet normal -0.999615 0 -0.0277559
    outer loop
      vertex 1.52937 10.5 72.7415
      vertex 1.52523 11.75 72.8906
      vertex 1.52937 11.75 72.7415
    endloop
  endfacet
  facet normal -0.999615 -0 -0.0277559
    outer loop
      vertex 1.52523 11.75 72.8906
      vertex 1.52937 10.5 72.7415
      vertex 1.52523 10.5 72.8906
    endloop
  endfacet
  facet normal -0.999906 0 -0.0136983
    outer loop
      vertex 1.52523 10.5 72.8906
      vertex 1.52316 11.75 73.0417
      vertex 1.52523 11.75 72.8906
    endloop
  endfacet
  facet normal -0.999906 -0 -0.0136983
    outer loop
      vertex 1.52316 11.75 73.0417
      vertex 1.52523 10.5 72.8906
      vertex 1.52316 10.5 73.0417
    endloop
  endfacet
  facet normal -0.999911 0 -0.0133364
    outer loop
      vertex 1.52316 10.5 73.0417
      vertex 1.52109 11.75 73.1969
      vertex 1.52316 11.75 73.0417
    endloop
  endfacet
  facet normal -0.999911 -0 -0.0133364
    outer loop
      vertex 1.52109 11.75 73.1969
      vertex 1.52316 10.5 73.0417
      vertex 1.52109 10.5 73.1969
    endloop
  endfacet
  facet normal -1 0 0
    outer loop
      vertex 1.52109 10.5 73.1969
      vertex 1.52109 11.75 73.5882
      vertex 1.52109 11.75 73.1969
    endloop
  endfacet
  facet normal -1 -0 0
    outer loop
      vertex 1.52109 11.75 73.5882
      vertex 1.52109 10.5 73.1969
      vertex 1.52109 10.5 73.5882
    endloop
  endfacet
  facet normal -0.999635 0 0.0270136
    outer loop
      vertex 1.52109 10.5 73.5882
      vertex 1.52316 11.75 73.6648
      vertex 1.52109 11.75 73.5882
    endloop
  endfacet
  facet normal -0.999635 0 0.0270136
    outer loop
      vertex 1.52316 11.75 73.6648
      vertex 1.52109 10.5 73.5882
      vertex 1.52316 10.5 73.6648
    endloop
  endfacet
  facet normal -1 0 0
    outer loop
      vertex 1.52316 10.5 73.6648
      vertex 1.52316 11.75 73.7393
      vertex 1.52316 11.75 73.6648
    endloop
  endfacet
  facet normal -1 -0 0
    outer loop
      vertex 1.52316 11.75 73.7393
      vertex 1.52316 10.5 73.6648
      vertex 1.52316 10.5 73.7393
    endloop
  endfacet
  facet normal -0.999635 0 0.0270136
    outer loop
      vertex 1.52316 10.5 73.7393
      vertex 1.52523 11.75 73.8159
      vertex 1.52316 11.75 73.7393
    endloop
  endfacet
  facet normal -0.999635 0 0.0270136
    outer loop
      vertex 1.52523 11.75 73.8159
      vertex 1.52316 10.5 73.7393
      vertex 1.52523 10.5 73.8159
    endloop
  endfacet
  facet normal -0.999593 0 0.0285401
    outer loop
      vertex 1.52523 10.5 73.8159
      vertex 1.5273 11.75 73.8884
      vertex 1.52523 11.75 73.8159
    endloop
  endfacet
  facet normal -0.999593 0 0.0285401
    outer loop
      vertex 1.5273 11.75 73.8884
      vertex 1.52523 10.5 73.8159
      vertex 1.5273 10.5 73.8884
    endloop
  endfacet
  facet normal -1 0 0
    outer loop
      vertex 1.5273 10.5 73.8884
      vertex 1.5273 11.75 73.9608
      vertex 1.5273 11.75 73.8884
    endloop
  endfacet
  facet normal -1 -0 0
    outer loop
      vertex 1.5273 11.75 73.9608
      vertex 1.5273 10.5 73.8884
      vertex 1.5273 10.5 73.9608
    endloop
  endfacet
  facet normal -0.999592 0 0.0285598
    outer loop
      vertex 1.5273 10.5 73.9608
      vertex 1.53144 11.75 74.1057
      vertex 1.5273 11.75 73.9608
    endloop
  endfacet
  facet normal -0.999592 0 0.0285598
    outer loop
      vertex 1.53144 11.75 74.1057
      vertex 1.5273 10.5 73.9608
      vertex 1.53144 10.5 74.1057
    endloop
  endfacet
  facet normal -0.999542 0 0.0302493
    outer loop
      vertex 1.53144 10.5 74.1057
      vertex 1.53351 11.75 74.1741
      vertex 1.53144 11.75 74.1057
    endloop
  endfacet
  facet normal -0.999542 0 0.0302493
    outer loop
      vertex 1.53351 11.75 74.1741
      vertex 1.53144 10.5 74.1057
      vertex 1.53351 10.5 74.1741
    endloop
  endfacet
  facet normal -0.99827 0 0.0587886
    outer loop
      vertex 1.53351 10.5 74.1741
      vertex 1.53765 11.75 74.2444
      vertex 1.53351 11.75 74.1741
    endloop
  endfacet
  facet normal -0.99827 0 0.0587886
    outer loop
      vertex 1.53765 11.75 74.2444
      vertex 1.53351 10.5 74.1741
      vertex 1.53765 10.5 74.2444
    endloop
  endfacet
  facet normal -0.999542 0 0.0302714
    outer loop
      vertex 1.53765 10.5 74.2444
      vertex 1.54179 11.75 74.3811
      vertex 1.53765 11.75 74.2444
    endloop
  endfacet
  facet normal -0.999542 0 0.0302714
    outer loop
      vertex 1.54179 11.75 74.3811
      vertex 1.53765 10.5 74.2444
      vertex 1.54179 10.5 74.3811
    endloop
  endfacet
  facet normal -0.99805 0 0.0624158
    outer loop
      vertex 1.54179 10.5 74.3811
      vertex 1.54593 11.75 74.4473
      vertex 1.54179 11.75 74.3811
    endloop
  endfacet
  facet normal -0.99805 0 0.0624158
    outer loop
      vertex 1.54593 11.75 74.4473
      vertex 1.54179 10.5 74.3811
      vertex 1.54593 10.5 74.4473
    endloop
  endfacet
  facet normal -0.999513 0 0.0312065
    outer loop
      vertex 1.54593 10.5 74.4473
      vertex 1.548 11.75 74.5136
      vertex 1.54593 11.75 74.4473
    endloop
  endfacet
  facet normal -0.999513 0 0.0312065
    outer loop
      vertex 1.548 11.75 74.5136
      vertex 1.54593 10.5 74.4473
      vertex 1.548 10.5 74.5136
    endloop
  endfacet
  facet normal -0.997921 0 0.0644523
    outer loop
      vertex 1.548 10.5 74.5136
      vertex 1.55214 11.75 74.5777
      vertex 1.548 11.75 74.5136
    endloop
  endfacet
  facet normal -0.997921 0 0.0644523
    outer loop
      vertex 1.55214 11.75 74.5777
      vertex 1.548 10.5 74.5136
      vertex 1.55214 10.5 74.5777
    endloop
  endfacet
  facet normal -0.998056 0 0.0623221
    outer loop
      vertex 1.55214 10.5 74.5777
      vertex 1.55628 11.75 74.644
      vertex 1.55214 11.75 74.5777
    endloop
  endfacet
  facet normal -0.998056 0 0.0623221
    outer loop
      vertex 1.55628 11.75 74.644
      vertex 1.55214 10.5 74.5777
      vertex 1.55628 10.5 74.644
    endloop
  endfacet
  facet normal -0.997782 0 0.066559
    outer loop
      vertex 1.55628 10.5 74.644
      vertex 1.57285 11.75 74.8924
      vertex 1.55628 11.75 74.644
    endloop
  endfacet
  facet normal -0.997782 0 0.066559
    outer loop
      vertex 1.57285 11.75 74.8924
      vertex 1.55628 10.5 74.644
      vertex 1.57285 10.5 74.8924
    endloop
  endfacet
  facet normal -0.994317 0 0.10646
    outer loop
      vertex 1.57285 10.5 74.8924
      vertex 1.57906 11.75 74.9504
      vertex 1.57285 11.75 74.8924
    endloop
  endfacet
  facet normal -0.994317 0 0.10646
    outer loop
      vertex 1.57906 11.75 74.9504
      vertex 1.57285 10.5 74.8924
      vertex 1.57906 10.5 74.9504
    endloop
  endfacet
  facet normal -0.997628 0 0.0688363
    outer loop
      vertex 1.57906 10.5 74.9504
      vertex 1.5832 11.75 75.0104
      vertex 1.57906 11.75 74.9504
    endloop
  endfacet
  facet normal -0.997628 0 0.0688363
    outer loop
      vertex 1.5832 11.75 75.0104
      vertex 1.57906 10.5 74.9504
      vertex 1.5832 10.5 75.0104
    endloop
  endfacet
  facet normal -0.998666 0 0.0516379
    outer loop
      vertex 1.5832 10.5 75.0104
      vertex 1.58941 11.75 75.1305
      vertex 1.5832 11.75 75.0104
    endloop
  endfacet
  facet normal -0.998666 0 0.0516379
    outer loop
      vertex 1.58941 11.75 75.1305
      vertex 1.5832 10.5 75.0104
      vertex 1.58941 10.5 75.1305
    endloop
  endfacet
  facet normal -0.997547 0 0.0699974
    outer loop
      vertex 1.58941 10.5 75.1305
      vertex 1.59769 11.75 75.2485
      vertex 1.58941 11.75 75.1305
    endloop
  endfacet
  facet normal -0.997547 0 0.0699974
    outer loop
      vertex 1.59769 11.75 75.2485
      vertex 1.58941 10.5 75.1305
      vertex 1.59769 10.5 75.2485
    endloop
  endfacet
  facet normal -0.997364 0 0.0725674
    outer loop
      vertex 1.59769 10.5 75.2485
      vertex 1.60597 11.75 75.3623
      vertex 1.59769 11.75 75.2485
    endloop
  endfacet
  facet normal -0.997364 0 0.0725674
    outer loop
      vertex 1.60597 11.75 75.3623
      vertex 1.59769 10.5 75.2485
      vertex 1.60597 10.5 75.3623
    endloop
  endfacet
  facet normal -0.995897 0 0.0904963
    outer loop
      vertex 1.60597 10.5 75.3623
      vertex 1.61632 11.75 75.4762
      vertex 1.60597 11.75 75.3623
    endloop
  endfacet
  facet normal -0.995897 0 0.0904963
    outer loop
      vertex 1.61632 11.75 75.4762
      vertex 1.60597 10.5 75.3623
      vertex 1.61632 10.5 75.4762
    endloop
  endfacet
  facet normal -0.997269 0 0.0738585
    outer loop
      vertex 1.61632 10.5 75.4762
      vertex 1.6246 11.75 75.588
      vertex 1.61632 11.75 75.4762
    endloop
  endfacet
  facet normal -0.997269 0 0.0738585
    outer loop
      vertex 1.6246 11.75 75.588
      vertex 1.61632 10.5 75.4762
      vertex 1.6246 10.5 75.588
    endloop
  endfacet
  facet normal -0.99541 0 0.0957036
    outer loop
      vertex 1.6246 10.5 75.588
      vertex 1.6453 11.75 75.8033
      vertex 1.6246 11.75 75.588
    endloop
  endfacet
  facet normal -0.99541 0 0.0957036
    outer loop
      vertex 1.6453 11.75 75.8033
      vertex 1.6246 10.5 75.588
      vertex 1.6453 10.5 75.8033
    endloop
  endfacet
  facet normal -0.992877 0 0.119145
    outer loop
      vertex 1.6453 10.5 75.8033
      vertex 1.65772 11.75 75.9068
      vertex 1.6453 11.75 75.8033
    endloop
  endfacet
  facet normal -0.992877 0 0.119145
    outer loop
      vertex 1.65772 11.75 75.9068
      vertex 1.6453 10.5 75.8033
      vertex 1.65772 10.5 75.9068
    endloop
  endfacet
  facet normal -0.995037 0 0.0995037
    outer loop
      vertex 1.65772 10.5 75.9068
      vertex 1.66807 11.75 76.0103
      vertex 1.65772 11.75 75.9068
    endloop
  endfacet
  facet normal -0.995037 0 0.0995037
    outer loop
      vertex 1.66807 11.75 76.0103
      vertex 1.65772 10.5 75.9068
      vertex 1.66807 10.5 76.0103
    endloop
  endfacet
  facet normal -0.992276 0 0.124047
    outer loop
      vertex 1.66807 10.5 76.0103
      vertex 1.69291 11.75 76.209
      vertex 1.66807 11.75 76.0103
    endloop
  endfacet
  facet normal -0.992276 0 0.124047
    outer loop
      vertex 1.69291 11.75 76.209
      vertex 1.66807 10.5 76.0103
      vertex 1.69291 10.5 76.209
    endloop
  endfacet
  facet normal -0.988599 0 0.150574
    outer loop
      vertex 1.69291 10.5 76.209
      vertex 1.70741 11.75 76.3042
      vertex 1.69291 11.75 76.209
    endloop
  endfacet
  facet normal -0.988599 0 0.150574
    outer loop
      vertex 1.70741 11.75 76.3042
      vertex 1.69291 10.5 76.209
      vertex 1.70741 10.5 76.3042
    endloop
  endfacet
  facet normal -0.988129 0 0.153626
    outer loop
      vertex 1.70741 10.5 76.3042
      vertex 1.73639 11.75 76.4906
      vertex 1.70741 11.75 76.3042
    endloop
  endfacet
  facet normal -0.988129 0 0.153626
    outer loop
      vertex 1.73639 11.75 76.4906
      vertex 1.70741 10.5 76.3042
      vertex 1.73639 10.5 76.4906
    endloop
  endfacet
  facet normal -0.987004 0 0.160693
    outer loop
      vertex 1.73639 10.5 76.4906
      vertex 1.75088 11.75 76.5796
      vertex 1.73639 11.75 76.4906
    endloop
  endfacet
  facet normal -0.987004 0 0.160693
    outer loop
      vertex 1.75088 11.75 76.5796
      vertex 1.73639 10.5 76.4906
      vertex 1.75088 10.5 76.5796
    endloop
  endfacet
  facet normal -0.982323 0 0.187195
    outer loop
      vertex 1.75088 10.5 76.5796
      vertex 1.76744 11.75 76.6665
      vertex 1.75088 11.75 76.5796
    endloop
  endfacet
  facet normal -0.982323 0 0.187195
    outer loop
      vertex 1.76744 11.75 76.6665
      vertex 1.75088 10.5 76.5796
      vertex 1.76744 10.5 76.6665
    endloop
  endfacet
  facet normal -0.981503 0 0.191445
    outer loop
      vertex 1.76744 10.5 76.6665
      vertex 1.784 11.75 76.7514
      vertex 1.76744 11.75 76.6665
    endloop
  endfacet
  facet normal -0.981503 0 0.191445
    outer loop
      vertex 1.784 11.75 76.7514
      vertex 1.76744 10.5 76.6665
      vertex 1.784 10.5 76.7514
    endloop
  endfacet
  facet normal -0.980581 0 0.196116
    outer loop
      vertex 1.784 10.5 76.7514
      vertex 1.80056 11.75 76.8342
      vertex 1.784 11.75 76.7514
    endloop
  endfacet
  facet normal -0.980581 0 0.196116
    outer loop
      vertex 1.80056 11.75 76.8342
      vertex 1.784 10.5 76.7514
      vertex 1.80056 10.5 76.8342
    endloop
  endfacet
  facet normal -0.979588 0 0.201016
    outer loop
      vertex 1.80056 10.5 76.8342
      vertex 1.81712 11.75 76.9149
      vertex 1.80056 11.75 76.8342
    endloop
  endfacet
  facet normal -0.979588 0 0.201016
    outer loop
      vertex 1.81712 11.75 76.9149
      vertex 1.80056 10.5 76.8342
      vertex 1.81712 10.5 76.9149
    endloop
  endfacet
  facet normal -0.973079 0 0.230473
    outer loop
      vertex 1.81712 10.5 76.9149
      vertex 1.83576 11.75 76.9936
      vertex 1.81712 11.75 76.9149
    endloop
  endfacet
  facet normal -0.973079 0 0.230473
    outer loop
      vertex 1.83576 11.75 76.9936
      vertex 1.81712 10.5 76.9149
      vertex 1.83576 10.5 76.9936
    endloop
  endfacet
  facet normal -0.971675 0 0.236322
    outer loop
      vertex 1.83576 10.5 76.9936
      vertex 1.85439 11.75 77.0702
      vertex 1.83576 11.75 76.9936
    endloop
  endfacet
  facet normal -0.971675 0 0.236322
    outer loop
      vertex 1.85439 11.75 77.0702
      vertex 1.83576 10.5 76.9936
      vertex 1.85439 10.5 77.0702
    endloop
  endfacet
  facet normal -0.963499 0 0.267711
    outer loop
      vertex 1.85439 10.5 77.0702
      vertex 1.87509 11.75 77.1447
      vertex 1.85439 11.75 77.0702
    endloop
  endfacet
  facet normal -0.963499 0 0.267711
    outer loop
      vertex 1.87509 11.75 77.1447
      vertex 1.85439 10.5 77.0702
      vertex 1.87509 10.5 77.1447
    endloop
  endfacet
  facet normal -0.968534 0 0.24888
    outer loop
      vertex 1.87509 10.5 77.1447
      vertex 1.89372 11.75 77.2172
      vertex 1.87509 11.75 77.1447
    endloop
  endfacet
  facet normal -0.968534 0 0.24888
    outer loop
      vertex 1.89372 11.75 77.2172
      vertex 1.87509 10.5 77.1447
      vertex 1.89372 10.5 77.2172
    endloop
  endfacet
  facet normal -0.959387 0 0.282093
    outer loop
      vertex 1.89372 10.5 77.2172
      vertex 1.91442 11.75 77.2876
      vertex 1.89372 11.75 77.2172
    endloop
  endfacet
  facet normal -0.959387 0 0.282093
    outer loop
      vertex 1.91442 11.75 77.2876
      vertex 1.89372 10.5 77.2172
      vertex 1.91442 10.5 77.2876
    endloop
  endfacet
  facet normal -0 0 1
    outer loop
      vertex 1.91442 11.75 77.2876
      vertex 4.58492 10.5 77.2876
      vertex 4.58492 11.75 77.2876
    endloop
  endfacet
  facet normal 0 0 1
    outer loop
      vertex 4.58492 10.5 77.2876
      vertex 1.91442 11.75 77.2876
      vertex 1.91442 10.5 77.2876
    endloop
  endfacet
  facet normal 0.996938 0 -0.0781933
    outer loop
      vertex 4.58492 10.5 77.2876
      vertex 4.50211 11.75 76.2318
      vertex 4.58492 11.75 77.2876
    endloop
  endfacet
  facet normal 0.996938 0 -0.0781933
    outer loop
      vertex 4.50211 11.75 76.2318
      vertex 4.58492 10.5 77.2876
      vertex 4.50211 10.5 76.2318
    endloop
  endfacet
  facet normal 0.996821 0 -0.0796687
    outer loop
      vertex 4.50211 10.5 76.2318
      vertex 4.49797 11.75 76.18
      vertex 4.50211 11.75 76.2318
    endloop
  endfacet
  facet normal 0.996821 0 -0.0796687
    outer loop
      vertex 4.49797 11.75 76.18
      vertex 4.50211 10.5 76.2318
      vertex 4.49797 10.5 76.18
    endloop
  endfacet
  facet normal 0.993404 0 -0.114666
    outer loop
      vertex 4.49797 10.5 76.18
      vertex 4.49176 11.75 76.1262
      vertex 4.49797 11.75 76.18
    endloop
  endfacet
  facet normal 0.993404 0 -0.114666
    outer loop
      vertex 4.49176 11.75 76.1262
      vertex 4.49797 10.5 76.18
      vertex 4.49176 10.5 76.1262
    endloop
  endfacet
  facet normal 0.997269 0 -0.0738585
    outer loop
      vertex 4.49176 10.5 76.1262
      vertex 4.48762 11.75 76.0703
      vertex 4.49176 11.75 76.1262
    endloop
  endfacet
  facet normal 0.997269 0 -0.0738585
    outer loop
      vertex 4.48762 11.75 76.0703
      vertex 4.49176 10.5 76.1262
      vertex 4.48762 10.5 76.0703
    endloop
  endfacet
  facet normal 0.997453 0 -0.0713205
    outer loop
      vertex 4.48762 10.5 76.0703
      vertex 4.48348 11.75 76.0124
      vertex 4.48762 11.75 76.0703
    endloop
  endfacet
  facet normal 0.997453 0 -0.0713205
    outer loop
      vertex 4.48348 11.75 76.0124
      vertex 4.48762 10.5 76.0703
      vertex 4.48348 10.5 76.0124
    endloop
  endfacet
  facet normal 0.997792 0 -0.0664125
    outer loop
      vertex 4.48348 10.5 76.0124
      vertex 4.47934 11.75 75.9502
      vertex 4.48348 11.75 76.0124
    endloop
  endfacet
  facet normal 0.997792 0 -0.0664125
    outer loop
      vertex 4.47934 11.75 75.9502
      vertex 4.48348 10.5 76.0124
      vertex 4.47934 10.5 75.9502
    endloop
  endfacet
  facet normal 0.997921 0 -0.0644523
    outer loop
      vertex 4.47934 10.5 75.9502
      vertex 4.4752 11.75 75.8861
      vertex 4.47934 11.75 75.9502
    endloop
  endfacet
  facet normal 0.997921 0 -0.0644523
    outer loop
      vertex 4.4752 11.75 75.8861
      vertex 4.47934 10.5 75.9502
      vertex 4.4752 10.5 75.8861
    endloop
  endfacet
  facet normal 0.998056 0 -0.0623221
    outer loop
      vertex 4.4752 10.5 75.8861
      vertex 4.47106 11.75 75.8198
      vertex 4.4752 11.75 75.8861
    endloop
  endfacet
  facet normal 0.998056 0 -0.0623221
    outer loop
      vertex 4.47106 11.75 75.8198
      vertex 4.4752 10.5 75.8861
      vertex 4.47106 10.5 75.8198
    endloop
  endfacet
  facet normal 0.998168 0 -0.0605039
    outer loop
      vertex 4.47106 10.5 75.8198
      vertex 4.46692 11.75 75.7515
      vertex 4.47106 11.75 75.8198
    endloop
  endfacet
  facet normal 0.998168 0 -0.0605039
    outer loop
      vertex 4.46692 11.75 75.7515
      vertex 4.47106 10.5 75.8198
      vertex 4.46692 10.5 75.7515
    endloop
  endfacet
  facet normal 0.999592 0 -0.0285795
    outer loop
      vertex 4.46692 10.5 75.7515
      vertex 4.46485 11.75 75.6791
      vertex 4.46692 11.75 75.7515
    endloop
  endfacet
  facet normal 0.999592 0 -0.0285795
    outer loop
      vertex 4.46485 11.75 75.6791
      vertex 4.46692 10.5 75.7515
      vertex 4.46485 10.5 75.6791
    endloop
  endfacet
  facet normal 0.998374 0 -0.0570106
    outer loop
      vertex 4.46485 10.5 75.6791
      vertex 4.46071 11.75 75.6066
      vertex 4.46485 11.75 75.6791
    endloop
  endfacet
  facet normal 0.998374 0 -0.0570106
    outer loop
      vertex 4.46071 11.75 75.6066
      vertex 4.46485 10.5 75.6791
      vertex 4.46071 10.5 75.6066
    endloop
  endfacet
  facet normal 0.999635 0 -0.0270136
    outer loop
      vertex 4.46071 10.5 75.6066
      vertex 4.45864 11.75 75.53
      vertex 4.46071 11.75 75.6066
    endloop
  endfacet
  facet normal 0.999635 0 -0.0270136
    outer loop
      vertex 4.45864 11.75 75.53
      vertex 4.46071 10.5 75.6066
      vertex 4.45864 10.5 75.53
    endloop
  endfacet
  facet normal 0.999654 0 -0.0262933
    outer loop
      vertex 4.45864 10.5 75.53
      vertex 4.45657 11.75 75.4513
      vertex 4.45864 11.75 75.53
    endloop
  endfacet
  facet normal 0.999654 0 -0.0262933
    outer loop
      vertex 4.45657 11.75 75.4513
      vertex 4.45864 10.5 75.53
      vertex 4.45657 10.5 75.4513
    endloop
  endfacet
  facet normal 0.998752 0 -0.0499376
    outer loop
      vertex 4.45657 10.5 75.4513
      vertex 4.45243 11.75 75.3685
      vertex 4.45657 11.75 75.4513
    endloop
  endfacet
  facet normal 0.998752 0 -0.0499376
    outer loop
      vertex 4.45243 11.75 75.3685
      vertex 4.45657 10.5 75.4513
      vertex 4.45243 10.5 75.3685
    endloop
  endfacet
  facet normal 0.999688 0 -0.0249922
    outer loop
      vertex 4.45243 10.5 75.3685
      vertex 4.45036 11.75 75.2857
      vertex 4.45243 11.75 75.3685
    endloop
  endfacet
  facet normal 0.999688 0 -0.0249922
    outer loop
      vertex 4.45036 11.75 75.2857
      vertex 4.45243 10.5 75.3685
      vertex 4.45036 10.5 75.2857
    endloop
  endfacet
  facet normal 0.999716 0 -0.0238137
    outer loop
      vertex 4.45036 10.5 75.2857
      vertex 4.44829 11.75 75.1988
      vertex 4.45036 11.75 75.2857
    endloop
  endfacet
  facet normal 0.999716 0 -0.0238137
    outer loop
      vertex 4.44829 11.75 75.1988
      vertex 4.45036 10.5 75.2857
      vertex 4.44829 10.5 75.1988
    endloop
  endfacet
  facet normal 0.99973 0 -0.0232521
    outer loop
      vertex 4.44829 10.5 75.1988
      vertex 4.44622 11.75 75.1098
      vertex 4.44829 11.75 75.1988
    endloop
  endfacet
  facet normal 0.99973 0 -0.0232521
    outer loop
      vertex 4.44622 11.75 75.1098
      vertex 4.44829 10.5 75.1988
      vertex 4.44622 10.5 75.1098
    endloop
  endfacet
  facet normal 1 -0 0
    outer loop
      vertex 4.44622 10.5 75.1098
      vertex 4.44622 11.75 75.0187
      vertex 4.44622 11.75 75.1098
    endloop
  endfacet
  facet normal 1 0 0
    outer loop
      vertex 4.44622 11.75 75.0187
      vertex 4.44622 10.5 75.1098
      vertex 4.44622 10.5 75.0187
    endloop
  endfacet
  facet normal 0.999764 0 -0.0217386
    outer loop
      vertex 4.44622 10.5 75.0187
      vertex 4.44415 11.75 74.9235
      vertex 4.44622 11.75 75.0187
    endloop
  endfacet
  facet normal 0.999764 0 -0.0217386
    outer loop
      vertex 4.44415 11.75 74.9235
      vertex 4.44622 10.5 75.0187
      vertex 4.44415 10.5 74.9235
    endloop
  endfacet
  facet normal 0.999774 0 -0.0212696
    outer loop
      vertex 4.44415 10.5 74.9235
      vertex 4.44208 11.75 74.8262
      vertex 4.44415 11.75 74.9235
    endloop
  endfacet
  facet normal 0.999774 0 -0.0212696
    outer loop
      vertex 4.44208 11.75 74.8262
      vertex 4.44415 10.5 74.9235
      vertex 4.44208 10.5 74.8262
    endloop
  endfacet
  facet normal 1 -0 0
    outer loop
      vertex 4.44208 10.5 74.8262
      vertex 4.44208 11.75 74.7289
      vertex 4.44208 11.75 74.8262
    endloop
  endfacet
  facet normal 1 0 0
    outer loop
      vertex 4.44208 11.75 74.7289
      vertex 4.44208 10.5 74.8262
      vertex 4.44208 10.5 74.7289
    endloop
  endfacet
  facet normal 0.999792 0 -0.0203898
    outer loop
      vertex 4.44208 10.5 74.7289
      vertex 4.44001 11.75 74.6274
      vertex 4.44208 11.75 74.7289
    endloop
  endfacet
  facet normal 0.999792 0 -0.0203898
    outer loop
      vertex 4.44001 11.75 74.6274
      vertex 4.44208 10.5 74.7289
      vertex 4.44001 10.5 74.6274
    endloop
  endfacet
  facet normal 1 -0 0
    outer loop
      vertex 4.44001 10.5 74.6274
      vertex 4.44001 11.75 74.1223
      vertex 4.44001 11.75 74.6274
    endloop
  endfacet
  facet normal 1 0 0
    outer loop
      vertex 4.44001 11.75 74.1223
      vertex 4.44001 10.5 74.6274
      vertex 4.44001 10.5 74.1223
    endloop
  endfacet
  facet normal 0.999445 -0 0.0333148
    outer loop
      vertex 4.44001 10.5 74.1223
      vertex 4.44208 11.75 74.0602
      vertex 4.44001 11.75 74.1223
    endloop
  endfacet
  facet normal 0.999445 0 0.0333148
    outer loop
      vertex 4.44208 11.75 74.0602
      vertex 4.44001 10.5 74.1223
      vertex 4.44208 10.5 74.0602
    endloop
  endfacet
  facet normal 1 -0 0
    outer loop
      vertex 4.44208 10.5 74.0602
      vertex 4.44208 11.75 73.9401
      vertex 4.44208 11.75 74.0602
    endloop
  endfacet
  facet normal 1 0 0
    outer loop
      vertex 4.44208 11.75 73.9401
      vertex 4.44208 10.5 74.0602
      vertex 4.44208 10.5 73.9401
    endloop
  endfacet
  facet normal 0.999445 -0 0.0333148
    outer loop
      vertex 4.44208 10.5 73.9401
      vertex 4.44415 11.75 73.878
      vertex 4.44208 11.75 73.9401
    endloop
  endfacet
  facet normal 0.999445 0 0.0333148
    outer loop
      vertex 4.44415 11.75 73.878
      vertex 4.44208 10.5 73.9401
      vertex 4.44415 10.5 73.878
    endloop
  endfacet
  facet normal 1 -0 0
    outer loop
      vertex 4.44415 10.5 73.878
      vertex 4.44415 11.75 73.818
      vertex 4.44415 11.75 73.878
    endloop
  endfacet
  facet normal 1 0 0
    outer loop
      vertex 4.44415 11.75 73.818
      vertex 4.44415 10.5 73.878
      vertex 4.44415 10.5 73.818
    endloop
  endfacet
  facet normal 0.999364 -0 0.0356669
    outer loop
      vertex 4.44415 10.5 73.818
      vertex 4.44622 11.75 73.76
      vertex 4.44415 11.75 73.818
    endloop
  endfacet
  facet normal 0.999364 0 0.0356669
    outer loop
      vertex 4.44622 11.75 73.76
      vertex 4.44415 10.5 73.818
      vertex 4.44622 10.5 73.76
    endloop
  endfacet
  facet normal 1 -0 0
    outer loop
      vertex 4.44622 10.5 73.76
      vertex 4.44622 11.75 73.7
      vertex 4.44622 11.75 73.76
    endloop
  endfacet
  facet normal 1 0 0
    outer loop
      vertex 4.44622 11.75 73.7
      vertex 4.44622 10.5 73.76
      vertex 4.44622 10.5 73.7
    endloop
  endfacet
  facet normal 0.999405 -0 0.0344795
    outer loop
      vertex 4.44622 10.5 73.7
      vertex 4.44829 11.75 73.64
      vertex 4.44622 11.75 73.7
    endloop
  endfacet
  facet normal 0.999405 0 0.0344795
    outer loop
      vertex 4.44829 11.75 73.64
      vertex 4.44622 10.5 73.7
      vertex 4.44829 10.5 73.64
    endloop
  endfacet
  facet normal 0.999363 -0 0.0356874
    outer loop
      vertex 4.44829 10.5 73.64
      vertex 4.46071 11.75 73.2922
      vertex 4.44829 11.75 73.64
    endloop
  endfacet
  facet normal 0.999363 0 0.0356874
    outer loop
      vertex 4.46071 11.75 73.2922
      vertex 4.44829 10.5 73.64
      vertex 4.46071 10.5 73.2922
    endloop
  endfacet
  facet normal 0.999315 -0 0.037005
    outer loop
      vertex 4.46071 10.5 73.2922
      vertex 4.46278 11.75 73.2363
      vertex 4.46071 11.75 73.2922
    endloop
  endfacet
  facet normal 0.999315 0 0.037005
    outer loop
      vertex 4.46278 11.75 73.2363
      vertex 4.46071 10.5 73.2922
      vertex 4.46278 10.5 73.2363
    endloop
  endfacet
  facet normal 0.997462 -0 0.0711982
    outer loop
      vertex 4.46278 10.5 73.2363
      vertex 4.46692 11.75 73.1783
      vertex 4.46278 11.75 73.2363
    endloop
  endfacet
  facet normal 0.997462 0 0.0711982
    outer loop
      vertex 4.46692 11.75 73.1783
      vertex 4.46278 10.5 73.2363
      vertex 4.46692 10.5 73.1783
    endloop
  endfacet
  facet normal 0.999315 -0 0.037005
    outer loop
      vertex 4.46692 10.5 73.1783
      vertex 4.47106 11.75 73.0665
      vertex 4.46692 11.75 73.1783
    endloop
  endfacet
  facet normal 0.999315 0 0.037005
    outer loop
      vertex 4.47106 11.75 73.0665
      vertex 4.46692 10.5 73.1783
      vertex 4.47106 10.5 73.0665
    endloop
  endfacet
  facet normal 0.997269 -0 0.0738585
    outer loop
      vertex 4.47106 10.5 73.0665
      vertex 4.4752 11.75 73.0106
      vertex 4.47106 11.75 73.0665
    endloop
  endfacet
  facet normal 0.997269 0 0.0738585
    outer loop
      vertex 4.4752 11.75 73.0106
      vertex 4.47106 10.5 73.0665
      vertex 4.4752 10.5 73.0106
    endloop
  endfacet
  facet normal 0.999315 -0 0.037005
    outer loop
      vertex 4.4752 10.5 73.0106
      vertex 4.47727 11.75 72.9547
      vertex 4.4752 11.75 73.0106
    endloop
  endfacet
  facet normal 0.999315 0 0.037005
    outer loop
      vertex 4.47727 11.75 72.9547
      vertex 4.4752 10.5 73.0106
      vertex 4.47727 10.5 72.9547
    endloop
  endfacet
  facet normal 0.997269 -0 0.0738585
    outer loop
      vertex 4.47727 10.5 72.9547
      vertex 4.48141 11.75 72.8988
      vertex 4.47727 11.75 72.9547
    endloop
  endfacet
  facet normal 0.997269 0 0.0738585
    outer loop
      vertex 4.48141 11.75 72.8988
      vertex 4.47727 10.5 72.9547
      vertex 4.48141 10.5 72.8988
    endloop
  endfacet
  facet normal 0.998864 -0 0.0476417
    outer loop
      vertex 4.48141 10.5 72.8988
      vertex 4.48348 11.75 72.8554
      vertex 4.48141 11.75 72.8988
    endloop
  endfacet
  facet normal 0.998864 0 0.0476417
    outer loop
      vertex 4.48348 11.75 72.8554
      vertex 4.48141 10.5 72.8988
      vertex 4.48348 10.5 72.8554
    endloop
  endfacet
  facet normal 0.998752 -0 0.0499376
    outer loop
      vertex 4.48348 10.5 72.8554
      vertex 4.48555 11.75 72.814
      vertex 4.48348 11.75 72.8554
    endloop
  endfacet
  facet normal 0.998752 0 0.0499376
    outer loop
      vertex 4.48555 11.75 72.814
      vertex 4.48348 10.5 72.8554
      vertex 4.48555 10.5 72.814
    endloop
  endfacet
  facet normal 0.994525 -0 0.104501
    outer loop
      vertex 4.48555 10.5 72.814
      vertex 4.48969 11.75 72.7746
      vertex 4.48555 11.75 72.814
    endloop
  endfacet
  facet normal 0.994525 0 0.104501
    outer loop
      vertex 4.48969 11.75 72.7746
      vertex 4.48555 10.5 72.814
      vertex 4.48969 10.5 72.7746
    endloop
  endfacet
  facet normal 0.998752 -0 0.0499376
    outer loop
      vertex 4.48969 10.5 72.7746
      vertex 4.49176 11.75 72.7332
      vertex 4.48969 11.75 72.7746
    endloop
  endfacet
  facet normal 0.998752 0 0.0499376
    outer loop
      vertex 4.49176 11.75 72.7332
      vertex 4.48969 10.5 72.7746
      vertex 4.49176 10.5 72.7332
    endloop
  endfacet
  facet normal 0.994497 -0 0.104764
    outer loop
      vertex 4.49176 10.5 72.7332
      vertex 4.4959 11.75 72.6939
      vertex 4.49176 11.75 72.7332
    endloop
  endfacet
  facet normal 0.994497 0 0.104764
    outer loop
      vertex 4.4959 11.75 72.6939
      vertex 4.49176 10.5 72.7332
      vertex 4.4959 10.5 72.6939
    endloop
  endfacet
  facet normal 0.993897 -0 0.110315
    outer loop
      vertex 4.4959 10.5 72.6939
      vertex 4.50004 11.75 72.6566
      vertex 4.4959 11.75 72.6939
    endloop
  endfacet
  facet normal 0.993897 0 0.110315
    outer loop
      vertex 4.50004 11.75 72.6566
      vertex 4.4959 10.5 72.6939
      vertex 4.50004 10.5 72.6566
    endloop
  endfacet
  facet normal 0.986308 -0 0.164915
    outer loop
      vertex 4.50004 10.5 72.6566
      vertex 4.50626 11.75 72.6194
      vertex 4.50004 11.75 72.6566
    endloop
  endfacet
  facet normal 0.986308 0 0.164915
    outer loop
      vertex 4.50626 11.75 72.6194
      vertex 4.50004 10.5 72.6566
      vertex 4.50626 10.5 72.6194
    endloop
  endfacet
  facet normal 0.993154 -0 0.116809
    outer loop
      vertex 4.50626 10.5 72.6194
      vertex 4.5104 11.75 72.5842
      vertex 4.50626 11.75 72.6194
    endloop
  endfacet
  facet normal 0.993154 0 0.116809
    outer loop
      vertex 4.5104 11.75 72.5842
      vertex 4.50626 10.5 72.6194
      vertex 4.5104 10.5 72.5842
    endloop
  endfacet
  facet normal 0.984792 -0 0.173737
    outer loop
      vertex 4.5104 10.5 72.5842
      vertex 4.52282 11.75 72.5138
      vertex 4.5104 11.75 72.5842
    endloop
  endfacet
  facet normal 0.984792 0 0.173737
    outer loop
      vertex 4.52282 11.75 72.5138
      vertex 4.5104 10.5 72.5842
      vertex 4.52282 10.5 72.5138
    endloop
  endfacet
  facet normal 0.970108 -0 0.242674
    outer loop
      vertex 4.52282 10.5 72.5138
      vertex 4.5311 11.75 72.4807
      vertex 4.52282 11.75 72.5138
    endloop
  endfacet
  facet normal 0.970108 0 0.242674
    outer loop
      vertex 4.5311 11.75 72.4807
      vertex 4.52282 10.5 72.5138
      vertex 4.5311 10.5 72.4807
    endloop
  endfacet
  facet normal 0.966338 -0 0.257276
    outer loop
      vertex 4.5311 10.5 72.4807
      vertex 4.53938 11.75 72.4496
      vertex 4.5311 11.75 72.4807
    endloop
  endfacet
  facet normal 0.966338 0 0.257276
    outer loop
      vertex 4.53938 11.75 72.4496
      vertex 4.5311 10.5 72.4807
      vertex 4.53938 10.5 72.4496
    endloop
  endfacet
  facet normal 0.982852 -0 0.184396
    outer loop
      vertex 4.53938 10.5 72.4496
      vertex 4.54559 11.75 72.4165
      vertex 4.53938 11.75 72.4496
    endloop
  endfacet
  facet normal 0.982852 0 0.184396
    outer loop
      vertex 4.54559 11.75 72.4165
      vertex 4.53938 10.5 72.4496
      vertex 4.54559 10.5 72.4165
    endloop
  endfacet
  facet normal 0.961574 -0 0.274546
    outer loop
      vertex 4.54559 10.5 72.4165
      vertex 4.55387 11.75 72.3875
      vertex 4.54559 11.75 72.4165
    endloop
  endfacet
  facet normal 0.961574 0 0.274546
    outer loop
      vertex 4.55387 11.75 72.3875
      vertex 4.54559 10.5 72.4165
      vertex 4.55387 10.5 72.3875
    endloop
  endfacet
  facet normal 0.94853 -0 0.316687
    outer loop
      vertex 4.55387 10.5 72.3875
      vertex 4.56422 11.75 72.3565
      vertex 4.55387 11.75 72.3875
    endloop
  endfacet
  facet normal 0.94853 0 0.316687
    outer loop
      vertex 4.56422 11.75 72.3565
      vertex 4.55387 10.5 72.3875
      vertex 4.56422 10.5 72.3565
    endloop
  endfacet
  facet normal 0.961574 -0 0.274546
    outer loop
      vertex 4.56422 10.5 72.3565
      vertex 4.5725 11.75 72.3275
      vertex 4.56422 11.75 72.3565
    endloop
  endfacet
  facet normal 0.961574 0 0.274546
    outer loop
      vertex 4.5725 11.75 72.3275
      vertex 4.56422 10.5 72.3565
      vertex 4.5725 10.5 72.3275
    endloop
  endfacet
  facet normal 0.933301 -0 0.359095
    outer loop
      vertex 4.5725 10.5 72.3275
      vertex 4.5932 11.75 72.2737
      vertex 4.5725 11.75 72.3275
    endloop
  endfacet
  facet normal 0.933301 0 0.359095
    outer loop
      vertex 4.5932 11.75 72.2737
      vertex 4.5725 10.5 72.3275
      vertex 4.5932 10.5 72.2737
    endloop
  endfacet
  facet normal 0.894858 -0 0.446351
    outer loop
      vertex 4.5932 10.5 72.2737
      vertex 4.60562 11.75 72.2488
      vertex 4.5932 11.75 72.2737
    endloop
  endfacet
  facet normal 0.894858 0 0.446351
    outer loop
      vertex 4.60562 11.75 72.2488
      vertex 4.5932 10.5 72.2737
      vertex 4.60562 10.5 72.2488
    endloop
  endfacet
  facet normal 0.922857 -0 0.385144
    outer loop
      vertex 4.60562 10.5 72.2488
      vertex 4.61597 11.75 72.224
      vertex 4.60562 11.75 72.2488
    endloop
  endfacet
  facet normal 0.922857 0 0.385144
    outer loop
      vertex 4.61597 11.75 72.224
      vertex 4.60562 10.5 72.2488
      vertex 4.61597 10.5 72.224
    endloop
  endfacet
  facet normal 0.894858 -0 0.446351
    outer loop
      vertex 4.61597 10.5 72.224
      vertex 4.62839 11.75 72.1991
      vertex 4.61597 11.75 72.224
    endloop
  endfacet
  facet normal 0.894858 0 0.446351
    outer loop
      vertex 4.62839 11.75 72.1991
      vertex 4.61597 10.5 72.224
      vertex 4.62839 10.5 72.1991
    endloop
  endfacet
  facet normal 0.877637 -0 0.479325
    outer loop
      vertex 4.62839 10.5 72.1991
      vertex 4.65324 11.75 72.1536
      vertex 4.62839 11.75 72.1991
    endloop
  endfacet
  facet normal 0.877637 0 0.479325
    outer loop
      vertex 4.65324 11.75 72.1536
      vertex 4.62839 10.5 72.1991
      vertex 4.65324 10.5 72.1536
    endloop
  endfacet
  facet normal 0.819232 -0 0.573462
    outer loop
      vertex 4.65324 10.5 72.1536
      vertex 4.66773 11.75 72.1329
      vertex 4.65324 11.75 72.1536
    endloop
  endfacet
  facet normal 0.819232 0 0.573462
    outer loop
      vertex 4.66773 11.75 72.1329
      vertex 4.65324 10.5 72.1536
      vertex 4.66773 10.5 72.1329
    endloop
  endfacet
  facet normal 0.832325 -0 0.554288
    outer loop
      vertex 4.66773 10.5 72.1329
      vertex 4.69257 11.75 72.0956
      vertex 4.66773 11.75 72.1329
    endloop
  endfacet
  facet normal 0.832325 0 0.554288
    outer loop
      vertex 4.69257 11.75 72.0956
      vertex 4.66773 10.5 72.1329
      vertex 4.69257 10.5 72.0956
    endloop
  endfacet
  facet normal 0.751391 -0 0.659858
    outer loop
      vertex 4.69257 10.5 72.0956
      vertex 4.70706 11.75 72.0791
      vertex 4.69257 11.75 72.0956
    endloop
  endfacet
  facet normal 0.751391 0 0.659858
    outer loop
      vertex 4.70706 11.75 72.0791
      vertex 4.69257 10.5 72.0956
      vertex 4.70706 10.5 72.0791
    endloop
  endfacet
  facet normal 0.800694 -0 0.599073
    outer loop
      vertex 4.70706 10.5 72.0791
      vertex 4.71948 11.75 72.0625
      vertex 4.70706 11.75 72.0791
    endloop
  endfacet
  facet normal 0.800694 0 0.599073
    outer loop
      vertex 4.71948 11.75 72.0625
      vertex 4.70706 10.5 72.0791
      vertex 4.71948 10.5 72.0625
    endloop
  endfacet
  facet normal 0.753363 -0 0.657605
    outer loop
      vertex 4.71948 10.5 72.0625
      vertex 4.73397 11.75 72.0459
      vertex 4.71948 11.75 72.0625
    endloop
  endfacet
  facet normal 0.753363 0 0.657605
    outer loop
      vertex 4.73397 11.75 72.0459
      vertex 4.71948 10.5 72.0625
      vertex 4.73397 10.5 72.0459
    endloop
  endfacet
  facet normal 0.706423 0 0.70779
    outer loop
      vertex 4.73397 11.75 72.0459
      vertex 4.76503 10.5 72.0149
      vertex 4.76503 11.75 72.0149
    endloop
  endfacet
  facet normal 0.706423 0 0.70779
    outer loop
      vertex 4.76503 10.5 72.0149
      vertex 4.73397 11.75 72.0459
      vertex 4.73397 10.5 72.0459
    endloop
  endfacet
  facet normal 0.658762 0 0.752352
    outer loop
      vertex 4.76503 11.75 72.0149
      vertex 4.81471 10.5 71.9714
      vertex 4.81471 11.75 71.9714
    endloop
  endfacet
  facet normal 0.658762 0 0.752352
    outer loop
      vertex 4.81471 10.5 71.9714
      vertex 4.76503 11.75 72.0149
      vertex 4.76503 10.5 72.0149
    endloop
  endfacet
  facet normal 0.554081 0 0.832463
    outer loop
      vertex 4.81471 11.75 71.9714
      vertex 4.8706 10.5 71.9342
      vertex 4.8706 11.75 71.9342
    endloop
  endfacet
  facet normal 0.554081 0 0.832463
    outer loop
      vertex 4.8706 10.5 71.9342
      vertex 4.81471 11.75 71.9714
      vertex 4.81471 10.5 71.9714
    endloop
  endfacet
  facet normal 0.487433 0 0.873161
    outer loop
      vertex 4.8706 11.75 71.9342
      vertex 4.88923 10.5 71.9238
      vertex 4.88923 11.75 71.9238
    endloop
  endfacet
  facet normal 0.487433 0 0.873161
    outer loop
      vertex 4.88923 10.5 71.9238
      vertex 4.8706 11.75 71.9342
      vertex 4.8706 10.5 71.9342
    endloop
  endfacet
  facet normal 0.447732 0 0.894168
    outer loop
      vertex 4.88923 11.75 71.9238
      vertex 4.95134 10.5 71.8927
      vertex 4.95134 11.75 71.8927
    endloop
  endfacet
  facet normal 0.447732 0 0.894168
    outer loop
      vertex 4.95134 10.5 71.8927
      vertex 4.88923 11.75 71.9238
      vertex 4.88923 10.5 71.9238
    endloop
  endfacet
  facet normal 0.368291 0 0.929711
    outer loop
      vertex 4.95134 11.75 71.8927
      vertex 4.97204 10.5 71.8845
      vertex 4.97204 11.75 71.8845
    endloop
  endfacet
  facet normal 0.368291 0 0.929711
    outer loop
      vertex 4.97204 10.5 71.8845
      vertex 4.95134 11.75 71.8927
      vertex 4.95134 10.5 71.8927
    endloop
  endfacet
  facet normal 0.342472 0 0.939528
    outer loop
      vertex 4.97204 11.75 71.8845
      vertex 5.01758 10.5 71.8679
      vertex 5.01758 11.75 71.8679
    endloop
  endfacet
  facet normal 0.342472 0 0.939528
    outer loop
      vertex 5.01758 10.5 71.8679
      vertex 4.97204 11.75 71.8845
      vertex 4.97204 10.5 71.8845
    endloop
  endfacet
  facet normal 0.262669 0 0.964886
    outer loop
      vertex 5.01758 11.75 71.8679
      vertex 5.06313 10.5 71.8555
      vertex 5.06313 11.75 71.8555
    endloop
  endfacet
  facet normal 0.262669 0 0.964886
    outer loop
      vertex 5.06313 10.5 71.8555
      vertex 5.01758 11.75 71.8679
      vertex 5.01758 10.5 71.8679
    endloop
  endfacet
  facet normal 0.242168 0 0.970234
    outer loop
      vertex 5.06313 11.75 71.8555
      vertex 5.11281 10.5 71.8431
      vertex 5.11281 11.75 71.8431
    endloop
  endfacet
  facet normal 0.242168 0 0.970234
    outer loop
      vertex 5.11281 10.5 71.8431
      vertex 5.06313 11.75 71.8555
      vertex 5.06313 10.5 71.8555
    endloop
  endfacet
  facet normal 0.166716 0 0.986005
    outer loop
      vertex 5.11281 11.75 71.8431
      vertex 5.13765 10.5 71.8389
      vertex 5.13765 11.75 71.8389
    endloop
  endfacet
  facet normal 0.166716 0 0.986005
    outer loop
      vertex 5.13765 10.5 71.8389
      vertex 5.11281 11.75 71.8431
      vertex 5.11281 10.5 71.8431
    endloop
  endfacet
  facet normal 0.209206 0 0.977871
    outer loop
      vertex 5.13765 11.75 71.8389
      vertex 5.16663 10.5 71.8327
      vertex 5.16663 11.75 71.8327
    endloop
  endfacet
  facet normal 0.209206 0 0.977871
    outer loop
      vertex 5.16663 10.5 71.8327
      vertex 5.13765 11.75 71.8389
      vertex 5.13765 10.5 71.8389
    endloop
  endfacet
  facet normal 0.150567 0 0.9886
    outer loop
      vertex 5.16663 11.75 71.8327
      vertex 5.19355 10.5 71.8286
      vertex 5.19355 11.75 71.8286
    endloop
  endfacet
  facet normal 0.150567 0 0.9886
    outer loop
      vertex 5.19355 10.5 71.8286
      vertex 5.16663 11.75 71.8327
      vertex 5.16663 10.5 71.8327
    endloop
  endfacet
  facet normal 0.132477 0 0.991186
    outer loop
      vertex 5.19355 11.75 71.8286
      vertex 5.25565 10.5 71.8203
      vertex 5.25565 11.75 71.8203
    endloop
  endfacet
  facet normal 0.132477 0 0.991186
    outer loop
      vertex 5.25565 10.5 71.8203
      vertex 5.19355 11.75 71.8286
      vertex 5.19355 10.5 71.8286
    endloop
  endfacet
  facet normal 0.124311 0 0.992243
    outer loop
      vertex 5.25565 11.75 71.8203
      vertex 5.3219 10.5 71.812
      vertex 5.3219 11.75 71.812
    endloop
  endfacet
  facet normal 0.124311 0 0.992243
    outer loop
      vertex 5.3219 10.5 71.812
      vertex 5.25565 11.75 71.8203
      vertex 5.25565 10.5 71.8203
    endloop
  endfacet
  facet normal 0.115728 0 0.993281
    outer loop
      vertex 5.3219 11.75 71.812
      vertex 5.35709 10.5 71.8079
      vertex 5.35709 11.75 71.8079
    endloop
  endfacet
  facet normal 0.115728 0 0.993281
    outer loop
      vertex 5.35709 10.5 71.8079
      vertex 5.3219 11.75 71.812
      vertex 5.3219 10.5 71.812
    endloop
  endfacet
  facet normal 0.0562714 0 0.998416
    outer loop
      vertex 5.35709 11.75 71.8079
      vertex 5.39435 10.5 71.8058
      vertex 5.39435 11.75 71.8058
    endloop
  endfacet
  facet normal 0.0562714 0 0.998416
    outer loop
      vertex 5.39435 10.5 71.8058
      vertex 5.35709 11.75 71.8079
      vertex 5.35709 10.5 71.8079
    endloop
  endfacet
  facet normal 0.103684 0 0.99461
    outer loop
      vertex 5.39435 11.75 71.8058
      vertex 5.43368 10.5 71.8017
      vertex 5.43368 11.75 71.8017
    endloop
  endfacet
  facet normal 0.103684 0 0.99461
    outer loop
      vertex 5.43368 10.5 71.8017
      vertex 5.39435 11.75 71.8058
      vertex 5.39435 10.5 71.8058
    endloop
  endfacet
  facet normal 0.0533049 0 0.998578
    outer loop
      vertex 5.43368 11.75 71.8017
      vertex 5.47302 10.5 71.7996
      vertex 5.47302 11.75 71.7996
    endloop
  endfacet
  facet normal 0.0533049 0 0.998578
    outer loop
      vertex 5.47302 10.5 71.7996
      vertex 5.43368 11.75 71.8017
      vertex 5.43368 10.5 71.8017
    endloop
  endfacet
  facet normal 0.100931 0 0.994893
    outer loop
      vertex 5.47302 11.75 71.7996
      vertex 5.51442 10.5 71.7954
      vertex 5.51442 11.75 71.7954
    endloop
  endfacet
  facet normal 0.100931 0 0.994893
    outer loop
      vertex 5.51442 10.5 71.7954
      vertex 5.47302 11.75 71.7996
      vertex 5.47302 10.5 71.7996
    endloop
  endfacet
  facet normal 0.0482529 0 0.998835
    outer loop
      vertex 5.51442 11.75 71.7954
      vertex 5.55582 10.5 71.7934
      vertex 5.55582 11.75 71.7934
    endloop
  endfacet
  facet normal 0.0482529 0 0.998835
    outer loop
      vertex 5.55582 10.5 71.7934
      vertex 5.51442 11.75 71.7954
      vertex 5.51442 10.5 71.7954
    endloop
  endfacet
  facet normal 0.0460543 0 0.998939
    outer loop
      vertex 5.55582 11.75 71.7934
      vertex 5.60137 10.5 71.7913
      vertex 5.60137 11.75 71.7913
    endloop
  endfacet
  facet normal 0.0460543 0 0.998939
    outer loop
      vertex 5.60137 10.5 71.7913
      vertex 5.55582 11.75 71.7934
      vertex 5.55582 10.5 71.7934
    endloop
  endfacet
  facet normal 0.0482529 0 0.998835
    outer loop
      vertex 5.60137 11.75 71.7913
      vertex 5.64484 10.5 71.7892
      vertex 5.64484 11.75 71.7892
    endloop
  endfacet
  facet normal 0.0482529 0 0.998835
    outer loop
      vertex 5.64484 10.5 71.7892
      vertex 5.60137 11.75 71.7913
      vertex 5.60137 10.5 71.7913
    endloop
  endfacet
  facet normal 0.041971 0 0.999119
    outer loop
      vertex 5.64484 11.75 71.7892
      vertex 5.69245 10.5 71.7872
      vertex 5.69245 11.75 71.7872
    endloop
  endfacet
  facet normal 0.041971 0 0.999119
    outer loop
      vertex 5.69245 10.5 71.7872
      vertex 5.64484 11.75 71.7892
      vertex 5.64484 10.5 71.7892
    endloop
  endfacet
  facet normal -0 0 1
    outer loop
      vertex 5.69245 11.75 71.7872
      vertex 5.74007 10.5 71.7872
      vertex 5.74007 11.75 71.7872
    endloop
  endfacet
  facet normal 0 0 1
    outer loop
      vertex 5.74007 10.5 71.7872
      vertex 5.69245 11.75 71.7872
      vertex 5.69245 10.5 71.7872
    endloop
  endfacet
  facet normal 0.0422328 0 0.999108
    outer loop
      vertex 5.74007 11.75 71.7872
      vertex 5.78975 10.5 71.7851
      vertex 5.78975 11.75 71.7851
    endloop
  endfacet
  facet normal 0.0422328 0 0.999108
    outer loop
      vertex 5.78975 10.5 71.7851
      vertex 5.74007 11.75 71.7872
      vertex 5.74007 10.5 71.7872
    endloop
  endfacet
  facet normal 0.0405385 0 0.999178
    outer loop
      vertex 5.78975 11.75 71.7851
      vertex 5.84151 10.5 71.783
      vertex 5.84151 11.75 71.783
    endloop
  endfacet
  facet normal 0.0405385 0 0.999178
    outer loop
      vertex 5.84151 10.5 71.783
      vertex 5.78975 11.75 71.7851
      vertex 5.78975 10.5 71.7851
    endloop
  endfacet
  facet normal -0 0 1
    outer loop
      vertex 5.84151 11.75 71.783
      vertex 5.89326 10.5 71.783
      vertex 5.89326 11.75 71.783
    endloop
  endfacet
  facet normal 0 0 1
    outer loop
      vertex 5.89326 10.5 71.783
      vertex 5.84151 11.75 71.783
      vertex 5.84151 10.5 71.783
    endloop
  endfacet
  facet normal 0.0371353 0 0.99931
    outer loop
      vertex 5.89326 11.75 71.783
      vertex 5.94708 10.5 71.781
      vertex 5.94708 11.75 71.781
    endloop
  endfacet
  facet normal 0.0371353 0 0.99931
    outer loop
      vertex 5.94708 10.5 71.781
      vertex 5.89326 11.75 71.783
      vertex 5.89326 10.5 71.783
    endloop
  endfacet
  facet normal -0 0 1
    outer loop
      vertex 5.94708 11.75 71.781
      vertex 12.3687 10.5 71.781
      vertex 12.3687 11.75 71.781
    endloop
  endfacet
  facet normal 0 0 1
    outer loop
      vertex 12.3687 10.5 71.781
      vertex 5.94708 11.75 71.781
      vertex 5.94708 10.5 71.781
    endloop
  endfacet
  facet normal 0.997256 0 -0.074036
    outer loop
      vertex 12.3687 10.5 71.781
      vertex 12.3604 11.75 71.6692
      vertex 12.3687 11.75 71.781
    endloop
  endfacet
  facet normal 0.997256 0 -0.074036
    outer loop
      vertex 12.3604 11.75 71.6692
      vertex 12.3687 10.5 71.781
      vertex 12.3604 10.5 71.6692
    endloop
  endfacet
  facet normal 0.995458 0 -0.0952016
    outer loop
      vertex 12.3604 10.5 71.6692
      vertex 12.3501 11.75 71.5615
      vertex 12.3604 11.75 71.6692
    endloop
  endfacet
  facet normal 0.995458 0 -0.0952016
    outer loop
      vertex 12.3501 11.75 71.5615
      vertex 12.3604 10.5 71.6692
      vertex 12.3501 10.5 71.5615
    endloop
  endfacet
  facet normal 0.993425 0 -0.114484
    outer loop
      vertex 12.3501 10.5 71.5615
      vertex 12.3377 11.75 71.4539
      vertex 12.3501 11.75 71.5615
    endloop
  endfacet
  facet normal 0.993425 0 -0.114484
    outer loop
      vertex 12.3377 11.75 71.4539
      vertex 12.3501 10.5 71.5615
      vertex 12.3377 10.5 71.4539
    endloop
  endfacet
  facet normal 0.995185 0 -0.0980107
    outer loop
      vertex 12.3377 10.5 71.4539
      vertex 12.3273 11.75 71.3483
      vertex 12.3377 11.75 71.4539
    endloop
  endfacet
  facet normal 0.995185 0 -0.0980107
    outer loop
      vertex 12.3273 11.75 71.3483
      vertex 12.3377 10.5 71.4539
      vertex 12.3273 10.5 71.3483
    endloop
  endfacet
  facet normal 0.990329 0 -0.138742
    outer loop
      vertex 12.3273 10.5 71.3483
      vertex 12.3128 11.75 71.2448
      vertex 12.3273 11.75 71.3483
    endloop
  endfacet
  facet normal 0.990329 0 -0.138742
    outer loop
      vertex 12.3128 11.75 71.2448
      vertex 12.3273 10.5 71.3483
      vertex 12.3128 10.5 71.2448
    endloop
  endfacet
  facet normal 0.99262 0 -0.121266
    outer loop
      vertex 12.3128 10.5 71.2448
      vertex 12.3004 11.75 71.1433
      vertex 12.3128 11.75 71.2448
    endloop
  endfacet
  facet normal 0.99262 0 -0.121266
    outer loop
      vertex 12.3004 11.75 71.1433
      vertex 12.3128 10.5 71.2448
      vertex 12.3004 10.5 71.1433
    endloop
  endfacet
  facet normal 0.986313 0 -0.164882
    outer loop
      vertex 12.3004 10.5 71.1433
      vertex 12.2838 11.75 71.044
      vertex 12.3004 11.75 71.1433
    endloop
  endfacet
  facet normal 0.986313 0 -0.164882
    outer loop
      vertex 12.2838 11.75 71.044
      vertex 12.3004 10.5 71.1433
      vertex 12.2838 10.5 71.044
    endloop
  endfacet
  facet normal 0.989078 0 -0.147396
    outer loop
      vertex 12.2838 10.5 71.044
      vertex 12.2693 11.75 70.9467
      vertex 12.2838 11.75 71.044
    endloop
  endfacet
  facet normal 0.989078 0 -0.147396
    outer loop
      vertex 12.2693 11.75 70.9467
      vertex 12.2838 10.5 71.044
      vertex 12.2693 10.5 70.9467
    endloop
  endfacet
  facet normal 0.98531 0 -0.170773
    outer loop
      vertex 12.2693 10.5 70.9467
      vertex 12.2528 11.75 70.8515
      vertex 12.2693 11.75 70.9467
    endloop
  endfacet
  facet normal 0.98531 0 -0.170773
    outer loop
      vertex 12.2528 11.75 70.8515
      vertex 12.2693 10.5 70.9467
      vertex 12.2528 10.5 70.8515
    endloop
  endfacet
  facet normal 0.980459 0 -0.196723
    outer loop
      vertex 12.2528 10.5 70.8515
      vertex 12.2341 11.75 70.7583
      vertex 12.2528 11.75 70.8515
    endloop
  endfacet
  facet normal 0.980459 0 -0.196723
    outer loop
      vertex 12.2341 11.75 70.7583
      vertex 12.2528 10.5 70.8515
      vertex 12.2341 10.5 70.7583
    endloop
  endfacet
  facet normal 0.979787 0 -0.200044
    outer loop
      vertex 12.2341 10.5 70.7583
      vertex 12.2155 11.75 70.6672
      vertex 12.2341 11.75 70.7583
    endloop
  endfacet
  facet normal 0.979787 0 -0.200044
    outer loop
      vertex 12.2155 11.75 70.6672
      vertex 12.2341 10.5 70.7583
      vertex 12.2155 10.5 70.6672
    endloop
  endfacet
  facet normal 0.974002 0 -0.226538
    outer loop
      vertex 12.2155 10.5 70.6672
      vertex 12.1948 11.75 70.5782
      vertex 12.2155 11.75 70.6672
    endloop
  endfacet
  facet normal 0.974002 0 -0.226538
    outer loop
      vertex 12.1948 11.75 70.5782
      vertex 12.2155 10.5 70.6672
      vertex 12.1948 10.5 70.5782
    endloop
  endfacet
  facet normal 0.972812 0 -0.231595
    outer loop
      vertex 12.1948 10.5 70.5782
      vertex 12.1534 11.75 70.4043
      vertex 12.1948 11.75 70.5782
    endloop
  endfacet
  facet normal 0.972812 0 -0.231595
    outer loop
      vertex 12.1534 11.75 70.4043
      vertex 12.1948 10.5 70.5782
      vertex 12.1534 10.5 70.4043
    endloop
  endfacet
  facet normal 0.964116 0 -0.265481
    outer loop
      vertex 12.1534 10.5 70.4043
      vertex 12.1306 11.75 70.3215
      vertex 12.1534 11.75 70.4043
    endloop
  endfacet
  facet normal 0.964116 0 -0.265481
    outer loop
      vertex 12.1306 11.75 70.3215
      vertex 12.1534 10.5 70.4043
      vertex 12.1306 10.5 70.3215
    endloop
  endfacet
  facet normal 0.955932 0 -0.293587
    outer loop
      vertex 12.1306 10.5 70.3215
      vertex 12.081 11.75 70.16
      vertex 12.1306 11.75 70.3215
    endloop
  endfacet
  facet normal 0.955932 0 -0.293587
    outer loop
      vertex 12.081 11.75 70.16
      vertex 12.1306 10.5 70.3215
      vertex 12.081 10.5 70.16
    endloop
  endfacet
  facet normal 0.951016 0 -0.309142
    outer loop
      vertex 12.081 10.5 70.16
      vertex 12.0561 11.75 70.0834
      vertex 12.081 11.75 70.16
    endloop
  endfacet
  facet normal 0.951016 0 -0.309142
    outer loop
      vertex 12.0561 11.75 70.0834
      vertex 12.081 10.5 70.16
      vertex 12.0561 10.5 70.0834
    endloop
  endfacet
  facet normal 0.943512 0 -0.331338
    outer loop
      vertex 12.0561 10.5 70.0834
      vertex 12.0292 11.75 70.0068
      vertex 12.0561 11.75 70.0834
    endloop
  endfacet
  facet normal 0.943512 0 -0.331338
    outer loop
      vertex 12.0292 11.75 70.0068
      vertex 12.0561 10.5 70.0834
      vertex 12.0292 10.5 70.0068
    endloop
  endfacet
  facet normal 0.937389 0 -0.348284
    outer loop
      vertex 12.0292 10.5 70.0068
      vertex 12.0023 11.75 69.9344
      vertex 12.0292 11.75 70.0068
    endloop
  endfacet
  facet normal 0.937389 0 -0.348284
    outer loop
      vertex 12.0023 11.75 69.9344
      vertex 12.0292 10.5 70.0068
      vertex 12.0023 10.5 69.9344
    endloop
  endfacet
  facet normal 0.928477 0 -0.371391
    outer loop
      vertex 12.0023 10.5 69.9344
      vertex 11.9733 11.75 69.8619
      vertex 12.0023 11.75 69.9344
    endloop
  endfacet
  facet normal 0.928477 0 -0.371391
    outer loop
      vertex 11.9733 11.75 69.8619
      vertex 12.0023 10.5 69.9344
      vertex 11.9733 10.5 69.8619
    endloop
  endfacet
  facet normal 0.924624 0 -0.380882
    outer loop
      vertex 11.9733 10.5 69.8619
      vertex 11.9443 11.75 69.7915
      vertex 11.9733 11.75 69.8619
    endloop
  endfacet
  facet normal 0.924624 0 -0.380882
    outer loop
      vertex 11.9443 11.75 69.7915
      vertex 11.9733 10.5 69.8619
      vertex 11.9443 10.5 69.7915
    endloop
  endfacet
  facet normal 0.905484 0 -0.424381
    outer loop
      vertex 11.9443 10.5 69.7915
      vertex 11.8822 11.75 69.659
      vertex 11.9443 11.75 69.7915
    endloop
  endfacet
  facet normal 0.905484 0 -0.424381
    outer loop
      vertex 11.8822 11.75 69.659
      vertex 11.9443 10.5 69.7915
      vertex 11.8822 10.5 69.659
    endloop
  endfacet
  facet normal 0.88853 0 -0.458819
    outer loop
      vertex 11.8822 10.5 69.659
      vertex 11.8491 11.75 69.5949
      vertex 11.8822 11.75 69.659
    endloop
  endfacet
  facet normal 0.88853 0 -0.458819
    outer loop
      vertex 11.8491 11.75 69.5949
      vertex 11.8822 10.5 69.659
      vertex 11.8491 10.5 69.5949
    endloop
  endfacet
  facet normal 0.882471 0 -0.470367
    outer loop
      vertex 11.8491 10.5 69.5949
      vertex 11.816 11.75 69.5328
      vertex 11.8491 11.75 69.5949
    endloop
  endfacet
  facet normal 0.882471 0 -0.470367
    outer loop
      vertex 11.816 11.75 69.5328
      vertex 11.8491 10.5 69.5949
      vertex 11.816 10.5 69.5328
    endloop
  endfacet
  facet normal 0.869962 0 -0.493119
    outer loop
      vertex 11.816 10.5 69.5328
      vertex 11.7808 11.75 69.4707
      vertex 11.816 11.75 69.5328
    endloop
  endfacet
  facet normal 0.869962 0 -0.493119
    outer loop
      vertex 11.7808 11.75 69.4707
      vertex 11.816 10.5 69.5328
      vertex 11.7808 10.5 69.4707
    endloop
  endfacet
  facet normal 0.862892 0 -0.505388
    outer loop
      vertex 11.7808 10.5 69.4707
      vertex 11.7456 11.75 69.4106
      vertex 11.7808 11.75 69.4707
    endloop
  endfacet
  facet normal 0.862892 0 -0.505388
    outer loop
      vertex 11.7456 11.75 69.4106
      vertex 11.7808 10.5 69.4707
      vertex 11.7456 10.5 69.4106
    endloop
  endfacet
  facet normal 0.854483 0 -0.519479
    outer loop
      vertex 11.7456 10.5 69.4106
      vertex 11.7104 11.75 69.3527
      vertex 11.7456 11.75 69.4106
    endloop
  endfacet
  facet normal 0.854483 0 -0.519479
    outer loop
      vertex 11.7104 11.75 69.3527
      vertex 11.7456 10.5 69.4106
      vertex 11.7104 10.5 69.3527
    endloop
  endfacet
  facet normal 0.818061 0 -0.575131
    outer loop
      vertex 11.7104 10.5 69.3527
      vertex 11.6711 11.75 69.2968
      vertex 11.7104 11.75 69.3527
    endloop
  endfacet
  facet normal 0.818061 0 -0.575131
    outer loop
      vertex 11.6711 11.75 69.2968
      vertex 11.7104 10.5 69.3527
      vertex 11.6711 10.5 69.2968
    endloop
  endfacet
  facet normal 0.831821 0 -0.555044
    outer loop
      vertex 11.6711 10.5 69.2968
      vertex 11.6338 11.75 69.2409
      vertex 11.6711 11.75 69.2968
    endloop
  endfacet
  facet normal 0.831821 0 -0.555044
    outer loop
      vertex 11.6338 11.75 69.2409
      vertex 11.6711 10.5 69.2968
      vertex 11.6338 10.5 69.2409
    endloop
  endfacet
  facet normal 0.808022 0 -0.589152
    outer loop
      vertex 11.6338 10.5 69.2409
      vertex 11.5945 11.75 69.187
      vertex 11.6338 11.75 69.2409
    endloop
  endfacet
  facet normal 0.808022 0 -0.589152
    outer loop
      vertex 11.5945 11.75 69.187
      vertex 11.6338 10.5 69.2409
      vertex 11.5945 10.5 69.187
    endloop
  endfacet
  facet normal 0.792514 0 -0.609853
    outer loop
      vertex 11.5945 10.5 69.187
      vertex 11.5531 11.75 69.1332
      vertex 11.5945 11.75 69.187
    endloop
  endfacet
  facet normal 0.792514 0 -0.609853
    outer loop
      vertex 11.5531 11.75 69.1332
      vertex 11.5945 10.5 69.187
      vertex 11.5531 10.5 69.1332
    endloop
  endfacet
  facet normal 0.780574 0 -0.625063
    outer loop
      vertex 11.5531 10.5 69.1332
      vertex 11.5117 11.75 69.0815
      vertex 11.5531 11.75 69.1332
    endloop
  endfacet
  facet normal 0.780574 0 -0.625063
    outer loop
      vertex 11.5117 11.75 69.0815
      vertex 11.5531 10.5 69.1332
      vertex 11.5117 10.5 69.0815
    endloop
  endfacet
  facet normal 0.752483 0 -0.658612
    outer loop
      vertex 11.5117 10.5 69.0815
      vertex 11.4682 11.75 69.0318
      vertex 11.5117 11.75 69.0815
    endloop
  endfacet
  facet normal 0.752483 0 -0.658612
    outer loop
      vertex 11.4682 11.75 69.0318
      vertex 11.5117 10.5 69.0815
      vertex 11.4682 10.5 69.0318
    endloop
  endfacet
  facet normal 0.738183 0 -0.6746
    outer loop
      vertex 11.4682 10.5 69.0318
      vertex 11.4247 11.75 68.9842
      vertex 11.4682 11.75 69.0318
    endloop
  endfacet
  facet normal 0.738183 0 -0.6746
    outer loop
      vertex 11.4247 11.75 68.9842
      vertex 11.4682 10.5 69.0318
      vertex 11.4247 10.5 68.9842
    endloop
  endfacet
  facet normal 0.722873 0 -0.690981
    outer loop
      vertex 11.4247 10.5 68.9842
      vertex 11.3792 11.75 68.9366
      vertex 11.4247 11.75 68.9842
    endloop
  endfacet
  facet normal 0.722873 0 -0.690981
    outer loop
      vertex 11.3792 11.75 68.9366
      vertex 11.4247 10.5 68.9842
      vertex 11.3792 10.5 68.9366
    endloop
  endfacet
  facet normal 0.707107 0 -0.707107
    outer loop
      vertex 11.3336 10.5 68.891
      vertex 11.3792 11.75 68.9366
      vertex 11.3792 10.5 68.9366
    endloop
  endfacet
  facet normal 0.707107 0 -0.707107
    outer loop
      vertex 11.3792 11.75 68.9366
      vertex 11.3336 10.5 68.891
      vertex 11.3336 11.75 68.891
    endloop
  endfacet
  facet normal 0.690981 0 -0.722873
    outer loop
      vertex 11.286 10.5 68.8455
      vertex 11.3336 11.75 68.891
      vertex 11.3336 10.5 68.891
    endloop
  endfacet
  facet normal 0.690981 0 -0.722873
    outer loop
      vertex 11.3336 11.75 68.891
      vertex 11.286 10.5 68.8455
      vertex 11.286 11.75 68.8455
    endloop
  endfacet
  facet normal 0.656257 0 -0.754537
    outer loop
      vertex 11.2384 10.5 68.8041
      vertex 11.286 11.75 68.8455
      vertex 11.286 10.5 68.8455
    endloop
  endfacet
  facet normal 0.656257 0 -0.754537
    outer loop
      vertex 11.286 11.75 68.8455
      vertex 11.2384 10.5 68.8041
      vertex 11.2384 11.75 68.8041
    endloop
  endfacet
  facet normal 0.640032 0 -0.768348
    outer loop
      vertex 11.139 10.5 68.7213
      vertex 11.2384 11.75 68.8041
      vertex 11.2384 10.5 68.8041
    endloop
  endfacet
  facet normal 0.640032 0 -0.768348
    outer loop
      vertex 11.2384 11.75 68.8041
      vertex 11.139 10.5 68.7213
      vertex 11.139 11.75 68.7213
    endloop
  endfacet
  facet normal 0.606136 0 -0.795361
    outer loop
      vertex 11.0873 10.5 68.6819
      vertex 11.139 11.75 68.7213
      vertex 11.139 10.5 68.7213
    endloop
  endfacet
  facet normal 0.606136 0 -0.795361
    outer loop
      vertex 11.139 11.75 68.7213
      vertex 11.0873 10.5 68.6819
      vertex 11.0873 11.75 68.6819
    endloop
  endfacet
  facet normal 0.586269 0 -0.810117
    outer loop
      vertex 11.0645 10.5 68.6654
      vertex 11.0873 11.75 68.6819
      vertex 11.0873 10.5 68.6819
    endloop
  endfacet
  facet normal 0.586269 0 -0.810117
    outer loop
      vertex 11.0873 11.75 68.6819
      vertex 11.0645 10.5 68.6654
      vertex 11.0645 11.75 68.6654
    endloop
  endfacet
  facet normal 0.618061 0 0.78613
    outer loop
      vertex 11.0645 11.75 68.6654
      vertex 11.1225 10.5 68.6198
      vertex 11.1225 11.75 68.6198
    endloop
  endfacet
  facet normal 0.618061 0 0.78613
    outer loop
      vertex 11.1225 10.5 68.6198
      vertex 11.0645 11.75 68.6654
      vertex 11.0645 10.5 68.6654
    endloop
  endfacet
  facet normal 0.64832 0 0.761368
    outer loop
      vertex 11.1225 11.75 68.6198
      vertex 11.1784 10.5 68.5722
      vertex 11.1784 11.75 68.5722
    endloop
  endfacet
  facet normal 0.64832 0 0.761368
    outer loop
      vertex 11.1784 10.5 68.5722
      vertex 11.1225 11.75 68.6198
      vertex 11.1225 10.5 68.6198
    endloop
  endfacet
  facet normal 0.664447 0 0.747336
    outer loop
      vertex 11.1784 11.75 68.5722
      vertex 11.2343 10.5 68.5225
      vertex 11.2343 11.75 68.5225
    endloop
  endfacet
  facet normal 0.664447 0 0.747336
    outer loop
      vertex 11.2343 10.5 68.5225
      vertex 11.1784 11.75 68.5722
      vertex 11.1784 10.5 68.5722
    endloop
  endfacet
  facet normal 0.692894 0 0.721039
    outer loop
      vertex 11.2343 11.75 68.5225
      vertex 11.2881 10.5 68.4708
      vertex 11.2881 11.75 68.4708
    endloop
  endfacet
  facet normal 0.692894 0 0.721039
    outer loop
      vertex 11.2881 10.5 68.4708
      vertex 11.2343 11.75 68.5225
      vertex 11.2343 10.5 68.5225
    endloop
  endfacet
  facet normal 0.707107 -0 0.707107
    outer loop
      vertex 11.2881 10.5 68.4708
      vertex 11.3419 11.75 68.417
      vertex 11.2881 11.75 68.4708
    endloop
  endfacet
  facet normal 0.707107 0 0.707107
    outer loop
      vertex 11.3419 11.75 68.417
      vertex 11.2881 10.5 68.4708
      vertex 11.3419 10.5 68.417
    endloop
  endfacet
  facet normal 0.747336 -0 0.664447
    outer loop
      vertex 11.3419 10.5 68.417
      vertex 11.3916 11.75 68.3611
      vertex 11.3419 11.75 68.417
    endloop
  endfacet
  facet normal 0.747336 0 0.664447
    outer loop
      vertex 11.3916 11.75 68.3611
      vertex 11.3419 10.5 68.417
      vertex 11.3916 10.5 68.3611
    endloop
  endfacet
  facet normal 0.734149 -0 0.678989
    outer loop
      vertex 11.3916 10.5 68.3611
      vertex 11.4433 11.75 68.3052
      vertex 11.3916 11.75 68.3611
    endloop
  endfacet
  facet normal 0.734149 0 0.678989
    outer loop
      vertex 11.4433 11.75 68.3052
      vertex 11.3916 10.5 68.3611
      vertex 11.4433 10.5 68.3052
    endloop
  endfacet
  facet normal 0.783344 -0 0.621588
    outer loop
      vertex 11.4433 10.5 68.3052
      vertex 11.5386 11.75 68.1851
      vertex 11.4433 11.75 68.3052
    endloop
  endfacet
  facet normal 0.783344 0 0.621588
    outer loop
      vertex 11.5386 11.75 68.1851
      vertex 11.4433 10.5 68.3052
      vertex 11.5386 10.5 68.1851
    endloop
  endfacet
  facet normal 0.815575 -0 0.578652
    outer loop
      vertex 11.5386 10.5 68.1851
      vertex 11.6297 11.75 68.0567
      vertex 11.5386 11.75 68.1851
    endloop
  endfacet
  facet normal 0.815575 0 0.578652
    outer loop
      vertex 11.6297 11.75 68.0567
      vertex 11.5386 10.5 68.1851
      vertex 11.6297 10.5 68.0567
    endloop
  endfacet
  facet normal 0.836301 -0 0.54827
    outer loop
      vertex 11.6297 10.5 68.0567
      vertex 11.6731 11.75 67.9905
      vertex 11.6297 11.75 68.0567
    endloop
  endfacet
  facet normal 0.836301 0 0.54827
    outer loop
      vertex 11.6731 11.75 67.9905
      vertex 11.6297 10.5 68.0567
      vertex 11.6731 10.5 67.9905
    endloop
  endfacet
  facet normal 0.855164 -0 0.518357
    outer loop
      vertex 11.6731 10.5 67.9905
      vertex 11.7145 11.75 67.9222
      vertex 11.6731 11.75 67.9905
    endloop
  endfacet
  facet normal 0.855164 0 0.518357
    outer loop
      vertex 11.7145 11.75 67.9222
      vertex 11.6731 10.5 67.9905
      vertex 11.7145 10.5 67.9222
    endloop
  endfacet
  facet normal 0.868391 -0 0.495881
    outer loop
      vertex 11.7145 10.5 67.9222
      vertex 11.7559 11.75 67.8497
      vertex 11.7145 11.75 67.9222
    endloop
  endfacet
  facet normal 0.868391 0 0.495881
    outer loop
      vertex 11.7559 11.75 67.8497
      vertex 11.7145 10.5 67.9222
      vertex 11.7559 10.5 67.8497
    endloop
  endfacet
  facet normal 0.878359 -0 0.478002
    outer loop
      vertex 11.7559 10.5 67.8497
      vertex 11.7953 11.75 67.7773
      vertex 11.7559 11.75 67.8497
    endloop
  endfacet
  facet normal 0.878359 0 0.478002
    outer loop
      vertex 11.7953 11.75 67.7773
      vertex 11.7559 10.5 67.8497
      vertex 11.7953 10.5 67.7773
    endloop
  endfacet
  facet normal 0.889715 -0 0.456516
    outer loop
      vertex 11.7953 10.5 67.7773
      vertex 11.8325 11.75 67.7048
      vertex 11.7953 11.75 67.7773
    endloop
  endfacet
  facet normal 0.889715 0 0.456516
    outer loop
      vertex 11.8325 11.75 67.7048
      vertex 11.7953 10.5 67.7773
      vertex 11.8325 10.5 67.7048
    endloop
  endfacet
  facet normal 0.899073 -0 0.437799
    outer loop
      vertex 11.8325 10.5 67.7048
      vertex 11.8698 11.75 67.6282
      vertex 11.8325 11.75 67.7048
    endloop
  endfacet
  facet normal 0.899073 0 0.437799
    outer loop
      vertex 11.8698 11.75 67.6282
      vertex 11.8325 10.5 67.7048
      vertex 11.8698 10.5 67.6282
    endloop
  endfacet
  facet normal 0.912659 -0 0.408722
    outer loop
      vertex 11.8698 10.5 67.6282
      vertex 11.905 11.75 67.5496
      vertex 11.8698 11.75 67.6282
    endloop
  endfacet
  facet normal 0.912659 0 0.408722
    outer loop
      vertex 11.905 11.75 67.5496
      vertex 11.8698 10.5 67.6282
      vertex 11.905 10.5 67.5496
    endloop
  endfacet
  facet normal 0.925282 -0 0.37928
    outer loop
      vertex 11.905 10.5 67.5496
      vertex 11.9712 11.75 67.3881
      vertex 11.905 11.75 67.5496
    endloop
  endfacet
  facet normal 0.925282 0 0.37928
    outer loop
      vertex 11.9712 11.75 67.3881
      vertex 11.905 10.5 67.5496
      vertex 11.9712 10.5 67.3881
    endloop
  endfacet
  facet normal 0.939162 -0 0.343474
    outer loop
      vertex 11.9712 10.5 67.3881
      vertex 12.0333 11.75 67.2183
      vertex 11.9712 11.75 67.3881
    endloop
  endfacet
  facet normal 0.939162 0 0.343474
    outer loop
      vertex 12.0333 11.75 67.2183
      vertex 11.9712 10.5 67.3881
      vertex 12.0333 10.5 67.2183
    endloop
  endfacet
  facet normal 0.950798 -0 0.309811
    outer loop
      vertex 12.0333 10.5 67.2183
      vertex 12.0623 11.75 67.1293
      vertex 12.0333 11.75 67.2183
    endloop
  endfacet
  facet normal 0.950798 0 0.309811
    outer loop
      vertex 12.0623 11.75 67.1293
      vertex 12.0333 10.5 67.2183
      vertex 12.0623 10.5 67.1293
    endloop
  endfacet
  facet normal 0.957232 -0 0.289321
    outer loop
      vertex 12.0623 10.5 67.1293
      vertex 12.0892 11.75 67.0403
      vertex 12.0623 11.75 67.1293
    endloop
  endfacet
  facet normal 0.957232 0 0.289321
    outer loop
      vertex 12.0892 11.75 67.0403
      vertex 12.0623 10.5 67.1293
      vertex 12.0892 10.5 67.0403
    endloop
  endfacet
  facet normal 0.959063 -0 0.283192
    outer loop
      vertex 12.0892 10.5 67.0403
      vertex 12.1161 11.75 66.9492
      vertex 12.0892 11.75 67.0403
    endloop
  endfacet
  facet normal 0.959063 0 0.283192
    outer loop
      vertex 12.1161 11.75 66.9492
      vertex 12.0892 10.5 67.0403
      vertex 12.1161 10.5 66.9492
    endloop
  endfacet
  facet normal 0.967455 -0 0.253042
    outer loop
      vertex 12.1161 10.5 66.9492
      vertex 12.141 11.75 66.854
      vertex 12.1161 11.75 66.9492
    endloop
  endfacet
  facet normal 0.967455 0 0.253042
    outer loop
      vertex 12.141 11.75 66.854
      vertex 12.1161 10.5 66.9492
      vertex 12.141 10.5 66.854
    endloop
  endfacet
  facet normal 0.973627 -0 0.228147
    outer loop
      vertex 12.141 10.5 66.854
      vertex 12.1638 11.75 66.7567
      vertex 12.141 11.75 66.854
    endloop
  endfacet
  facet normal 0.973627 0 0.228147
    outer loop
      vertex 12.1638 11.75 66.7567
      vertex 12.141 10.5 66.854
      vertex 12.1638 10.5 66.7567
    endloop
  endfacet
  facet normal 0.975846 -0 0.218459
    outer loop
      vertex 12.1638 10.5 66.7567
      vertex 12.1865 11.75 66.6553
      vertex 12.1638 11.75 66.7567
    endloop
  endfacet
  facet normal 0.975846 0 0.218459
    outer loop
      vertex 12.1865 11.75 66.6553
      vertex 12.1638 10.5 66.7567
      vertex 12.1865 10.5 66.6553
    endloop
  endfacet
  facet normal 0.976629 -0 0.214934
    outer loop
      vertex 12.1865 10.5 66.6553
      vertex 12.2093 11.75 66.5517
      vertex 12.1865 11.75 66.6553
    endloop
  endfacet
  facet normal 0.976629 0 0.214934
    outer loop
      vertex 12.2093 11.75 66.5517
      vertex 12.1865 10.5 66.6553
      vertex 12.2093 10.5 66.5517
    endloop
  endfacet
  facet normal 0.98129 -0 0.192537
    outer loop
      vertex 12.2093 10.5 66.5517
      vertex 12.23 11.75 66.4462
      vertex 12.2093 11.75 66.5517
    endloop
  endfacet
  facet normal 0.98129 0 0.192537
    outer loop
      vertex 12.23 11.75 66.4462
      vertex 12.2093 10.5 66.5517
      vertex 12.23 10.5 66.4462
    endloop
  endfacet
  facet normal 0.985954 -0 0.167019
    outer loop
      vertex 12.23 10.5 66.4462
      vertex 12.2486 11.75 66.3364
      vertex 12.23 11.75 66.4462
    endloop
  endfacet
  facet normal 0.985954 0 0.167019
    outer loop
      vertex 12.2486 11.75 66.3364
      vertex 12.23 10.5 66.4462
      vertex 12.2486 10.5 66.3364
    endloop
  endfacet
  facet normal 0.986274 -0 0.165115
    outer loop
      vertex 12.2486 10.5 66.3364
      vertex 12.2673 11.75 66.2247
      vertex 12.2486 11.75 66.3364
    endloop
  endfacet
  facet normal 0.986274 0 0.165115
    outer loop
      vertex 12.2673 11.75 66.2247
      vertex 12.2486 10.5 66.3364
      vertex 12.2673 10.5 66.2247
    endloop
  endfacet
  facet normal 0.98967 -0 0.143367
    outer loop
      vertex 12.2673 10.5 66.2247
      vertex 12.2838 11.75 66.1108
      vertex 12.2673 11.75 66.2247
    endloop
  endfacet
  facet normal 0.98967 0 0.143367
    outer loop
      vertex 12.2838 11.75 66.1108
      vertex 12.2673 10.5 66.2247
      vertex 12.2838 10.5 66.1108
    endloop
  endfacet
  facet normal 0.990249 -0 0.139306
    outer loop
      vertex 12.2838 10.5 66.1108
      vertex 12.3004 11.75 65.9928
      vertex 12.2838 11.75 66.1108
    endloop
  endfacet
  facet normal 0.990249 0 0.139306
    outer loop
      vertex 12.3004 11.75 65.9928
      vertex 12.2838 10.5 66.1108
      vertex 12.3004 10.5 65.9928
    endloop
  endfacet
  facet normal 0.990583 -0 0.136916
    outer loop
      vertex 12.3004 10.5 65.9928
      vertex 12.317 11.75 65.8727
      vertex 12.3004 11.75 65.9928
    endloop
  endfacet
  facet normal 0.990583 0 0.136916
    outer loop
      vertex 12.317 11.75 65.8727
      vertex 12.3004 10.5 65.9928
      vertex 12.317 10.5 65.8727
    endloop
  endfacet
  facet normal 0.995053 -0 0.0993451
    outer loop
      vertex 12.317 10.5 65.8727
      vertex 12.3294 11.75 65.7485
      vertex 12.317 11.75 65.8727
    endloop
  endfacet
  facet normal 0.995053 0 0.0993451
    outer loop
      vertex 12.3294 11.75 65.7485
      vertex 12.317 10.5 65.8727
      vertex 12.3294 10.5 65.7485
    endloop
  endfacet
  facet normal 0.995215 -0 0.0977092
    outer loop
      vertex 12.3294 10.5 65.7485
      vertex 12.3418 11.75 65.6222
      vertex 12.3294 11.75 65.7485
    endloop
  endfacet
  facet normal 0.995215 0 0.0977092
    outer loop
      vertex 12.3418 11.75 65.6222
      vertex 12.3294 10.5 65.7485
      vertex 12.3418 10.5 65.6222
    endloop
  endfacet
  facet normal 0.995362 -0 0.0962002
    outer loop
      vertex 12.3418 10.5 65.6222
      vertex 12.3542 11.75 65.4939
      vertex 12.3418 11.75 65.6222
    endloop
  endfacet
  facet normal 0.995362 0 0.0962002
    outer loop
      vertex 12.3542 11.75 65.4939
      vertex 12.3418 10.5 65.6222
      vertex 12.3542 10.5 65.4939
    endloop
  endfacet
  facet normal 0.996934 -0 0.0782499
    outer loop
      vertex 12.3542 10.5 65.4939
      vertex 12.3646 11.75 65.3614
      vertex 12.3542 11.75 65.4939
    endloop
  endfacet
  facet normal 0.996934 0 0.0782499
    outer loop
      vertex 12.3646 11.75 65.3614
      vertex 12.3542 10.5 65.4939
      vertex 12.3646 10.5 65.3614
    endloop
  endfacet
  facet normal 0.997085 -0 0.0763
    outer loop
      vertex 12.3646 10.5 65.3614
      vertex 12.3749 11.75 65.2268
      vertex 12.3646 11.75 65.3614
    endloop
  endfacet
  facet normal 0.997085 0 0.0763
    outer loop
      vertex 12.3749 11.75 65.2268
      vertex 12.3646 10.5 65.3614
      vertex 12.3749 10.5 65.2268
    endloop
  endfacet
  facet normal 0.998159 -0 0.0606495
    outer loop
      vertex 12.3749 10.5 65.2268
      vertex 12.3832 11.75 65.0902
      vertex 12.3749 11.75 65.2268
    endloop
  endfacet
  facet normal 0.998159 0 0.0606495
    outer loop
      vertex 12.3832 11.75 65.0902
      vertex 12.3749 10.5 65.2268
      vertex 12.3832 10.5 65.0902
    endloop
  endfacet
  facet normal 0.999032 -0 0.0439915
    outer loop
      vertex 12.3832 10.5 65.0902
      vertex 12.3894 11.75 64.9494
      vertex 12.3832 11.75 65.0902
    endloop
  endfacet
  facet normal 0.999032 0 0.0439915
    outer loop
      vertex 12.3894 11.75 64.9494
      vertex 12.3832 10.5 65.0902
      vertex 12.3894 10.5 64.9494
    endloop
  endfacet
  facet normal 0.999059 -0 0.0433765
    outer loop
      vertex 12.3894 10.5 64.9494
      vertex 12.3956 11.75 64.8066
      vertex 12.3894 11.75 64.9494
    endloop
  endfacet
  facet normal 0.999059 0 0.0433765
    outer loop
      vertex 12.3956 11.75 64.8066
      vertex 12.3894 10.5 64.9494
      vertex 12.3956 10.5 64.8066
    endloop
  endfacet
  facet normal 0.999086 -0 0.042749
    outer loop
      vertex 12.3956 10.5 64.8066
      vertex 12.4018 11.75 64.6617
      vertex 12.3956 11.75 64.8066
    endloop
  endfacet
  facet normal 0.999086 0 0.042749
    outer loop
      vertex 12.4018 11.75 64.6617
      vertex 12.3956 10.5 64.8066
      vertex 12.4018 10.5 64.6617
    endloop
  endfacet
  facet normal 0.999603 -0 0.0281578
    outer loop
      vertex 12.4018 10.5 64.6617
      vertex 12.406 11.75 64.5126
      vertex 12.4018 11.75 64.6617
    endloop
  endfacet
  facet normal 0.999603 0 0.0281578
    outer loop
      vertex 12.406 11.75 64.5126
      vertex 12.4018 10.5 64.6617
      vertex 12.406 10.5 64.5126
    endloop
  endfacet
  facet normal 0.999912 -0 0.0132351
    outer loop
      vertex 12.406 10.5 64.5126
      vertex 12.408 11.75 64.3615
      vertex 12.406 11.75 64.5126
    endloop
  endfacet
  facet normal 0.999912 0 0.0132351
    outer loop
      vertex 12.408 11.75 64.3615
      vertex 12.406 10.5 64.5126
      vertex 12.408 10.5 64.3615
    endloop
  endfacet
  facet normal 0.999908 -0 0.0135297
    outer loop
      vertex 12.408 10.5 64.3615
      vertex 12.4101 11.75 64.2063
      vertex 12.408 11.75 64.3615
    endloop
  endfacet
  facet normal 0.999908 0 0.0135297
    outer loop
      vertex 12.4101 11.75 64.2063
      vertex 12.408 10.5 64.3615
      vertex 12.4101 10.5 64.2063
    endloop
  endfacet
  facet normal 1 -0 0
    outer loop
      vertex 12.4101 10.5 64.2063
      vertex 12.4101 11.75 63.815
      vertex 12.4101 11.75 64.2063
    endloop
  endfacet
  facet normal 1 0 0
    outer loop
      vertex 12.4101 11.75 63.815
      vertex 12.4101 10.5 64.2063
      vertex 12.4101 10.5 63.815
    endloop
  endfacet
  facet normal 0.999624 0 -0.0274048
    outer loop
      vertex 12.4101 10.5 63.815
      vertex 12.408 11.75 63.7384
      vertex 12.4101 11.75 63.815
    endloop
  endfacet
  facet normal 0.999624 0 -0.0274048
    outer loop
      vertex 12.408 11.75 63.7384
      vertex 12.4101 10.5 63.815
      vertex 12.408 10.5 63.7384
    endloop
  endfacet
  facet normal -0.0147002 0 -0.999892
    outer loop
      vertex 6.54536 10.5 59.7037
      vertex 6.6882 11.75 59.7016
      vertex 6.6882 10.5 59.7016
    endloop
  endfacet
  facet normal -0.0147002 0 -0.999892
    outer loop
      vertex 6.6882 11.75 59.7016
      vertex 6.54536 10.5 59.7037
      vertex 6.54536 11.75 59.7037
    endloop
  endfacet
  facet normal 0 0 -1
    outer loop
      vertex 6.40459 10.5 59.7037
      vertex 6.54536 11.75 59.7037
      vertex 6.54536 10.5 59.7037
    endloop
  endfacet
  facet normal -0 0 -1
    outer loop
      vertex 6.54536 11.75 59.7037
      vertex 6.40459 10.5 59.7037
      vertex 6.40459 11.75 59.7037
    endloop
  endfacet
  facet normal -0.0144181 0 -0.999896
    outer loop
      vertex 6.26589 10.5 59.7057
      vertex 6.40459 11.75 59.7037
      vertex 6.40459 10.5 59.7037
    endloop
  endfacet
  facet normal -0.0144181 0 -0.999896
    outer loop
      vertex 6.40459 11.75 59.7037
      vertex 6.26589 10.5 59.7057
      vertex 6.26589 11.75 59.7057
    endloop
  endfacet
  facet normal -0.0158483 0 -0.999874
    outer loop
      vertex 6.00091 10.5 59.7099
      vertex 6.26589 11.75 59.7057
      vertex 6.26589 10.5 59.7057
    endloop
  endfacet
  facet normal -0.0158483 0 -0.999874
    outer loop
      vertex 6.26589 11.75 59.7057
      vertex 6.00091 10.5 59.7099
      vertex 6.00091 11.75 59.7099
    endloop
  endfacet
  facet normal -0.0163593 0 -0.999866
    outer loop
      vertex 5.87256 10.5 59.712
      vertex 6.00091 11.75 59.7099
      vertex 6.00091 10.5 59.7099
    endloop
  endfacet
  facet normal -0.0163593 0 -0.999866
    outer loop
      vertex 6.00091 11.75 59.7099
      vertex 5.87256 10.5 59.712
      vertex 5.87256 11.75 59.712
    endloop
  endfacet
  facet normal -0.0160997 0 -0.99987
    outer loop
      vertex 5.74835 10.5 59.714
      vertex 5.87256 11.75 59.712
      vertex 5.87256 10.5 59.712
    endloop
  endfacet
  facet normal -0.0160997 0 -0.99987
    outer loop
      vertex 5.87256 11.75 59.712
      vertex 5.74835 10.5 59.714
      vertex 5.74835 11.75 59.714
    endloop
  endfacet
  facet normal -0.0343665 0 -0.999409
    outer loop
      vertex 5.62621 10.5 59.7182
      vertex 5.74835 11.75 59.714
      vertex 5.74835 10.5 59.714
    endloop
  endfacet
  facet normal -0.0343665 0 -0.999409
    outer loop
      vertex 5.74835 11.75 59.714
      vertex 5.62621 10.5 59.7182
      vertex 5.62621 11.75 59.7182
    endloop
  endfacet
  facet normal -0.0169467 0 -0.999856
    outer loop
      vertex 5.50821 10.5 59.7202
      vertex 5.62621 11.75 59.7182
      vertex 5.62621 10.5 59.7182
    endloop
  endfacet
  facet normal -0.0169467 0 -0.999856
    outer loop
      vertex 5.62621 11.75 59.7182
      vertex 5.50821 10.5 59.7202
      vertex 5.50821 11.75 59.7202
    endloop
  endfacet
  facet normal -0.036205 0 -0.999344
    outer loop
      vertex 5.39228 10.5 59.7244
      vertex 5.50821 11.75 59.7202
      vertex 5.50821 10.5 59.7202
    endloop
  endfacet
  facet normal -0.036205 0 -0.999344
    outer loop
      vertex 5.50821 11.75 59.7202
      vertex 5.39228 10.5 59.7244
      vertex 5.39228 11.75 59.7244
    endloop
  endfacet
  facet normal -0.0366513 0 -0.999328
    outer loop
      vertex 5.28049 10.5 59.7285
      vertex 5.39228 11.75 59.7244
      vertex 5.39228 10.5 59.7244
    endloop
  endfacet
  facet normal -0.0366513 0 -0.999328
    outer loop
      vertex 5.39228 11.75 59.7244
      vertex 5.28049 10.5 59.7285
      vertex 5.28049 11.75 59.7285
    endloop
  endfacet
  facet normal -0.0382547 0 -0.999268
    outer loop
      vertex 5.17078 10.5 59.7327
      vertex 5.28049 11.75 59.7285
      vertex 5.28049 10.5 59.7285
    endloop
  endfacet
  facet normal -0.0382547 0 -0.999268
    outer loop
      vertex 5.28049 11.75 59.7285
      vertex 5.17078 10.5 59.7327
      vertex 5.17078 11.75 59.7327
    endloop
  endfacet
  facet normal -0.0586223 0 -0.99828
    outer loop
      vertex 5.0652 10.5 59.7389
      vertex 5.17078 11.75 59.7327
      vertex 5.17078 10.5 59.7327
    endloop
  endfacet
  facet normal -0.0586223 0 -0.99828
    outer loop
      vertex 5.17078 11.75 59.7327
      vertex 5.0652 10.5 59.7389
      vertex 5.0652 11.75 59.7389
    endloop
  endfacet
  facet normal -0.0395787 0 -0.999216
    outer loop
      vertex 4.96169 10.5 59.743
      vertex 5.0652 11.75 59.7389
      vertex 5.0652 10.5 59.7389
    endloop
  endfacet
  facet normal -0.0395787 0 -0.999216
    outer loop
      vertex 5.0652 11.75 59.7389
      vertex 4.96169 10.5 59.743
      vertex 4.96169 11.75 59.743
    endloop
  endfacet
  facet normal -0.062272 0 -0.998059
    outer loop
      vertex 4.86232 10.5 59.7492
      vertex 4.96169 11.75 59.743
      vertex 4.96169 10.5 59.743
    endloop
  endfacet
  facet normal -0.062272 0 -0.998059
    outer loop
      vertex 4.96169 11.75 59.743
      vertex 4.86232 10.5 59.7492
      vertex 4.86232 11.75 59.7492
    endloop
  endfacet
  facet normal -0.0440609 0 -0.999029
    outer loop
      vertex 4.76709 10.5 59.7534
      vertex 4.86232 11.75 59.7492
      vertex 4.86232 10.5 59.7492
    endloop
  endfacet
  facet normal -0.0440609 0 -0.999029
    outer loop
      vertex 4.86232 11.75 59.7492
      vertex 4.76709 10.5 59.7534
      vertex 4.76709 11.75 59.7534
    endloop
  endfacet
  facet normal -0.0649748 0 -0.997887
    outer loop
      vertex 4.67187 10.5 59.7596
      vertex 4.76709 11.75 59.7534
      vertex 4.76709 10.5 59.7534
    endloop
  endfacet
  facet normal -0.0649748 0 -0.997887
    outer loop
      vertex 4.76709 11.75 59.7534
      vertex 4.67187 10.5 59.7596
      vertex 4.67187 11.75 59.7596
    endloop
  endfacet
  facet normal -0.069479 0 -0.997583
    outer loop
      vertex 4.58285 10.5 59.7658
      vertex 4.67187 11.75 59.7596
      vertex 4.67187 10.5 59.7596
    endloop
  endfacet
  facet normal -0.069479 0 -0.997583
    outer loop
      vertex 4.67187 11.75 59.7596
      vertex 4.58285 10.5 59.7658
      vertex 4.58285 11.75 59.7658
    endloop
  endfacet
  facet normal -0.0711248 0 -0.997467
    outer loop
      vertex 4.4959 10.5 59.772
      vertex 4.58285 11.75 59.7658
      vertex 4.58285 10.5 59.7658
    endloop
  endfacet
  facet normal -0.0711248 0 -0.997467
    outer loop
      vertex 4.58285 11.75 59.7658
      vertex 4.4959 10.5 59.772
      vertex 4.4959 11.75 59.772
    endloop
  endfacet
  facet normal -0.0973323 0 -0.995252
    outer loop
      vertex 4.41103 10.5 59.7803
      vertex 4.4959 11.75 59.772
      vertex 4.4959 10.5 59.772
    endloop
  endfacet
  facet normal -0.0973323 0 -0.995252
    outer loop
      vertex 4.4959 11.75 59.772
      vertex 4.41103 10.5 59.7803
      vertex 4.41103 11.75 59.7803
    endloop
  endfacet
  facet normal -0.0765643 0 -0.997065
    outer loop
      vertex 4.33029 10.5 59.7865
      vertex 4.41103 11.75 59.7803
      vertex 4.41103 10.5 59.7803
    endloop
  endfacet
  facet normal -0.0765643 0 -0.997065
    outer loop
      vertex 4.41103 11.75 59.7803
      vertex 4.33029 10.5 59.7865
      vertex 4.33029 11.75 59.7865
    endloop
  endfacet
  facet normal -0.107738 0 -0.994179
    outer loop
      vertex 4.2537 10.5 59.7948
      vertex 4.33029 11.75 59.7865
      vertex 4.33029 10.5 59.7865
    endloop
  endfacet
  facet normal -0.107738 0 -0.994179
    outer loop
      vertex 4.33029 11.75 59.7865
      vertex 4.2537 10.5 59.7948
      vertex 4.2537 11.75 59.7948
    endloop
  endfacet
  facet normal -0.109363 0 -0.994002
    outer loop
      vertex 4.17917 10.5 59.803
      vertex 4.2537 11.75 59.7948
      vertex 4.2537 10.5 59.7948
    endloop
  endfacet
  facet normal -0.109363 0 -0.994002
    outer loop
      vertex 4.2537 11.75 59.7948
      vertex 4.17917 10.5 59.803
      vertex 4.17917 11.75 59.803
    endloop
  endfacet
  facet normal -0.137559 0 -0.990494
    outer loop
      vertex 4.03012 10.5 59.8237
      vertex 4.17917 11.75 59.803
      vertex 4.17917 10.5 59.803
    endloop
  endfacet
  facet normal -0.137559 0 -0.990494
    outer loop
      vertex 4.17917 11.75 59.803
      vertex 4.03012 10.5 59.8237
      vertex 4.03012 11.75 59.8237
    endloop
  endfacet
  facet normal -0.146162 0 -0.989261
    outer loop
      vertex 3.95973 10.5 59.8341
      vertex 4.03012 11.75 59.8237
      vertex 4.03012 10.5 59.8237
    endloop
  endfacet
  facet normal -0.146162 0 -0.989261
    outer loop
      vertex 4.03012 11.75 59.8237
      vertex 3.95973 10.5 59.8341
      vertex 3.95973 11.75 59.8341
    endloop
  endfacet
  facet normal -0.173514 0 -0.984831
    outer loop
      vertex 3.88935 10.5 59.8465
      vertex 3.95973 11.75 59.8341
      vertex 3.95973 10.5 59.8341
    endloop
  endfacet
  facet normal -0.173514 0 -0.984831
    outer loop
      vertex 3.95973 11.75 59.8341
      vertex 3.88935 10.5 59.8465
      vertex 3.88935 11.75 59.8465
    endloop
  endfacet
  facet normal -0.201759 0 -0.979435
    outer loop
      vertex 3.81896 10.5 59.861
      vertex 3.88935 11.75 59.8465
      vertex 3.88935 10.5 59.8465
    endloop
  endfacet
  facet normal -0.201759 0 -0.979435
    outer loop
      vertex 3.88935 11.75 59.8465
      vertex 3.81896 10.5 59.861
      vertex 3.81896 11.75 59.861
    endloop
  endfacet
  facet normal -0.207641 0 -0.978205
    outer loop
      vertex 3.75065 10.5 59.8755
      vertex 3.81896 11.75 59.861
      vertex 3.81896 10.5 59.861
    endloop
  endfacet
  facet normal -0.207641 0 -0.978205
    outer loop
      vertex 3.81896 11.75 59.861
      vertex 3.75065 10.5 59.8755
      vertex 3.75065 11.75 59.8755
    endloop
  endfacet
  facet normal -0.236105 0 -0.971728
    outer loop
      vertex 3.68233 10.5 59.8921
      vertex 3.75065 11.75 59.8755
      vertex 3.75065 10.5 59.8755
    endloop
  endfacet
  facet normal -0.236105 0 -0.971728
    outer loop
      vertex 3.75065 11.75 59.8755
      vertex 3.68233 10.5 59.8921
      vertex 3.68233 11.75 59.8921
    endloop
  endfacet
  facet normal -0.270341 0 -0.962765
    outer loop
      vertex 3.61609 10.5 59.9107
      vertex 3.68233 11.75 59.8921
      vertex 3.68233 10.5 59.8921
    endloop
  endfacet
  facet normal -0.270341 0 -0.962765
    outer loop
      vertex 3.68233 11.75 59.8921
      vertex 3.61609 10.5 59.9107
      vertex 3.61609 11.75 59.9107
    endloop
  endfacet
  facet normal -0.248993 0 -0.968505
    outer loop
      vertex 3.55191 10.5 59.9272
      vertex 3.61609 11.75 59.9107
      vertex 3.61609 10.5 59.9107
    endloop
  endfacet
  facet normal -0.248993 0 -0.968505
    outer loop
      vertex 3.61609 11.75 59.9107
      vertex 3.55191 10.5 59.9272
      vertex 3.55191 11.75 59.9272
    endloop
  endfacet
  facet normal -0.307003 0 -0.951709
    outer loop
      vertex 3.48774 10.5 59.9479
      vertex 3.55191 11.75 59.9272
      vertex 3.55191 10.5 59.9272
    endloop
  endfacet
  facet normal -0.307003 0 -0.951709
    outer loop
      vertex 3.55191 11.75 59.9272
      vertex 3.48774 10.5 59.9479
      vertex 3.48774 11.75 59.9479
    endloop
  endfacet
  facet normal -0.316892 0 -0.948462
    outer loop
      vertex 3.36353 10.5 59.9894
      vertex 3.48774 11.75 59.9479
      vertex 3.48774 10.5 59.9479
    endloop
  endfacet
  facet normal -0.316892 0 -0.948462
    outer loop
      vertex 3.48774 11.75 59.9479
      vertex 3.36353 10.5 59.9894
      vertex 3.36353 11.75 59.9894
    endloop
  endfacet
  facet normal -0.353701 0 -0.935359
    outer loop
      vertex 3.3035 10.5 60.0121
      vertex 3.36353 11.75 59.9894
      vertex 3.36353 10.5 59.9894
    endloop
  endfacet
  facet normal -0.353701 0 -0.935359
    outer loop
      vertex 3.36353 11.75 59.9894
      vertex 3.3035 10.5 60.0121
      vertex 3.3035 11.75 60.0121
    endloop
  endfacet
  facet normal -0.383085 0 -0.923713
    outer loop
      vertex 3.24346 10.5 60.037
      vertex 3.3035 11.75 60.0121
      vertex 3.3035 10.5 60.0121
    endloop
  endfacet
  facet normal -0.383085 0 -0.923713
    outer loop
      vertex 3.3035 11.75 60.0121
      vertex 3.24346 10.5 60.037
      vertex 3.24346 11.75 60.037
    endloop
  endfacet
  facet normal -0.393383 0 -0.919375
    outer loop
      vertex 3.1855 10.5 60.0618
      vertex 3.24346 11.75 60.037
      vertex 3.24346 10.5 60.037
    endloop
  endfacet
  facet normal -0.393383 0 -0.919375
    outer loop
      vertex 3.24346 11.75 60.037
      vertex 3.1855 10.5 60.0618
      vertex 3.1855 11.75 60.0618
    endloop
  endfacet
  facet normal -0.433653 0 -0.90108
    outer loop
      vertex 3.07371 10.5 60.1156
      vertex 3.1855 11.75 60.0618
      vertex 3.1855 10.5 60.0618
    endloop
  endfacet
  facet normal -0.433653 0 -0.90108
    outer loop
      vertex 3.1855 11.75 60.0618
      vertex 3.07371 10.5 60.1156
      vertex 3.07371 11.75 60.1156
    endloop
  endfacet
  facet normal -0.447014 0 -0.894527
    outer loop
      vertex 3.01988 10.5 60.1425
      vertex 3.07371 11.75 60.1156
      vertex 3.07371 10.5 60.1156
    endloop
  endfacet
  facet normal -0.447014 0 -0.894527
    outer loop
      vertex 3.07371 11.75 60.1156
      vertex 3.01988 10.5 60.1425
      vertex 3.01988 11.75 60.1425
    endloop
  endfacet
  facet normal -0.500326 0 -0.865837
    outer loop
      vertex 2.96606 10.5 60.1736
      vertex 3.01988 11.75 60.1425
      vertex 3.01988 10.5 60.1425
    endloop
  endfacet
  facet normal -0.500326 0 -0.865837
    outer loop
      vertex 3.01988 11.75 60.1425
      vertex 2.96606 10.5 60.1736
      vertex 2.96606 11.75 60.1736
    endloop
  endfacet
  facet normal -0.474353 0 -0.880335
    outer loop
      vertex 2.91224 10.5 60.2026
      vertex 2.96606 11.75 60.1736
      vertex 2.96606 10.5 60.1736
    endloop
  endfacet
  facet normal -0.474353 0 -0.880335
    outer loop
      vertex 2.96606 11.75 60.1736
      vertex 2.91224 10.5 60.2026
      vertex 2.91224 11.75 60.2026
    endloop
  endfacet
  facet normal -0.554417 0 -0.832239
    outer loop
      vertex 2.76318 10.5 60.3019
      vertex 2.91224 11.75 60.2026
      vertex 2.91224 10.5 60.2026
    endloop
  endfacet
  facet normal -0.554417 0 -0.832239
    outer loop
      vertex 2.91224 11.75 60.2026
      vertex 2.76318 10.5 60.3019
      vertex 2.76318 11.75 60.3019
    endloop
  endfacet
  facet normal -0.590212 0 -0.807248
    outer loop
      vertex 2.65554 10.5 60.3806
      vertex 2.76318 11.75 60.3019
      vertex 2.76318 10.5 60.3019
    endloop
  endfacet
  facet normal -0.590212 0 -0.807248
    outer loop
      vertex 2.76318 11.75 60.3019
      vertex 2.65554 10.5 60.3806
      vertex 2.65554 11.75 60.3806
    endloop
  endfacet
  facet normal -0.643416 0 -0.765517
    outer loop
      vertex 2.55203 10.5 60.4676
      vertex 2.65554 11.75 60.3806
      vertex 2.65554 10.5 60.3806
    endloop
  endfacet
  facet normal -0.643416 0 -0.765517
    outer loop
      vertex 2.65554 11.75 60.3806
      vertex 2.55203 10.5 60.4676
      vertex 2.55203 11.75 60.4676
    endloop
  endfacet
  facet normal -0.675402 0 -0.73745
    outer loop
      vertex 2.50235 10.5 60.5131
      vertex 2.55203 11.75 60.4676
      vertex 2.55203 10.5 60.4676
    endloop
  endfacet
  facet normal -0.675402 0 -0.73745
    outer loop
      vertex 2.55203 11.75 60.4676
      vertex 2.50235 10.5 60.5131
      vertex 2.50235 11.75 60.5131
    endloop
  endfacet
  facet normal -0.706958 0 -0.707255
    outer loop
      vertex 2.50235 10.5 60.5131
      vertex 2.45473 11.75 60.5607
      vertex 2.50235 11.75 60.5131
    endloop
  endfacet
  facet normal -0.706958 -0 -0.707255
    outer loop
      vertex 2.45473 11.75 60.5607
      vertex 2.50235 10.5 60.5131
      vertex 2.45473 10.5 60.5607
    endloop
  endfacet
  facet normal -0.73729 0 -0.675577
    outer loop
      vertex 2.45473 10.5 60.5607
      vertex 2.40919 11.75 60.6104
      vertex 2.45473 11.75 60.5607
    endloop
  endfacet
  facet normal -0.73729 -0 -0.675577
    outer loop
      vertex 2.40919 11.75 60.6104
      vertex 2.45473 10.5 60.5607
      vertex 2.40919 10.5 60.6104
    endloop
  endfacet
  facet normal -0.750678 0 -0.660669
    outer loop
      vertex 2.40919 10.5 60.6104
      vertex 2.3181 11.75 60.7139
      vertex 2.40919 11.75 60.6104
    endloop
  endfacet
  facet normal -0.750678 -0 -0.660669
    outer loop
      vertex 2.3181 11.75 60.7139
      vertex 2.40919 10.5 60.6104
      vertex 2.3181 10.5 60.7139
    endloop
  endfacet
  facet normal -0.803608 0 -0.595159
    outer loop
      vertex 2.3181 10.5 60.7139
      vertex 2.2767 11.75 60.7698
      vertex 2.3181 11.75 60.7139
    endloop
  endfacet
  facet normal -0.803608 -0 -0.595159
    outer loop
      vertex 2.2767 11.75 60.7698
      vertex 2.3181 10.5 60.7139
      vertex 2.2767 10.5 60.7698
    endloop
  endfacet
  facet normal -0.789337 0 -0.61396
    outer loop
      vertex 2.2767 10.5 60.7698
      vertex 2.23322 11.75 60.8257
      vertex 2.2767 11.75 60.7698
    endloop
  endfacet
  facet normal -0.789337 -0 -0.61396
    outer loop
      vertex 2.23322 11.75 60.8257
      vertex 2.2767 10.5 60.7698
      vertex 2.23322 10.5 60.8257
    endloop
  endfacet
  facet normal -0.827656 0 -0.561236
    outer loop
      vertex 2.23322 10.5 60.8257
      vertex 2.19389 11.75 60.8837
      vertex 2.23322 11.75 60.8257
    endloop
  endfacet
  facet normal -0.827656 -0 -0.561236
    outer loop
      vertex 2.19389 11.75 60.8837
      vertex 2.23322 10.5 60.8257
      vertex 2.19389 10.5 60.8837
    endloop
  endfacet
  facet normal -0.836336 0 -0.548218
    outer loop
      vertex 2.19389 10.5 60.8837
      vertex 2.15456 11.75 60.9437
      vertex 2.19389 11.75 60.8837
    endloop
  endfacet
  facet normal -0.836336 -0 -0.548218
    outer loop
      vertex 2.15456 11.75 60.9437
      vertex 2.19389 10.5 60.8837
      vertex 2.15456 10.5 60.9437
    endloop
  endfacet
  facet normal -0.857493 0 -0.514496
    outer loop
      vertex 2.15456 10.5 60.9437
      vertex 2.1173 11.75 61.0058
      vertex 2.15456 11.75 60.9437
    endloop
  endfacet
  facet normal -0.857493 -0 -0.514496
    outer loop
      vertex 2.1173 11.75 61.0058
      vertex 2.15456 10.5 60.9437
      vertex 2.1173 10.5 61.0058
    endloop
  endfacet
  facet normal -0.864832 0 -0.502061
    outer loop
      vertex 2.1173 10.5 61.0058
      vertex 2.08003 11.75 61.07
      vertex 2.1173 11.75 61.0058
    endloop
  endfacet
  facet normal -0.864832 -0 -0.502061
    outer loop
      vertex 2.08003 11.75 61.07
      vertex 2.1173 10.5 61.0058
      vertex 2.08003 10.5 61.07
    endloop
  endfacet
  facet normal -0.876591 0 -0.481236
    outer loop
      vertex 2.08003 10.5 61.07
      vertex 2.04484 11.75 61.1341
      vertex 2.08003 11.75 61.07
    endloop
  endfacet
  facet normal -0.876591 -0 -0.481236
    outer loop
      vertex 2.04484 11.75 61.1341
      vertex 2.08003 10.5 61.07
      vertex 2.04484 10.5 61.1341
    endloop
  endfacet
  facet normal -0.899914 0 -0.436067
    outer loop
      vertex 2.04484 10.5 61.1341
      vertex 1.9786 11.75 61.2708
      vertex 2.04484 11.75 61.1341
    endloop
  endfacet
  facet normal -0.899914 -0 -0.436067
    outer loop
      vertex 1.9786 11.75 61.2708
      vertex 2.04484 10.5 61.1341
      vertex 1.9786 10.5 61.2708
    endloop
  endfacet
  facet normal -0.914912 0 -0.403653
    outer loop
      vertex 1.9786 10.5 61.2708
      vertex 1.94754 11.75 61.3412
      vertex 1.9786 11.75 61.2708
    endloop
  endfacet
  facet normal -0.914912 -0 -0.403653
    outer loop
      vertex 1.94754 11.75 61.3412
      vertex 1.9786 10.5 61.2708
      vertex 1.94754 10.5 61.3412
    endloop
  endfacet
  facet normal -0.928388 0 -0.371612
    outer loop
      vertex 1.94754 10.5 61.3412
      vertex 1.91856 11.75 61.4136
      vertex 1.94754 11.75 61.3412
    endloop
  endfacet
  facet normal -0.928388 -0 -0.371612
    outer loop
      vertex 1.91856 11.75 61.4136
      vertex 1.94754 10.5 61.3412
      vertex 1.91856 10.5 61.4136
    endloop
  endfacet
  facet normal -0.931972 0 -0.362531
    outer loop
      vertex 1.91856 10.5 61.4136
      vertex 1.88958 11.75 61.4881
      vertex 1.91856 11.75 61.4136
    endloop
  endfacet
  facet normal -0.931972 -0 -0.362531
    outer loop
      vertex 1.88958 11.75 61.4881
      vertex 1.91856 10.5 61.4136
      vertex 1.88958 10.5 61.4881
    endloop
  endfacet
  facet normal -0.94067 0 -0.339322
    outer loop
      vertex 1.88958 10.5 61.4881
      vertex 1.86267 11.75 61.5627
      vertex 1.88958 11.75 61.4881
    endloop
  endfacet
  facet normal -0.94067 -0 -0.339322
    outer loop
      vertex 1.86267 11.75 61.5627
      vertex 1.88958 10.5 61.4881
      vertex 1.86267 10.5 61.5627
    endloop
  endfacet
  facet normal -0.946088 0 -0.323909
    outer loop
      vertex 1.86267 10.5 61.5627
      vertex 1.83576 11.75 61.6413
      vertex 1.86267 11.75 61.5627
    endloop
  endfacet
  facet normal -0.946088 -0 -0.323909
    outer loop
      vertex 1.83576 11.75 61.6413
      vertex 1.86267 10.5 61.5627
      vertex 1.83576 10.5 61.6413
    endloop
  endfacet
  facet normal -0.953592 0 -0.301102
    outer loop
      vertex 1.83576 10.5 61.6413
      vertex 1.81091 11.75 61.72
      vertex 1.83576 11.75 61.6413
    endloop
  endfacet
  facet normal -0.953592 -0 -0.301102
    outer loop
      vertex 1.81091 11.75 61.72
      vertex 1.83576 10.5 61.6413
      vertex 1.81091 10.5 61.72
    endloop
  endfacet
  facet normal -0.962423 0 -0.271554
    outer loop
      vertex 1.81091 10.5 61.72
      vertex 1.78814 11.75 61.8007
      vertex 1.81091 11.75 61.72
    endloop
  endfacet
  facet normal -0.962423 -0 -0.271554
    outer loop
      vertex 1.78814 11.75 61.8007
      vertex 1.81091 10.5 61.72
      vertex 1.78814 10.5 61.8007
    endloop
  endfacet
  facet normal -0.965866 0 -0.259043
    outer loop
      vertex 1.78814 10.5 61.8007
      vertex 1.76537 11.75 61.8856
      vertex 1.78814 11.75 61.8007
    endloop
  endfacet
  facet normal -0.965866 -0 -0.259043
    outer loop
      vertex 1.76537 11.75 61.8856
      vertex 1.78814 10.5 61.8007
      vertex 1.76537 10.5 61.8856
    endloop
  endfacet
  facet normal -0.967415 0 -0.253196
    outer loop
      vertex 1.76537 10.5 61.8856
      vertex 1.7426 11.75 61.9726
      vertex 1.76537 11.75 61.8856
    endloop
  endfacet
  facet normal -0.967415 -0 -0.253196
    outer loop
      vertex 1.7426 11.75 61.9726
      vertex 1.76537 10.5 61.8856
      vertex 1.7426 10.5 61.9726
    endloop
  endfacet
  facet normal -0.975091 0 -0.221806
    outer loop
      vertex 1.7426 10.5 61.9726
      vertex 1.7219 11.75 62.0636
      vertex 1.7426 11.75 61.9726
    endloop
  endfacet
  facet normal -0.975091 -0 -0.221806
    outer loop
      vertex 1.7219 11.75 62.0636
      vertex 1.7426 10.5 61.9726
      vertex 1.7219 10.5 62.0636
    endloop
  endfacet
  facet normal -0.980601 0 -0.196015
    outer loop
      vertex 1.7219 10.5 62.0636
      vertex 1.70327 11.75 62.1568
      vertex 1.7219 11.75 62.0636
    endloop
  endfacet
  facet normal -0.980601 -0 -0.196015
    outer loop
      vertex 1.70327 11.75 62.1568
      vertex 1.7219 10.5 62.0636
      vertex 1.70327 10.5 62.1568
    endloop
  endfacet
  facet normal -0.981366 0 -0.19215
    outer loop
      vertex 1.70327 10.5 62.1568
      vertex 1.68463 11.75 62.252
      vertex 1.70327 11.75 62.1568
    endloop
  endfacet
  facet normal -0.981366 -0 -0.19215
    outer loop
      vertex 1.68463 11.75 62.252
      vertex 1.70327 10.5 62.1568
      vertex 1.68463 10.5 62.252
    endloop
  endfacet
  facet normal -0.982886 0 -0.184217
    outer loop
      vertex 1.68463 10.5 62.252
      vertex 1.666 11.75 62.3514
      vertex 1.68463 11.75 62.252
    endloop
  endfacet
  facet normal -0.982886 -0 -0.184217
    outer loop
      vertex 1.666 11.75 62.3514
      vertex 1.68463 10.5 62.252
      vertex 1.666 10.5 62.3514
    endloop
  endfacet
  facet normal -0.986925 0 -0.161178
    outer loop
      vertex 1.666 10.5 62.3514
      vertex 1.64944 11.75 62.4528
      vertex 1.666 11.75 62.3514
    endloop
  endfacet
  facet normal -0.986925 -0 -0.161178
    outer loop
      vertex 1.64944 11.75 62.4528
      vertex 1.666 10.5 62.3514
      vertex 1.64944 10.5 62.4528
    endloop
  endfacet
  facet normal -0.990342 0 -0.138648
    outer loop
      vertex 1.64944 10.5 62.4528
      vertex 1.63495 11.75 62.5563
      vertex 1.64944 11.75 62.4528
    endloop
  endfacet
  facet normal -0.990342 -0 -0.138648
    outer loop
      vertex 1.63495 11.75 62.5563
      vertex 1.64944 10.5 62.4528
      vertex 1.63495 10.5 62.5563
    endloop
  endfacet
  facet normal -0.99107 0 -0.133339
    outer loop
      vertex 1.63495 10.5 62.5563
      vertex 1.62046 11.75 62.664
      vertex 1.63495 11.75 62.5563
    endloop
  endfacet
  facet normal -0.99107 -0 -0.133339
    outer loop
      vertex 1.62046 11.75 62.664
      vertex 1.63495 10.5 62.5563
      vertex 1.62046 10.5 62.664
    endloop
  endfacet
  facet normal -0.991389 0 -0.13095
    outer loop
      vertex 1.62046 10.5 62.664
      vertex 1.60597 11.75 62.7737
      vertex 1.62046 11.75 62.664
    endloop
  endfacet
  facet normal -0.991389 -0 -0.13095
    outer loop
      vertex 1.60597 11.75 62.7737
      vertex 1.62046 10.5 62.664
      vertex 1.60597 10.5 62.7737
    endloop
  endfacet
  facet normal -0.994107 0 -0.1084
    outer loop
      vertex 1.60597 10.5 62.7737
      vertex 1.59355 11.75 62.8876
      vertex 1.60597 11.75 62.7737
    endloop
  endfacet
  facet normal -0.994107 -0 -0.1084
    outer loop
      vertex 1.59355 11.75 62.8876
      vertex 1.60597 10.5 62.7737
      vertex 1.59355 10.5 62.8876
    endloop
  endfacet
  facet normal -0.994307 0 -0.106551
    outer loop
      vertex 1.59355 10.5 62.8876
      vertex 1.58113 11.75 63.0035
      vertex 1.59355 11.75 62.8876
    endloop
  endfacet
  facet normal -0.994307 -0 -0.106551
    outer loop
      vertex 1.58113 11.75 63.0035
      vertex 1.59355 10.5 62.8876
      vertex 1.58113 10.5 63.0035
    endloop
  endfacet
  facet normal -0.996175 0 -0.0873764
    outer loop
      vertex 1.58113 10.5 63.0035
      vertex 1.57078 11.75 63.1215
      vertex 1.58113 11.75 63.0035
    endloop
  endfacet
  facet normal -0.996175 -0 -0.0873764
    outer loop
      vertex 1.57078 11.75 63.1215
      vertex 1.58113 10.5 63.0035
      vertex 1.57078 10.5 63.1215
    endloop
  endfacet
  facet normal -0.997703 0 -0.0677392
    outer loop
      vertex 1.57078 10.5 63.1215
      vertex 1.56249 11.75 63.2436
      vertex 1.57078 11.75 63.1215
    endloop
  endfacet
  facet normal -0.997703 -0 -0.0677392
    outer loop
      vertex 1.56249 11.75 63.2436
      vertex 1.57078 10.5 63.1215
      vertex 1.56249 10.5 63.2436
    endloop
  endfacet
  facet normal -0.997785 0 -0.066519
    outer loop
      vertex 1.56249 10.5 63.2436
      vertex 1.55421 11.75 63.3678
      vertex 1.56249 11.75 63.2436
    endloop
  endfacet
  facet normal -0.997785 -0 -0.066519
    outer loop
      vertex 1.55421 11.75 63.3678
      vertex 1.56249 10.5 63.2436
      vertex 1.55421 10.5 63.3678
    endloop
  endfacet
  facet normal -0.997858 0 -0.0654178
    outer loop
      vertex 1.55421 10.5 63.3678
      vertex 1.54593 11.75 63.4941
      vertex 1.55421 11.75 63.3678
    endloop
  endfacet
  facet normal -0.997858 -0 -0.0654178
    outer loop
      vertex 1.54593 11.75 63.4941
      vertex 1.55421 10.5 63.3678
      vertex 1.54593 10.5 63.4941
    endloop
  endfacet
  facet normal -0.998868 0 -0.0475688
    outer loop
      vertex 1.54593 10.5 63.4941
      vertex 1.53972 11.75 63.6245
      vertex 1.54593 11.75 63.4941
    endloop
  endfacet
  facet normal -0.998868 -0 -0.0475688
    outer loop
      vertex 1.53972 11.75 63.6245
      vertex 1.54593 10.5 63.4941
      vertex 1.53972 10.5 63.6245
    endloop
  endfacet
  facet normal -0.998904 0 -0.0468165
    outer loop
      vertex 1.53972 10.5 63.6245
      vertex 1.53351 11.75 63.757
      vertex 1.53972 11.75 63.6245
    endloop
  endfacet
  facet normal -0.998904 -0 -0.0468165
    outer loop
      vertex 1.53351 11.75 63.757
      vertex 1.53972 10.5 63.6245
      vertex 1.53351 10.5 63.757
    endloop
  endfacet
  facet normal -0.999527 0 -0.0307433
    outer loop
      vertex 1.53351 10.5 63.757
      vertex 1.52937 11.75 63.8916
      vertex 1.53351 11.75 63.757
    endloop
  endfacet
  facet normal -0.999527 -0 -0.0307433
    outer loop
      vertex 1.52937 11.75 63.8916
      vertex 1.53351 10.5 63.757
      vertex 1.52937 10.5 63.8916
    endloop
  endfacet
  facet normal -0.999555 0 -0.0298353
    outer loop
      vertex 1.52937 10.5 63.8916
      vertex 1.52523 11.75 64.0303
      vertex 1.52937 11.75 63.8916
    endloop
  endfacet
  facet normal -0.999555 -0 -0.0298353
    outer loop
      vertex 1.52523 11.75 64.0303
      vertex 1.52937 10.5 63.8916
      vertex 1.52523 10.5 64.0303
    endloop
  endfacet
  facet normal -0.999892 0 -0.0147001
    outer loop
      vertex 1.52523 10.5 64.0303
      vertex 1.52316 11.75 64.1711
      vertex 1.52523 11.75 64.0303
    endloop
  endfacet
  facet normal -0.999892 -0 -0.0147001
    outer loop
      vertex 1.52316 11.75 64.1711
      vertex 1.52523 10.5 64.0303
      vertex 1.52316 10.5 64.1711
    endloop
  endfacet
  facet normal -0.999898 0 -0.0142843
    outer loop
      vertex 1.52316 10.5 64.1711
      vertex 1.52109 11.75 64.316
      vertex 1.52316 11.75 64.1711
    endloop
  endfacet
  facet normal -0.999898 -0 -0.0142843
    outer loop
      vertex 1.52109 11.75 64.316
      vertex 1.52316 10.5 64.1711
      vertex 1.52109 10.5 64.316
    endloop
  endfacet
  facet normal -1 0 0
    outer loop
      vertex 1.52109 10.5 64.316
      vertex 1.52109 11.75 64.7528
      vertex 1.52109 11.75 64.316
    endloop
  endfacet
  facet normal -1 -0 0
    outer loop
      vertex 1.52109 11.75 64.7528
      vertex 1.52109 10.5 64.316
      vertex 1.52109 10.5 64.7528
    endloop
  endfacet
  facet normal -0 0 1
    outer loop
      vertex 1.52109 11.75 64.7528
      vertex 4.15019 10.5 64.7528
      vertex 4.15019 11.75 64.7528
    endloop
  endfacet
  facet normal 0 0 1
    outer loop
      vertex 4.15019 10.5 64.7528
      vertex 1.52109 11.75 64.7528
      vertex 1.52109 10.5 64.7528
    endloop
  endfacet
  facet normal 1 -0 0
    outer loop
      vertex 4.15019 10.5 64.7528
      vertex 4.15019 11.75 64.3677
      vertex 4.15019 11.75 64.7528
    endloop
  endfacet
  facet normal 1 0 0
    outer loop
      vertex 4.15019 11.75 64.3677
      vertex 4.15019 10.5 64.7528
      vertex 4.15019 10.5 64.3677
    endloop
  endfacet
  facet normal 0.997778 -0 0.0666258
    outer loop
      vertex 4.15019 10.5 64.3677
      vertex 4.15226 11.75 64.3367
      vertex 4.15019 11.75 64.3677
    endloop
  endfacet
  facet normal 0.997778 0 0.0666258
    outer loop
      vertex 4.15226 11.75 64.3367
      vertex 4.15019 10.5 64.3677
      vertex 4.15226 10.5 64.3367
    endloop
  endfacet
  facet normal 1 -0 0
    outer loop
      vertex 4.15226 10.5 64.3367
      vertex 4.15226 11.75 64.3077
      vertex 4.15226 11.75 64.3367
    endloop
  endfacet
  facet normal 1 0 0
    outer loop
      vertex 4.15226 11.75 64.3077
      vertex 4.15226 10.5 64.3367
      vertex 4.15226 10.5 64.3077
    endloop
  endfacet
  facet normal 0.997462 -0 0.0711982
    outer loop
      vertex 4.15226 10.5 64.3077
      vertex 4.15433 11.75 64.2787
      vertex 4.15226 11.75 64.3077
    endloop
  endfacet
  facet normal 0.997462 0 0.0711982
    outer loop
      vertex 4.15433 11.75 64.2787
      vertex 4.15226 10.5 64.3077
      vertex 4.15433 10.5 64.2787
    endloop
  endfacet
  facet normal 1 -0 0
    outer loop
      vertex 4.15433 10.5 64.2787
      vertex 4.15433 11.75 64.2497
      vertex 4.15433 11.75 64.2787
    endloop
  endfacet
  facet normal 1 0 0
    outer loop
      vertex 4.15433 11.75 64.2497
      vertex 4.15433 10.5 64.2787
      vertex 4.15433 10.5 64.2497
    endloop
  endfacet
  facet normal 0.997462 -0 0.0711982
    outer loop
      vertex 4.15433 10.5 64.2497
      vertex 4.1564 11.75 64.2207
      vertex 4.15433 11.75 64.2497
    endloop
  endfacet
  facet normal 0.997462 0 0.0711982
    outer loop
      vertex 4.1564 11.75 64.2207
      vertex 4.15433 10.5 64.2497
      vertex 4.1564 10.5 64.2207
    endloop
  endfacet
  facet normal 0.997052 -0 0.0767248
    outer loop
      vertex 4.1564 10.5 64.2207
      vertex 4.15847 11.75 64.1938
      vertex 4.1564 11.75 64.2207
    endloop
  endfacet
  facet normal 0.997052 0 0.0767248
    outer loop
      vertex 4.15847 11.75 64.1938
      vertex 4.1564 10.5 64.2207
      vertex 4.15847 10.5 64.1938
    endloop
  endfacet
  facet normal 1 -0 0
    outer loop
      vertex 4.15847 10.5 64.1938
      vertex 4.15847 11.75 64.1669
      vertex 4.15847 11.75 64.1938
    endloop
  endfacet
  facet normal 1 0 0
    outer loop
      vertex 4.15847 11.75 64.1669
      vertex 4.15847 10.5 64.1938
      vertex 4.15847 10.5 64.1669
    endloop
  endfacet
  facet normal 0.996535 -0 0.0831785
    outer loop
      vertex 4.15847 10.5 64.1669
      vertex 4.16054 11.75 64.1421
      vertex 4.15847 11.75 64.1669
    endloop
  endfacet
  facet normal 0.996535 0 0.0831785
    outer loop
      vertex 4.16054 11.75 64.1421
      vertex 4.15847 10.5 64.1669
      vertex 4.16054 10.5 64.1421
    endloop
  endfacet
  facet normal 0.997052 -0 0.0767248
    outer loop
      vertex 4.16054 10.5 64.1421
      vertex 4.16261 11.75 64.1152
      vertex 4.16054 11.75 64.1421
    endloop
  endfacet
  facet normal 0.997052 0 0.0767248
    outer loop
      vertex 4.16261 11.75 64.1152
      vertex 4.16054 10.5 64.1421
      vertex 4.16261 10.5 64.1152
    endloop
  endfacet
  facet normal 0.995904 -0 0.0904176
    outer loop
      vertex 4.16261 10.5 64.1152
      vertex 4.16468 11.75 64.0924
      vertex 4.16261 11.75 64.1152
    endloop
  endfacet
  facet normal 0.995904 0 0.0904176
    outer loop
      vertex 4.16468 11.75 64.0924
      vertex 4.16261 10.5 64.1152
      vertex 4.16468 10.5 64.0924
    endloop
  endfacet
  facet normal 0.986351 -0 0.164657
    outer loop
      vertex 4.16468 10.5 64.0924
      vertex 4.16882 11.75 64.0676
      vertex 4.16468 11.75 64.0924
    endloop
  endfacet
  facet normal 0.986351 0 0.164657
    outer loop
      vertex 4.16882 11.75 64.0676
      vertex 4.16468 10.5 64.0924
      vertex 4.16882 10.5 64.0676
    endloop
  endfacet
  facet normal 0.995904 -0 0.0904176
    outer loop
      vertex 4.16882 10.5 64.0676
      vertex 4.17296 11.75 64.022
      vertex 4.16882 11.75 64.0676
    endloop
  endfacet
  facet normal 0.995904 0 0.0904176
    outer loop
      vertex 4.17296 11.75 64.022
      vertex 4.16882 10.5 64.0676
      vertex 4.17296 10.5 64.022
    endloop
  endfacet
  facet normal 0.983911 -0 0.178658
    outer loop
      vertex 4.17296 10.5 64.022
      vertex 4.1771 11.75 63.9992
      vertex 4.17296 11.75 64.022
    endloop
  endfacet
  facet normal 0.983911 0 0.178658
    outer loop
      vertex 4.1771 11.75 63.9992
      vertex 4.17296 10.5 64.022
      vertex 4.1771 10.5 63.9992
    endloop
  endfacet
  facet normal 0.995037 -0 0.0995037
    outer loop
      vertex 4.1771 10.5 63.9992
      vertex 4.17917 11.75 63.9785
      vertex 4.1771 11.75 63.9992
    endloop
  endfacet
  facet normal 0.995037 0 0.0995037
    outer loop
      vertex 4.17917 11.75 63.9785
      vertex 4.1771 10.5 63.9992
      vertex 4.17917 10.5 63.9785
    endloop
  endfacet
  facet normal 0.980581 -0 0.196116
    outer loop
      vertex 4.17917 10.5 63.9785
      vertex 4.18331 11.75 63.9578
      vertex 4.17917 11.75 63.9785
    endloop
  endfacet
  facet normal 0.980581 0 0.196116
    outer loop
      vertex 4.18331 11.75 63.9578
      vertex 4.17917 10.5 63.9785
      vertex 4.18331 10.5 63.9578
    endloop
  endfacet
  facet normal 0.995037 -0 0.0995037
    outer loop
      vertex 4.18331 10.5 63.9578
      vertex 4.18538 11.75 63.9371
      vertex 4.18331 11.75 63.9578
    endloop
  endfacet
  facet normal 0.995037 0 0.0995037
    outer loop
      vertex 4.18538 11.75 63.9371
      vertex 4.18331 10.5 63.9578
      vertex 4.18538 10.5 63.9371
    endloop
  endfacet
  facet normal 0.980581 -0 0.196116
    outer loop
      vertex 4.18538 10.5 63.9371
      vertex 4.18952 11.75 63.9164
      vertex 4.18538 11.75 63.9371
    endloop
  endfacet
  facet normal 0.980581 0 0.196116
    outer loop
      vertex 4.18952 11.75 63.9164
      vertex 4.18538 10.5 63.9371
      vertex 4.18952 10.5 63.9164
    endloop
  endfacet
  facet normal 0.976113 -0 0.217264
    outer loop
      vertex 4.18952 10.5 63.9164
      vertex 4.1978 11.75 63.8792
      vertex 4.18952 11.75 63.9164
    endloop
  endfacet
  facet normal 0.976113 0 0.217264
    outer loop
      vertex 4.1978 11.75 63.8792
      vertex 4.18952 10.5 63.9164
      vertex 4.1978 10.5 63.8792
    endloop
  endfacet
  facet normal 0.970108 -0 0.242674
    outer loop
      vertex 4.1978 10.5 63.8792
      vertex 4.20608 11.75 63.8461
      vertex 4.1978 11.75 63.8792
    endloop
  endfacet
  facet normal 0.970108 0 0.242674
    outer loop
      vertex 4.20608 11.75 63.8461
      vertex 4.1978 10.5 63.8792
      vertex 4.20608 10.5 63.8461
    endloop
  endfacet
  facet normal 0.936607 -0 0.350381
    outer loop
      vertex 4.20608 10.5 63.8461
      vertex 4.21229 11.75 63.8295
      vertex 4.20608 11.75 63.8461
    endloop
  endfacet
  facet normal 0.936607 0 0.350381
    outer loop
      vertex 4.21229 11.75 63.8295
      vertex 4.20608 10.5 63.8461
      vertex 4.21229 10.5 63.8295
    endloop
  endfacet
  facet normal 0.97028 -0 0.241985
    outer loop
      vertex 4.21229 10.5 63.8295
      vertex 4.21643 11.75 63.8129
      vertex 4.21229 11.75 63.8295
    endloop
  endfacet
  facet normal 0.97028 0 0.241985
    outer loop
      vertex 4.21643 11.75 63.8129
      vertex 4.21229 10.5 63.8295
      vertex 4.21643 10.5 63.8129
    endloop
  endfacet
  facet normal 0.936259 -0 0.351309
    outer loop
      vertex 4.21643 10.5 63.8129
      vertex 4.22885 11.75 63.7798
      vertex 4.21643 11.75 63.8129
    endloop
  endfacet
  facet normal 0.936259 0 0.351309
    outer loop
      vertex 4.22885 11.75 63.7798
      vertex 4.21643 10.5 63.8129
      vertex 4.22885 10.5 63.7798
    endloop
  endfacet
  facet normal 0.894858 -0 0.446351
    outer loop
      vertex 4.22885 10.5 63.7798
      vertex 4.23713 11.75 63.7632
      vertex 4.22885 11.75 63.7798
    endloop
  endfacet
  facet normal 0.894858 0 0.446351
    outer loop
      vertex 4.23713 11.75 63.7632
      vertex 4.22885 10.5 63.7798
      vertex 4.23713 10.5 63.7632
    endloop
  endfacet
  facet normal 0.91802 -0 0.396534
    outer loop
      vertex 4.23713 10.5 63.7632
      vertex 4.24335 11.75 63.7488
      vertex 4.23713 11.75 63.7632
    endloop
  endfacet
  facet normal 0.91802 0 0.396534
    outer loop
      vertex 4.24335 11.75 63.7488
      vertex 4.23713 10.5 63.7632
      vertex 4.24335 10.5 63.7488
    endloop
  endfacet
  facet normal 0.868391 -0 0.495881
    outer loop
      vertex 4.24335 10.5 63.7488
      vertex 4.26819 11.75 63.7053
      vertex 4.24335 11.75 63.7488
    endloop
  endfacet
  facet normal 0.868391 0 0.495881
    outer loop
      vertex 4.26819 11.75 63.7053
      vertex 4.24335 10.5 63.7488
      vertex 4.26819 10.5 63.7053
    endloop
  endfacet
  facet normal 0.813923 -0 0.580973
    outer loop
      vertex 4.26819 10.5 63.7053
      vertex 4.27854 11.75 63.6908
      vertex 4.26819 11.75 63.7053
    endloop
  endfacet
  facet normal 0.813923 0 0.580973
    outer loop
      vertex 4.27854 11.75 63.6908
      vertex 4.26819 10.5 63.7053
      vertex 4.27854 10.5 63.6908
    endloop
  endfacet
  facet normal 0.868391 -0 0.495881
    outer loop
      vertex 4.27854 10.5 63.6908
      vertex 4.28682 11.75 63.6763
      vertex 4.27854 11.75 63.6908
    endloop
  endfacet
  facet normal 0.868391 0 0.495881
    outer loop
      vertex 4.28682 11.75 63.6763
      vertex 4.27854 10.5 63.6908
      vertex 4.28682 10.5 63.6763
    endloop
  endfacet
  facet normal 0.813923 -0 0.580973
    outer loop
      vertex 4.28682 10.5 63.6763
      vertex 4.29717 11.75 63.6618
      vertex 4.28682 11.75 63.6763
    endloop
  endfacet
  facet normal 0.813923 0 0.580973
    outer loop
      vertex 4.29717 11.75 63.6618
      vertex 4.28682 10.5 63.6763
      vertex 4.29717 10.5 63.6618
    endloop
  endfacet
  facet normal 0.767714 -0 0.640793
    outer loop
      vertex 4.29717 10.5 63.6618
      vertex 4.30752 11.75 63.6494
      vertex 4.29717 11.75 63.6618
    endloop
  endfacet
  facet normal 0.767714 0 0.640793
    outer loop
      vertex 4.30752 11.75 63.6494
      vertex 4.29717 10.5 63.6618
      vertex 4.30752 10.5 63.6494
    endloop
  endfacet
  facet normal 0.706537 0 0.707676
    outer loop
      vertex 4.30752 11.75 63.6494
      vertex 4.31994 10.5 63.637
      vertex 4.31994 11.75 63.637
    endloop
  endfacet
  facet normal 0.706537 0 0.707676
    outer loop
      vertex 4.31994 10.5 63.637
      vertex 4.30752 11.75 63.6494
      vertex 4.30752 10.5 63.6494
    endloop
  endfacet
  facet normal 0.813923 -0 0.580973
    outer loop
      vertex 4.31994 10.5 63.637
      vertex 4.33029 11.75 63.6225
      vertex 4.31994 11.75 63.637
    endloop
  endfacet
  facet normal 0.813923 0 0.580973
    outer loop
      vertex 4.33029 11.75 63.6225
      vertex 4.31994 10.5 63.637
      vertex 4.33029 10.5 63.6225
    endloop
  endfacet
  facet normal 0.707959 0 0.706253
    outer loop
      vertex 4.33029 11.75 63.6225
      vertex 4.35513 10.5 63.5976
      vertex 4.35513 11.75 63.5976
    endloop
  endfacet
  facet normal 0.707959 0 0.706253
    outer loop
      vertex 4.35513 10.5 63.5976
      vertex 4.33029 11.75 63.6225
      vertex 4.33029 10.5 63.6225
    endloop
  endfacet
  facet normal 0.638354 0 0.769743
    outer loop
      vertex 4.35513 11.75 63.5976
      vertex 4.36755 10.5 63.5873
      vertex 4.36755 11.75 63.5873
    endloop
  endfacet
  facet normal 0.638354 0 0.769743
    outer loop
      vertex 4.36755 10.5 63.5873
      vertex 4.35513 11.75 63.5976
      vertex 4.35513 10.5 63.5976
    endloop
  endfacet
  facet normal 0.649928 0 0.759996
    outer loop
      vertex 4.36755 11.75 63.5873
      vertex 4.38205 10.5 63.5749
      vertex 4.38205 11.75 63.5749
    endloop
  endfacet
  facet normal 0.649928 0 0.759996
    outer loop
      vertex 4.38205 10.5 63.5749
      vertex 4.36755 11.75 63.5873
      vertex 4.36755 10.5 63.5873
    endloop
  endfacet
  facet normal 0.583093 0 0.812405
    outer loop
      vertex 4.38205 11.75 63.5749
      vertex 4.39654 10.5 63.5645
      vertex 4.39654 11.75 63.5645
    endloop
  endfacet
  facet normal 0.583093 0 0.812405
    outer loop
      vertex 4.39654 10.5 63.5645
      vertex 4.38205 11.75 63.5749
      vertex 4.38205 10.5 63.5749
    endloop
  endfacet
  facet normal 0.706537 -0 0.707676
    outer loop
      vertex 4.39654 10.5 63.5645
      vertex 4.40896 11.75 63.5521
      vertex 4.39654 11.75 63.5645
    endloop
  endfacet
  facet normal 0.706537 0 0.707676
    outer loop
      vertex 4.40896 11.75 63.5521
      vertex 4.39654 10.5 63.5645
      vertex 4.40896 10.5 63.5521
    endloop
  endfacet
  facet normal 0.531836 0 0.846847
    outer loop
      vertex 4.40896 11.75 63.5521
      vertex 4.42552 10.5 63.5417
      vertex 4.42552 11.75 63.5417
    endloop
  endfacet
  facet normal 0.531836 0 0.846847
    outer loop
      vertex 4.42552 10.5 63.5417
      vertex 4.40896 11.75 63.5521
      vertex 4.40896 10.5 63.5521
    endloop
  endfacet
  facet normal 0.579374 0 0.815062
    outer loop
      vertex 4.42552 11.75 63.5417
      vertex 4.44001 10.5 63.5314
      vertex 4.44001 11.75 63.5314
    endloop
  endfacet
  facet normal 0.579374 0 0.815062
    outer loop
      vertex 4.44001 10.5 63.5314
      vertex 4.42552 11.75 63.5417
      vertex 4.42552 10.5 63.5417
    endloop
  endfacet
  facet normal 0.540141 0 0.841575
    outer loop
      vertex 4.44001 11.75 63.5314
      vertex 4.46899 10.5 63.5128
      vertex 4.46899 11.75 63.5128
    endloop
  endfacet
  facet normal 0.540141 0 0.841575
    outer loop
      vertex 4.46899 10.5 63.5128
      vertex 4.44001 11.75 63.5314
      vertex 4.44001 10.5 63.5314
    endloop
  endfacet
  facet normal 0.515915 0 0.85664
    outer loop
      vertex 4.46899 11.75 63.5128
      vertex 4.50004 10.5 63.4941
      vertex 4.50004 11.75 63.4941
    endloop
  endfacet
  facet normal 0.515915 0 0.85664
    outer loop
      vertex 4.50004 10.5 63.4941
      vertex 4.46899 11.75 63.5128
      vertex 4.46899 10.5 63.5128
    endloop
  endfacet
  facet normal 0.424434 0 0.905459
    outer loop
      vertex 4.50004 11.75 63.4941
      vertex 4.53524 10.5 63.4776
      vertex 4.53524 11.75 63.4776
    endloop
  endfacet
  facet normal 0.424434 0 0.905459
    outer loop
      vertex 4.53524 10.5 63.4776
      vertex 4.50004 11.75 63.4941
      vertex 4.50004 10.5 63.4941
    endloop
  endfacet
  facet normal 0.406957 0 0.913447
    outer loop
      vertex 4.53524 11.75 63.4776
      vertex 4.5725 10.5 63.461
      vertex 4.5725 11.75 63.461
    endloop
  endfacet
  facet normal 0.406957 0 0.913447
    outer loop
      vertex 4.5725 10.5 63.461
      vertex 4.53524 11.75 63.4776
      vertex 4.53524 10.5 63.4776
    endloop
  endfacet
  facet normal 0.330554 0 0.943787
    outer loop
      vertex 4.5725 11.75 63.461
      vertex 4.6139 10.5 63.4465
      vertex 4.6139 11.75 63.4465
    endloop
  endfacet
  facet normal 0.330554 0 0.943787
    outer loop
      vertex 4.6139 10.5 63.4465
      vertex 4.5725 11.75 63.461
      vertex 4.5725 10.5 63.461
    endloop
  endfacet
  facet normal 0.316359 0 0.94864
    outer loop
      vertex 4.6139 11.75 63.4465
      vertex 4.65738 10.5 63.432
      vertex 4.65738 11.75 63.432
    endloop
  endfacet
  facet normal 0.316359 0 0.94864
    outer loop
      vertex 4.65738 10.5 63.432
      vertex 4.6139 11.75 63.4465
      vertex 4.6139 10.5 63.4465
    endloop
  endfacet
  facet normal 0.303394 0 0.952865
    outer loop
      vertex 4.65738 11.75 63.432
      vertex 4.70292 10.5 63.4175
      vertex 4.70292 11.75 63.4175
    endloop
  endfacet
  facet normal 0.303394 0 0.952865
    outer loop
      vertex 4.70292 10.5 63.4175
      vertex 4.65738 11.75 63.432
      vertex 4.65738 10.5 63.432
    endloop
  endfacet
  facet normal 0.242168 0 0.970234
    outer loop
      vertex 4.70292 11.75 63.4175
      vertex 4.7526 10.5 63.4051
      vertex 4.7526 11.75 63.4051
    endloop
  endfacet
  facet normal 0.242168 0 0.970234
    outer loop
      vertex 4.7526 10.5 63.4051
      vertex 4.70292 11.75 63.4175
      vertex 4.70292 10.5 63.4175
    endloop
  endfacet
  facet normal 0.232975 0 0.972483
    outer loop
      vertex 4.7526 11.75 63.4051
      vertex 4.80436 10.5 63.3927
      vertex 4.80436 11.75 63.3927
    endloop
  endfacet
  facet normal 0.232975 0 0.972483
    outer loop
      vertex 4.80436 10.5 63.3927
      vertex 4.7526 11.75 63.4051
      vertex 4.7526 10.5 63.4051
    endloop
  endfacet
  facet normal 0.216598 0 0.976261
    outer loop
      vertex 4.80436 11.75 63.3927
      vertex 4.86025 10.5 63.3803
      vertex 4.86025 11.75 63.3803
    endloop
  endfacet
  facet normal 0.216598 0 0.976261
    outer loop
      vertex 4.86025 10.5 63.3803
      vertex 4.80436 11.75 63.3927
      vertex 4.80436 10.5 63.3927
    endloop
  endfacet
  facet normal 0.176584 0 0.984286
    outer loop
      vertex 4.86025 11.75 63.3803
      vertex 4.91822 10.5 63.3699
      vertex 4.91822 11.75 63.3699
    endloop
  endfacet
  facet normal 0.176584 0 0.984286
    outer loop
      vertex 4.91822 10.5 63.3699
      vertex 4.86025 11.75 63.3803
      vertex 4.86025 10.5 63.3803
    endloop
  endfacet
  facet normal 0.136961 0 0.990576
    outer loop
      vertex 4.91822 11.75 63.3699
      vertex 4.97825 10.5 63.3616
      vertex 4.97825 11.75 63.3616
    endloop
  endfacet
  facet normal 0.136961 0 0.990576
    outer loop
      vertex 4.97825 10.5 63.3616
      vertex 4.91822 11.75 63.3699
      vertex 4.91822 10.5 63.3699
    endloop
  endfacet
  facet normal 0.158458 0 0.987366
    outer loop
      vertex 4.97825 11.75 63.3616
      vertex 5.04243 10.5 63.3513
      vertex 5.04243 11.75 63.3513
    endloop
  endfacet
  facet normal 0.158458 0 0.987366
    outer loop
      vertex 5.04243 10.5 63.3513
      vertex 4.97825 11.75 63.3616
      vertex 4.97825 10.5 63.3616
    endloop
  endfacet
  facet normal 0.12433 0 0.992241
    outer loop
      vertex 5.04243 11.75 63.3513
      vertex 5.10867 10.5 63.343
      vertex 5.10867 11.75 63.343
    endloop
  endfacet
  facet normal 0.12433 0 0.992241
    outer loop
      vertex 5.10867 10.5 63.343
      vertex 5.04243 11.75 63.3513
      vertex 5.04243 10.5 63.3513
    endloop
  endfacet
  facet normal 0.1206 0 0.992701
    outer loop
      vertex 5.10867 11.75 63.343
      vertex 5.17699 10.5 63.3347
      vertex 5.17699 11.75 63.3347
    endloop
  endfacet
  facet normal 0.1206 0 0.992701
    outer loop
      vertex 5.17699 10.5 63.3347
      vertex 5.10867 11.75 63.343
      vertex 5.10867 10.5 63.343
    endloop
  endfacet
  facet normal 0.0852646 0 0.996358
    outer loop
      vertex 5.17699 11.75 63.3347
      vertex 5.24944 10.5 63.3285
      vertex 5.24944 11.75 63.3285
    endloop
  endfacet
  facet normal 0.0852646 0 0.996358
    outer loop
      vertex 5.24944 10.5 63.3285
      vertex 5.17699 11.75 63.3347
      vertex 5.17699 10.5 63.3347
    endloop
  endfacet
  facet normal 0.0829016 0 0.996558
    outer loop
      vertex 5.24944 11.75 63.3285
      vertex 5.32397 10.5 63.3223
      vertex 5.32397 11.75 63.3223
    endloop
  endfacet
  facet normal 0.0829016 0 0.996558
    outer loop
      vertex 5.32397 10.5 63.3223
      vertex 5.24944 11.75 63.3285
      vertex 5.24944 10.5 63.3285
    endloop
  endfacet
  facet normal 0.0520524 0 0.998644
    outer loop
      vertex 5.32397 11.75 63.3223
      vertex 5.40263 10.5 63.3182
      vertex 5.40263 11.75 63.3182
    endloop
  endfacet
  facet normal 0.0520524 0 0.998644
    outer loop
      vertex 5.40263 10.5 63.3182
      vertex 5.32397 11.75 63.3223
      vertex 5.32397 10.5 63.3223
    endloop
  endfacet
  facet normal 0.0519486 0 0.99865
    outer loop
      vertex 5.40263 11.75 63.3182
      vertex 5.48337 10.5 63.314
      vertex 5.48337 11.75 63.314
    endloop
  endfacet
  facet normal 0.0519486 0 0.99865
    outer loop
      vertex 5.48337 10.5 63.314
      vertex 5.40263 11.75 63.3182
      vertex 5.40263 10.5 63.3182
    endloop
  endfacet
  facet normal 0.0494563 0 0.998776
    outer loop
      vertex 5.48337 11.75 63.314
      vertex 5.56617 10.5 63.3099
      vertex 5.56617 11.75 63.3099
    endloop
  endfacet
  facet normal 0.0494563 0 0.998776
    outer loop
      vertex 5.56617 10.5 63.3099
      vertex 5.48337 11.75 63.314
      vertex 5.48337 10.5 63.314
    endloop
  endfacet
  facet normal 0.0241448 0 0.999708
    outer loop
      vertex 5.56617 11.75 63.3099
      vertex 5.65312 10.5 63.3078
      vertex 5.65312 11.75 63.3078
    endloop
  endfacet
  facet normal 0.0241448 0 0.999708
    outer loop
      vertex 5.65312 10.5 63.3078
      vertex 5.56617 11.75 63.3099
      vertex 5.56617 10.5 63.3099
    endloop
  endfacet
  facet normal 0.0235836 0 0.999722
    outer loop
      vertex 5.65312 11.75 63.3078
      vertex 5.74214 10.5 63.3057
      vertex 5.74214 11.75 63.3057
    endloop
  endfacet
  facet normal 0.0235836 0 0.999722
    outer loop
      vertex 5.74214 10.5 63.3057
      vertex 5.65312 11.75 63.3078
      vertex 5.65312 10.5 63.3078
    endloop
  endfacet
  facet normal 0.0214658 0 0.99977
    outer loop
      vertex 5.74214 11.75 63.3057
      vertex 5.83529 10.5 63.3037
      vertex 5.83529 11.75 63.3037
    endloop
  endfacet
  facet normal 0.0214658 0 0.99977
    outer loop
      vertex 5.83529 10.5 63.3037
      vertex 5.74214 11.75 63.3057
      vertex 5.74214 10.5 63.3057
    endloop
  endfacet
  facet normal -0 0 1
    outer loop
      vertex 5.83529 11.75 63.3037
      vertex 5.93052 10.5 63.3037
      vertex 5.93052 11.75 63.3037
    endloop
  endfacet
  facet normal 0 0 1
    outer loop
      vertex 5.93052 10.5 63.3037
      vertex 5.83529 11.75 63.3037
      vertex 5.83529 10.5 63.3037
    endloop
  endfacet
  facet normal -1 0 0
    outer loop
      vertex 5.93052 10.5 63.3037
      vertex 5.93052 11.75 64.7528
      vertex 5.93052 11.75 63.3037
    endloop
  endfacet
  facet normal -1 -0 0
    outer loop
      vertex 5.93052 11.75 64.7528
      vertex 5.93052 10.5 63.3037
      vertex 5.93052 10.5 64.7528
    endloop
  endfacet
  facet normal -0 0 1
    outer loop
      vertex 5.93052 11.75 64.7528
      vertex 7.81436 10.5 64.7528
      vertex 7.81436 11.75 64.7528
    endloop
  endfacet
  facet normal 0 0 1
    outer loop
      vertex 7.81436 10.5 64.7528
      vertex 5.93052 11.75 64.7528
      vertex 5.93052 10.5 64.7528
    endloop
  endfacet
  facet normal 1 -0 0
    outer loop
      vertex 7.81436 10.5 64.7528
      vertex 7.81436 11.75 59.7016
      vertex 7.81436 11.75 64.7528
    endloop
  endfacet
  facet normal 1 0 0
    outer loop
      vertex 7.81436 11.75 59.7016
      vertex 7.81436 10.5 64.7528
      vertex 7.81436 10.5 59.7016
    endloop
  endfacet
  facet normal 0 0 -1
    outer loop
      vertex 6.6882 10.5 59.7016
      vertex 7.81436 11.75 59.7016
      vertex 7.81436 10.5 59.7016
    endloop
  endfacet
  facet normal -0 0 -1
    outer loop
      vertex 7.81436 11.75 59.7016
      vertex 6.6882 10.5 59.7016
      vertex 6.6882 11.75 59.7016
    endloop
  endfacet
  facet normal -1 0 0
    outer loop
      vertex 9.78101 10.5 72.6504
      vertex 9.78101 11.75 73.0355
      vertex 9.78101 11.75 72.6504
    endloop
  endfacet
  facet normal -1 -0 0
    outer loop
      vertex 9.78101 11.75 73.0355
      vertex 9.78101 10.5 72.6504
      vertex 9.78101 10.5 73.0355
    endloop
  endfacet
  facet normal -0.997778 0 -0.0666258
    outer loop
      vertex 9.78101 10.5 73.0355
      vertex 9.77894 11.75 73.0665
      vertex 9.78101 11.75 73.0355
    endloop
  endfacet
  facet normal -0.997778 -0 -0.0666258
    outer loop
      vertex 9.77894 11.75 73.0665
      vertex 9.78101 10.5 73.0355
      vertex 9.77894 10.5 73.0665
    endloop
  endfacet
  facet normal -1 0 0
    outer loop
      vertex 9.77894 10.5 73.0665
      vertex 9.77894 11.75 73.0955
      vertex 9.77894 11.75 73.0665
    endloop
  endfacet
  facet normal -1 -0 0
    outer loop
      vertex 9.77894 11.75 73.0955
      vertex 9.77894 10.5 73.0665
      vertex 9.77894 10.5 73.0955
    endloop
  endfacet
  facet normal -0.997462 0 -0.0711982
    outer loop
      vertex 9.77894 10.5 73.0955
      vertex 9.77687 11.75 73.1245
      vertex 9.77894 11.75 73.0955
    endloop
  endfacet
  facet normal -0.997462 -0 -0.0711982
    outer loop
      vertex 9.77687 11.75 73.1245
      vertex 9.77894 10.5 73.0955
      vertex 9.77687 10.5 73.1245
    endloop
  endfacet
  facet normal -1 0 0
    outer loop
      vertex 9.77687 10.5 73.1245
      vertex 9.77687 11.75 73.1535
      vertex 9.77687 11.75 73.1245
    endloop
  endfacet
  facet normal -1 -0 0
    outer loop
      vertex 9.77687 11.75 73.1535
      vertex 9.77687 10.5 73.1245
      vertex 9.77687 10.5 73.1535
    endloop
  endfacet
  facet normal -0.997445 0 -0.0714433
    outer loop
      vertex 9.77687 10.5 73.1535
      vertex 9.7748 11.75 73.1824
      vertex 9.77687 11.75 73.1535
    endloop
  endfacet
  facet normal -0.997445 -0 -0.0714433
    outer loop
      vertex 9.7748 11.75 73.1824
      vertex 9.77687 10.5 73.1535
      vertex 9.7748 10.5 73.1824
    endloop
  endfacet
  facet normal -0.997074 0 -0.0764423
    outer loop
      vertex 9.7748 10.5 73.1824
      vertex 9.77273 11.75 73.2094
      vertex 9.7748 11.75 73.1824
    endloop
  endfacet
  facet normal -0.997074 -0 -0.0764423
    outer loop
      vertex 9.77273 11.75 73.2094
      vertex 9.7748 10.5 73.1824
      vertex 9.77273 10.5 73.2094
    endloop
  endfacet
  facet normal -1 0 0
    outer loop
      vertex 9.77273 10.5 73.2094
      vertex 9.77273 11.75 73.2363
      vertex 9.77273 11.75 73.2094
    endloop
  endfacet
  facet normal -1 -0 0
    outer loop
      vertex 9.77273 11.75 73.2363
      vertex 9.77273 10.5 73.2094
      vertex 9.77273 10.5 73.2363
    endloop
  endfacet
  facet normal -0.996544 0 -0.0830676
    outer loop
      vertex 9.77273 10.5 73.2363
      vertex 9.76652 11.75 73.3108
      vertex 9.77273 11.75 73.2363
    endloop
  endfacet
  facet normal -0.996544 -0 -0.0830676
    outer loop
      vertex 9.76652 11.75 73.3108
      vertex 9.77273 10.5 73.2363
      vertex 9.76652 10.5 73.3108
    endloop
  endfacet
  facet normal -0.986351 0 -0.164657
    outer loop
      vertex 9.76652 10.5 73.3108
      vertex 9.76238 11.75 73.3356
      vertex 9.76652 11.75 73.3108
    endloop
  endfacet
  facet normal -0.986351 -0 -0.164657
    outer loop
      vertex 9.76238 11.75 73.3356
      vertex 9.76652 10.5 73.3108
      vertex 9.76238 10.5 73.3356
    endloop
  endfacet
  facet normal -0.995904 0 -0.0904176
    outer loop
      vertex 9.76238 10.5 73.3356
      vertex 9.75824 11.75 73.3812
      vertex 9.76238 11.75 73.3356
    endloop
  endfacet
  facet normal -0.995904 -0 -0.0904176
    outer loop
      vertex 9.75824 11.75 73.3812
      vertex 9.76238 10.5 73.3356
      vertex 9.75824 10.5 73.3812
    endloop
  endfacet
  facet normal -0.983911 0 -0.178658
    outer loop
      vertex 9.75824 10.5 73.3812
      vertex 9.7541 11.75 73.404
      vertex 9.75824 11.75 73.3812
    endloop
  endfacet
  facet normal -0.983911 -0 -0.178658
    outer loop
      vertex 9.7541 11.75 73.404
      vertex 9.75824 10.5 73.3812
      vertex 9.7541 10.5 73.404
    endloop
  endfacet
  facet normal -0.995037 0 -0.0995037
    outer loop
      vertex 9.7541 10.5 73.404
      vertex 9.75203 11.75 73.4247
      vertex 9.7541 11.75 73.404
    endloop
  endfacet
  facet normal -0.995037 -0 -0.0995037
    outer loop
      vertex 9.75203 11.75 73.4247
      vertex 9.7541 10.5 73.404
      vertex 9.75203 10.5 73.4247
    endloop
  endfacet
  facet normal -0.980581 0 -0.196116
    outer loop
      vertex 9.75203 10.5 73.4247
      vertex 9.74789 11.75 73.4454
      vertex 9.75203 11.75 73.4247
    endloop
  endfacet
  facet normal -0.980581 -0 -0.196116
    outer loop
      vertex 9.74789 11.75 73.4454
      vertex 9.75203 10.5 73.4247
      vertex 9.74789 10.5 73.4454
    endloop
  endfacet
  facet normal -0.995037 0 -0.0995037
    outer loop
      vertex 9.74789 10.5 73.4454
      vertex 9.74582 11.75 73.4661
      vertex 9.74789 11.75 73.4454
    endloop
  endfacet
  facet normal -0.995037 -0 -0.0995037
    outer loop
      vertex 9.74582 11.75 73.4661
      vertex 9.74789 10.5 73.4454
      vertex 9.74582 10.5 73.4661
    endloop
  endfacet
  facet normal -0.980581 0 -0.196116
    outer loop
      vertex 9.74582 10.5 73.4661
      vertex 9.74168 11.75 73.4868
      vertex 9.74582 11.75 73.4661
    endloop
  endfacet
  facet normal -0.980581 -0 -0.196116
    outer loop
      vertex 9.74168 11.75 73.4868
      vertex 9.74582 10.5 73.4661
      vertex 9.74168 10.5 73.4868
    endloop
  endfacet
  facet normal -0.976113 0 -0.217264
    outer loop
      vertex 9.74168 10.5 73.4868
      vertex 9.7334 11.75 73.524
      vertex 9.74168 11.75 73.4868
    endloop
  endfacet
  facet normal -0.976113 -0 -0.217264
    outer loop
      vertex 9.7334 11.75 73.524
      vertex 9.74168 10.5 73.4868
      vertex 9.7334 10.5 73.524
    endloop
  endfacet
  facet normal -0.97028 0 -0.241985
    outer loop
      vertex 9.7334 10.5 73.524
      vertex 9.72512 11.75 73.5572
      vertex 9.7334 11.75 73.524
    endloop
  endfacet
  facet normal -0.97028 -0 -0.241985
    outer loop
      vertex 9.72512 11.75 73.5572
      vertex 9.7334 10.5 73.524
      vertex 9.72512 10.5 73.5572
    endloop
  endfacet
  facet normal -0.935909 0 -0.352242
    outer loop
      vertex 9.72512 10.5 73.5572
      vertex 9.71891 11.75 73.5737
      vertex 9.72512 11.75 73.5572
    endloop
  endfacet
  facet normal -0.935909 -0 -0.352242
    outer loop
      vertex 9.71891 11.75 73.5737
      vertex 9.72512 10.5 73.5572
      vertex 9.71891 10.5 73.5737
    endloop
  endfacet
  facet normal -0.97028 0 -0.241985
    outer loop
      vertex 9.71891 10.5 73.5737
      vertex 9.71477 11.75 73.5903
      vertex 9.71891 11.75 73.5737
    endloop
  endfacet
  facet normal -0.97028 -0 -0.241985
    outer loop
      vertex 9.71477 11.75 73.5903
      vertex 9.71891 10.5 73.5737
      vertex 9.71477 10.5 73.5903
    endloop
  endfacet
  facet normal -0.936166 0 -0.351557
    outer loop
      vertex 9.71477 10.5 73.5903
      vertex 9.70234 11.75 73.6234
      vertex 9.71477 11.75 73.5903
    endloop
  endfacet
  facet normal -0.936166 -0 -0.351557
    outer loop
      vertex 9.70234 11.75 73.6234
      vertex 9.71477 10.5 73.5903
      vertex 9.70234 10.5 73.6234
    endloop
  endfacet
  facet normal -0.868391 0 -0.495881
    outer loop
      vertex 9.70234 10.5 73.6234
      vertex 9.69406 11.75 73.6379
      vertex 9.70234 11.75 73.6234
    endloop
  endfacet
  facet normal -0.868391 -0 -0.495881
    outer loop
      vertex 9.69406 11.75 73.6379
      vertex 9.70234 10.5 73.6234
      vertex 9.69406 10.5 73.6379
    endloop
  endfacet
  facet normal -0.935909 0 -0.352242
    outer loop
      vertex 9.69406 10.5 73.6379
      vertex 9.68785 11.75 73.6544
      vertex 9.69406 11.75 73.6379
    endloop
  endfacet
  facet normal -0.935909 -0 -0.352242
    outer loop
      vertex 9.68785 11.75 73.6544
      vertex 9.69406 10.5 73.6379
      vertex 9.68785 10.5 73.6544
    endloop
  endfacet
  facet normal -0.868391 0 -0.495881
    outer loop
      vertex 9.68785 10.5 73.6544
      vertex 9.66301 11.75 73.6979
      vertex 9.68785 11.75 73.6544
    endloop
  endfacet
  facet normal -0.868391 -0 -0.495881
    outer loop
      vertex 9.66301 11.75 73.6979
      vertex 9.68785 10.5 73.6544
      vertex 9.66301 10.5 73.6979
    endloop
  endfacet
  facet normal -0.813923 0 -0.580973
    outer loop
      vertex 9.66301 10.5 73.6979
      vertex 9.65266 11.75 73.7124
      vertex 9.66301 11.75 73.6979
    endloop
  endfacet
  facet normal -0.813923 -0 -0.580973
    outer loop
      vertex 9.65266 11.75 73.7124
      vertex 9.66301 10.5 73.6979
      vertex 9.65266 10.5 73.7124
    endloop
  endfacet
  facet normal -0.868391 0 -0.495881
    outer loop
      vertex 9.65266 10.5 73.7124
      vertex 9.64438 11.75 73.7269
      vertex 9.65266 11.75 73.7124
    endloop
  endfacet
  facet normal -0.868391 -0 -0.495881
    outer loop
      vertex 9.64438 11.75 73.7269
      vertex 9.65266 10.5 73.7124
      vertex 9.64438 10.5 73.7269
    endloop
  endfacet
  facet normal -0.813923 0 -0.580973
    outer loop
      vertex 9.64438 10.5 73.7269
      vertex 9.63403 11.75 73.7414
      vertex 9.64438 11.75 73.7269
    endloop
  endfacet
  facet normal -0.813923 -0 -0.580973
    outer loop
      vertex 9.63403 11.75 73.7414
      vertex 9.64438 10.5 73.7269
      vertex 9.63403 10.5 73.7414
    endloop
  endfacet
  facet normal -0.767714 0 -0.640793
    outer loop
      vertex 9.63403 10.5 73.7414
      vertex 9.62368 11.75 73.7538
      vertex 9.63403 11.75 73.7414
    endloop
  endfacet
  facet normal -0.767714 -0 -0.640793
    outer loop
      vertex 9.62368 11.75 73.7538
      vertex 9.63403 10.5 73.7414
      vertex 9.62368 10.5 73.7538
    endloop
  endfacet
  facet normal -0.706537 0 -0.707676
    outer loop
      vertex 9.61126 10.5 73.7662
      vertex 9.62368 11.75 73.7538
      vertex 9.62368 10.5 73.7538
    endloop
  endfacet
  facet normal -0.706537 0 -0.707676
    outer loop
      vertex 9.62368 11.75 73.7538
      vertex 9.61126 10.5 73.7662
      vertex 9.61126 11.75 73.7662
    endloop
  endfacet
  facet normal -0.813923 0 -0.580973
    outer loop
      vertex 9.61126 10.5 73.7662
      vertex 9.60091 11.75 73.7807
      vertex 9.61126 11.75 73.7662
    endloop
  endfacet
  facet normal -0.813923 -0 -0.580973
    outer loop
      vertex 9.60091 11.75 73.7807
      vertex 9.61126 10.5 73.7662
      vertex 9.60091 10.5 73.7807
    endloop
  endfacet
  facet normal -0.706537 0 -0.707676
    outer loop
      vertex 9.60091 10.5 73.7807
      vertex 9.58849 11.75 73.7931
      vertex 9.60091 11.75 73.7807
    endloop
  endfacet
  facet normal -0.706537 -0 -0.707676
    outer loop
      vertex 9.58849 11.75 73.7931
      vertex 9.60091 10.5 73.7807
      vertex 9.58849 10.5 73.7931
    endloop
  endfacet
  facet normal -0.642004 0 -0.766701
    outer loop
      vertex 9.57607 10.5 73.8035
      vertex 9.58849 11.75 73.7931
      vertex 9.58849 10.5 73.7931
    endloop
  endfacet
  facet normal -0.642004 0 -0.766701
    outer loop
      vertex 9.58849 11.75 73.7931
      vertex 9.57607 10.5 73.8035
      vertex 9.57607 11.75 73.8035
    endloop
  endfacet
  facet normal -0.706252 0 -0.707961
    outer loop
      vertex 9.57607 10.5 73.8035
      vertex 9.56364 11.75 73.8159
      vertex 9.57607 11.75 73.8035
    endloop
  endfacet
  facet normal -0.706252 -0 -0.707961
    outer loop
      vertex 9.56364 11.75 73.8159
      vertex 9.57607 10.5 73.8035
      vertex 9.56364 10.5 73.8159
    endloop
  endfacet
  facet normal -0.650187 0 -0.759775
    outer loop
      vertex 9.54915 10.5 73.8283
      vertex 9.56364 11.75 73.8159
      vertex 9.56364 10.5 73.8159
    endloop
  endfacet
  facet normal -0.650187 0 -0.759775
    outer loop
      vertex 9.56364 11.75 73.8159
      vertex 9.54915 10.5 73.8283
      vertex 9.54915 11.75 73.8283
    endloop
  endfacet
  facet normal -0.583093 0 -0.812405
    outer loop
      vertex 9.53466 10.5 73.8387
      vertex 9.54915 11.75 73.8283
      vertex 9.54915 10.5 73.8283
    endloop
  endfacet
  facet normal -0.583093 0 -0.812405
    outer loop
      vertex 9.54915 11.75 73.8283
      vertex 9.53466 10.5 73.8387
      vertex 9.53466 11.75 73.8387
    endloop
  endfacet
  facet normal -0.706537 0 -0.707676
    outer loop
      vertex 9.53466 10.5 73.8387
      vertex 9.52224 11.75 73.8511
      vertex 9.53466 11.75 73.8387
    endloop
  endfacet
  facet normal -0.706537 -0 -0.707676
    outer loop
      vertex 9.52224 11.75 73.8511
      vertex 9.53466 10.5 73.8387
      vertex 9.52224 10.5 73.8511
    endloop
  endfacet
  facet normal -0.531836 0 -0.846847
    outer loop
      vertex 9.50568 10.5 73.8615
      vertex 9.52224 11.75 73.8511
      vertex 9.52224 10.5 73.8511
    endloop
  endfacet
  facet normal -0.531836 0 -0.846847
    outer loop
      vertex 9.52224 11.75 73.8511
      vertex 9.50568 10.5 73.8615
      vertex 9.50568 11.75 73.8615
    endloop
  endfacet
  facet normal -0.579374 0 -0.815062
    outer loop
      vertex 9.49119 10.5 73.8718
      vertex 9.50568 11.75 73.8615
      vertex 9.50568 10.5 73.8615
    endloop
  endfacet
  facet normal -0.579374 0 -0.815062
    outer loop
      vertex 9.50568 11.75 73.8615
      vertex 9.49119 10.5 73.8718
      vertex 9.49119 11.75 73.8718
    endloop
  endfacet
  facet normal -0.540141 0 -0.841575
    outer loop
      vertex 9.46221 10.5 73.8904
      vertex 9.49119 11.75 73.8718
      vertex 9.49119 10.5 73.8718
    endloop
  endfacet
  facet normal -0.540141 0 -0.841575
    outer loop
      vertex 9.49119 11.75 73.8718
      vertex 9.46221 10.5 73.8904
      vertex 9.46221 11.75 73.8904
    endloop
  endfacet
  facet normal -0.515793 0 -0.856713
    outer loop
      vertex 9.43115 10.5 73.9091
      vertex 9.46221 11.75 73.8904
      vertex 9.46221 10.5 73.8904
    endloop
  endfacet
  facet normal -0.515793 0 -0.856713
    outer loop
      vertex 9.46221 11.75 73.8904
      vertex 9.43115 10.5 73.9091
      vertex 9.43115 11.75 73.9091
    endloop
  endfacet
  facet normal -0.424533 0 -0.905413
    outer loop
      vertex 9.39596 10.5 73.9256
      vertex 9.43115 11.75 73.9091
      vertex 9.43115 10.5 73.9091
    endloop
  endfacet
  facet normal -0.424533 0 -0.905413
    outer loop
      vertex 9.43115 11.75 73.9091
      vertex 9.39596 10.5 73.9256
      vertex 9.39596 11.75 73.9256
    endloop
  endfacet
  facet normal -0.406957 0 -0.913447
    outer loop
      vertex 9.3587 10.5 73.9422
      vertex 9.39596 11.75 73.9256
      vertex 9.39596 10.5 73.9256
    endloop
  endfacet
  facet normal -0.406957 0 -0.913447
    outer loop
      vertex 9.39596 11.75 73.9256
      vertex 9.3587 10.5 73.9422
      vertex 9.3587 11.75 73.9422
    endloop
  endfacet
  facet normal -0.330554 0 -0.943787
    outer loop
      vertex 9.3173 10.5 73.9567
      vertex 9.3587 11.75 73.9422
      vertex 9.3587 10.5 73.9422
    endloop
  endfacet
  facet normal -0.330554 0 -0.943787
    outer loop
      vertex 9.3587 11.75 73.9422
      vertex 9.3173 10.5 73.9567
      vertex 9.3173 11.75 73.9567
    endloop
  endfacet
  facet normal -0.316359 0 -0.94864
    outer loop
      vertex 9.27382 10.5 73.9712
      vertex 9.3173 11.75 73.9567
      vertex 9.3173 10.5 73.9567
    endloop
  endfacet
  facet normal -0.316359 0 -0.94864
    outer loop
      vertex 9.3173 11.75 73.9567
      vertex 9.27382 10.5 73.9712
      vertex 9.27382 11.75 73.9712
    endloop
  endfacet
  facet normal -0.303394 0 -0.952865
    outer loop
      vertex 9.22828 10.5 73.9857
      vertex 9.27382 11.75 73.9712
      vertex 9.27382 10.5 73.9712
    endloop
  endfacet
  facet normal -0.303394 0 -0.952865
    outer loop
      vertex 9.27382 11.75 73.9712
      vertex 9.22828 10.5 73.9857
      vertex 9.22828 11.75 73.9857
    endloop
  endfacet
  facet normal -0.242168 0 -0.970234
    outer loop
      vertex 9.1786 10.5 73.9981
      vertex 9.22828 11.75 73.9857
      vertex 9.22828 10.5 73.9857
    endloop
  endfacet
  facet normal -0.242168 0 -0.970234
    outer loop
      vertex 9.22828 11.75 73.9857
      vertex 9.1786 10.5 73.9981
      vertex 9.1786 11.75 73.9981
    endloop
  endfacet
  facet normal -0.232975 0 -0.972483
    outer loop
      vertex 9.12684 10.5 74.0105
      vertex 9.1786 11.75 73.9981
      vertex 9.1786 10.5 73.9981
    endloop
  endfacet
  facet normal -0.232975 0 -0.972483
    outer loop
      vertex 9.1786 11.75 73.9981
      vertex 9.12684 10.5 74.0105
      vertex 9.12684 11.75 74.0105
    endloop
  endfacet
  facet normal -0.216598 0 -0.976261
    outer loop
      vertex 9.07095 10.5 74.0229
      vertex 9.12684 11.75 74.0105
      vertex 9.12684 10.5 74.0105
    endloop
  endfacet
  facet normal -0.216598 0 -0.976261
    outer loop
      vertex 9.12684 11.75 74.0105
      vertex 9.07095 10.5 74.0229
      vertex 9.07095 11.75 74.0229
    endloop
  endfacet
  facet normal -0.176584 0 -0.984286
    outer loop
      vertex 9.01298 10.5 74.0333
      vertex 9.07095 11.75 74.0229
      vertex 9.07095 10.5 74.0229
    endloop
  endfacet
  facet normal -0.176584 0 -0.984286
    outer loop
      vertex 9.07095 11.75 74.0229
      vertex 9.01298 10.5 74.0333
      vertex 9.01298 11.75 74.0333
    endloop
  endfacet
  facet normal -0.16911 0 -0.985597
    outer loop
      vertex 8.95295 10.5 74.0436
      vertex 9.01298 11.75 74.0333
      vertex 9.01298 10.5 74.0333
    endloop
  endfacet
  facet normal -0.16911 0 -0.985597
    outer loop
      vertex 9.01298 11.75 74.0333
      vertex 8.95295 10.5 74.0436
      vertex 8.95295 11.75 74.0436
    endloop
  endfacet
  facet normal -0.128256 0 -0.991741
    outer loop
      vertex 8.88877 10.5 74.0519
      vertex 8.95295 11.75 74.0436
      vertex 8.95295 10.5 74.0436
    endloop
  endfacet
  facet normal -0.128256 0 -0.991741
    outer loop
      vertex 8.95295 11.75 74.0436
      vertex 8.88877 10.5 74.0519
      vertex 8.88877 11.75 74.0519
    endloop
  endfacet
  facet normal -0.12433 0 -0.992241
    outer loop
      vertex 8.82253 10.5 74.0602
      vertex 8.88877 11.75 74.0519
      vertex 8.88877 10.5 74.0519
    endloop
  endfacet
  facet normal -0.12433 0 -0.992241
    outer loop
      vertex 8.88877 11.75 74.0519
      vertex 8.82253 10.5 74.0602
      vertex 8.82253 11.75 74.0602
    endloop
  endfacet
  facet normal -0.1206 0 -0.992701
    outer loop
      vertex 8.75421 10.5 74.0685
      vertex 8.82253 11.75 74.0602
      vertex 8.82253 10.5 74.0602
    endloop
  endfacet
  facet normal -0.1206 0 -0.992701
    outer loop
      vertex 8.82253 11.75 74.0602
      vertex 8.75421 10.5 74.0685
      vertex 8.75421 11.75 74.0685
    endloop
  endfacet
  facet normal -0.0852646 0 -0.996358
    outer loop
      vertex 8.68176 10.5 74.0747
      vertex 8.75421 11.75 74.0685
      vertex 8.75421 10.5 74.0685
    endloop
  endfacet
  facet normal -0.0852646 0 -0.996358
    outer loop
      vertex 8.75421 11.75 74.0685
      vertex 8.68176 10.5 74.0747
      vertex 8.68176 11.75 74.0747
    endloop
  endfacet
  facet normal -0.0829016 0 -0.996558
    outer loop
      vertex 8.60723 10.5 74.0809
      vertex 8.68176 11.75 74.0747
      vertex 8.68176 10.5 74.0747
    endloop
  endfacet
  facet normal -0.0829016 0 -0.996558
    outer loop
      vertex 8.68176 11.75 74.0747
      vertex 8.60723 10.5 74.0809
      vertex 8.60723 11.75 74.0809
    endloop
  endfacet
  facet normal -0.0520524 0 -0.998644
    outer loop
      vertex 8.52857 10.5 74.085
      vertex 8.60723 11.75 74.0809
      vertex 8.60723 10.5 74.0809
    endloop
  endfacet
  facet normal -0.0520524 0 -0.998644
    outer loop
      vertex 8.60723 11.75 74.0809
      vertex 8.52857 10.5 74.085
      vertex 8.52857 11.75 74.085
    endloop
  endfacet
  facet normal -0.0519486 0 -0.99865
    outer loop
      vertex 8.44783 10.5 74.0892
      vertex 8.52857 11.75 74.085
      vertex 8.52857 10.5 74.085
    endloop
  endfacet
  facet normal -0.0519486 0 -0.99865
    outer loop
      vertex 8.52857 11.75 74.085
      vertex 8.44783 10.5 74.0892
      vertex 8.44783 11.75 74.0892
    endloop
  endfacet
  facet normal -0.0494504 0 -0.998777
    outer loop
      vertex 8.36502 10.5 74.0933
      vertex 8.44783 11.75 74.0892
      vertex 8.44783 10.5 74.0892
    endloop
  endfacet
  facet normal -0.0494504 0 -0.998777
    outer loop
      vertex 8.44783 11.75 74.0892
      vertex 8.36502 10.5 74.0933
      vertex 8.36502 11.75 74.0933
    endloop
  endfacet
  facet normal -0.0241475 0 -0.999708
    outer loop
      vertex 8.27808 10.5 74.0954
      vertex 8.36502 11.75 74.0933
      vertex 8.36502 10.5 74.0933
    endloop
  endfacet
  facet normal -0.0241475 0 -0.999708
    outer loop
      vertex 8.36502 11.75 74.0933
      vertex 8.27808 10.5 74.0954
      vertex 8.27808 11.75 74.0954
    endloop
  endfacet
  facet normal -0.0235836 0 -0.999722
    outer loop
      vertex 8.18906 10.5 74.0975
      vertex 8.27808 11.75 74.0954
      vertex 8.27808 10.5 74.0954
    endloop
  endfacet
  facet normal -0.0235836 0 -0.999722
    outer loop
      vertex 8.27808 11.75 74.0954
      vertex 8.18906 10.5 74.0975
      vertex 8.18906 11.75 74.0975
    endloop
  endfacet
  facet normal -0.0214635 0 -0.99977
    outer loop
      vertex 8.0959 10.5 74.0995
      vertex 8.18906 11.75 74.0975
      vertex 8.18906 10.5 74.0975
    endloop
  endfacet
  facet normal -0.0214635 0 -0.99977
    outer loop
      vertex 8.18906 11.75 74.0975
      vertex 8.0959 10.5 74.0995
      vertex 8.0959 11.75 74.0995
    endloop
  endfacet
  facet normal 0 0 -1
    outer loop
      vertex 8.00068 10.5 74.0995
      vertex 8.0959 11.75 74.0995
      vertex 8.0959 10.5 74.0995
    endloop
  endfacet
  facet normal -0 0 -1
    outer loop
      vertex 8.0959 11.75 74.0995
      vertex 8.00068 10.5 74.0995
      vertex 8.00068 11.75 74.0995
    endloop
  endfacet
  facet normal 1 -0 0
    outer loop
      vertex 8.00068 10.5 74.0995
      vertex 8.00068 11.75 72.6504
      vertex 8.00068 11.75 74.0995
    endloop
  endfacet
  facet normal 1 0 0
    outer loop
      vertex 8.00068 11.75 72.6504
      vertex 8.00068 10.5 74.0995
      vertex 8.00068 10.5 72.6504
    endloop
  endfacet
  facet normal 0 0 -1
    outer loop
      vertex 6.11684 10.5 72.6504
      vertex 8.00068 11.75 72.6504
      vertex 8.00068 10.5 72.6504
    endloop
  endfacet
  facet normal -0 0 -1
    outer loop
      vertex 8.00068 11.75 72.6504
      vertex 6.11684 10.5 72.6504
      vertex 6.11684 11.75 72.6504
    endloop
  endfacet
  facet normal -1 0 0
    outer loop
      vertex 6.11684 10.5 72.6504
      vertex 6.11684 11.75 77.7016
      vertex 6.11684 11.75 72.6504
    endloop
  endfacet
  facet normal -1 -0 0
    outer loop
      vertex 6.11684 11.75 77.7016
      vertex 6.11684 10.5 72.6504
      vertex 6.11684 10.5 77.7016
    endloop
  endfacet
  facet normal -0 0 1
    outer loop
      vertex 6.11684 11.75 77.7016
      vertex 7.243 10.5 77.7016
      vertex 7.243 11.75 77.7016
    endloop
  endfacet
  facet normal 0 0 1
    outer loop
      vertex 7.243 10.5 77.7016
      vertex 6.11684 11.75 77.7016
      vertex 6.11684 10.5 77.7016
    endloop
  endfacet
  facet normal 0.0147002 0 0.999892
    outer loop
      vertex 7.243 11.75 77.7016
      vertex 7.38584 10.5 77.6995
      vertex 7.38584 11.75 77.6995
    endloop
  endfacet
  facet normal 0.0147002 0 0.999892
    outer loop
      vertex 7.38584 10.5 77.6995
      vertex 7.243 11.75 77.7016
      vertex 7.243 10.5 77.7016
    endloop
  endfacet
  facet normal -0 0 1
    outer loop
      vertex 7.38584 11.75 77.6995
      vertex 7.52661 10.5 77.6995
      vertex 7.52661 11.75 77.6995
    endloop
  endfacet
  facet normal 0 0 1
    outer loop
      vertex 7.52661 10.5 77.6995
      vertex 7.38584 11.75 77.6995
      vertex 7.38584 10.5 77.6995
    endloop
  endfacet
  facet normal 0.0144181 0 0.999896
    outer loop
      vertex 7.52661 11.75 77.6995
      vertex 7.66531 10.5 77.6975
      vertex 7.66531 11.75 77.6975
    endloop
  endfacet
  facet normal 0.0144181 0 0.999896
    outer loop
      vertex 7.66531 10.5 77.6975
      vertex 7.52661 11.75 77.6995
      vertex 7.52661 10.5 77.6995
    endloop
  endfacet
  facet normal 0.0158483 0 0.999874
    outer loop
      vertex 7.66531 11.75 77.6975
      vertex 7.93029 10.5 77.6933
      vertex 7.93029 11.75 77.6933
    endloop
  endfacet
  facet normal 0.0158483 0 0.999874
    outer loop
      vertex 7.93029 10.5 77.6933
      vertex 7.66531 11.75 77.6975
      vertex 7.66531 10.5 77.6975
    endloop
  endfacet
  facet normal 0.0155805 0 0.999879
    outer loop
      vertex 7.93029 11.75 77.6933
      vertex 8.05864 10.5 77.6913
      vertex 8.05864 11.75 77.6913
    endloop
  endfacet
  facet normal 0.0155805 0 0.999879
    outer loop
      vertex 8.05864 10.5 77.6913
      vertex 7.93029 11.75 77.6933
      vertex 7.93029 10.5 77.6933
    endloop
  endfacet
  facet normal 0.0169044 0 0.999857
    outer loop
      vertex 8.05864 11.75 77.6913
      vertex 8.18285 10.5 77.6892
      vertex 8.18285 11.75 77.6892
    endloop
  endfacet
  facet normal 0.0169044 0 0.999857
    outer loop
      vertex 8.18285 10.5 77.6892
      vertex 8.05864 11.75 77.6913
      vertex 8.05864 10.5 77.6913
    endloop
  endfacet
  facet normal 0.0343665 0 0.999409
    outer loop
      vertex 8.18285 11.75 77.6892
      vertex 8.30499 10.5 77.685
      vertex 8.30499 11.75 77.685
    endloop
  endfacet
  facet normal 0.0343665 0 0.999409
    outer loop
      vertex 8.30499 10.5 77.685
      vertex 8.18285 11.75 77.6892
      vertex 8.18285 10.5 77.6892
    endloop
  endfacet
  facet normal 0.0169467 0 0.999856
    outer loop
      vertex 8.30499 11.75 77.685
      vertex 8.42299 10.5 77.683
      vertex 8.42299 11.75 77.683
    endloop
  endfacet
  facet normal 0.0169467 0 0.999856
    outer loop
      vertex 8.42299 10.5 77.683
      vertex 8.30499 11.75 77.685
      vertex 8.30499 10.5 77.685
    endloop
  endfacet
  facet normal 0.036205 0 0.999344
    outer loop
      vertex 8.42299 11.75 77.683
      vertex 8.53892 10.5 77.6788
      vertex 8.53892 11.75 77.6788
    endloop
  endfacet
  facet normal 0.036205 0 0.999344
    outer loop
      vertex 8.53892 10.5 77.6788
      vertex 8.42299 11.75 77.683
      vertex 8.42299 10.5 77.683
    endloop
  endfacet
  facet normal 0.0366513 0 0.999328
    outer loop
      vertex 8.53892 11.75 77.6788
      vertex 8.65071 10.5 77.6747
      vertex 8.65071 11.75 77.6747
    endloop
  endfacet
  facet normal 0.0366513 0 0.999328
    outer loop
      vertex 8.65071 10.5 77.6747
      vertex 8.53892 11.75 77.6788
      vertex 8.53892 10.5 77.6788
    endloop
  endfacet
  facet normal 0.0382547 0 0.999268
    outer loop
      vertex 8.65071 11.75 77.6747
      vertex 8.76042 10.5 77.6705
      vertex 8.76042 11.75 77.6705
    endloop
  endfacet
  facet normal 0.0382547 0 0.999268
    outer loop
      vertex 8.76042 10.5 77.6705
      vertex 8.65071 11.75 77.6747
      vertex 8.65071 10.5 77.6747
    endloop
  endfacet
  facet normal 0.0586223 0 0.99828
    outer loop
      vertex 8.76042 11.75 77.6705
      vertex 8.866 10.5 77.6643
      vertex 8.866 11.75 77.6643
    endloop
  endfacet
  facet normal 0.0586223 0 0.99828
    outer loop
      vertex 8.866 10.5 77.6643
      vertex 8.76042 11.75 77.6705
      vertex 8.76042 10.5 77.6705
    endloop
  endfacet
  facet normal 0.0395787 0 0.999216
    outer loop
      vertex 8.866 11.75 77.6643
      vertex 8.96951 10.5 77.6602
      vertex 8.96951 11.75 77.6602
    endloop
  endfacet
  facet normal 0.0395787 0 0.999216
    outer loop
      vertex 8.96951 10.5 77.6602
      vertex 8.866 11.75 77.6643
      vertex 8.866 10.5 77.6643
    endloop
  endfacet
  facet normal 0.062272 0 0.998059
    outer loop
      vertex 8.96951 11.75 77.6602
      vertex 9.06888 10.5 77.654
      vertex 9.06888 11.75 77.654
    endloop
  endfacet
  facet normal 0.062272 0 0.998059
    outer loop
      vertex 9.06888 10.5 77.654
      vertex 8.96951 11.75 77.6602
      vertex 8.96951 10.5 77.6602
    endloop
  endfacet
  facet normal 0.0440655 0 0.999029
    outer loop
      vertex 9.06888 11.75 77.654
      vertex 9.1641 10.5 77.6498
      vertex 9.1641 11.75 77.6498
    endloop
  endfacet
  facet normal 0.0440655 0 0.999029
    outer loop
      vertex 9.1641 10.5 77.6498
      vertex 9.06888 11.75 77.654
      vertex 9.06888 10.5 77.654
    endloop
  endfacet
  facet normal 0.064968 0 0.997887
    outer loop
      vertex 9.1641 11.75 77.6498
      vertex 9.25933 10.5 77.6436
      vertex 9.25933 11.75 77.6436
    endloop
  endfacet
  facet normal 0.064968 0 0.997887
    outer loop
      vertex 9.25933 10.5 77.6436
      vertex 9.1641 11.75 77.6498
      vertex 9.1641 10.5 77.6498
    endloop
  endfacet
  facet normal 0.069479 0 0.997583
    outer loop
      vertex 9.25933 11.75 77.6436
      vertex 9.34835 10.5 77.6374
      vertex 9.34835 11.75 77.6374
    endloop
  endfacet
  facet normal 0.069479 0 0.997583
    outer loop
      vertex 9.34835 10.5 77.6374
      vertex 9.25933 11.75 77.6436
      vertex 9.25933 10.5 77.6436
    endloop
  endfacet
  facet normal 0.0711248 0 0.997467
    outer loop
      vertex 9.34835 11.75 77.6374
      vertex 9.4353 10.5 77.6312
      vertex 9.4353 11.75 77.6312
    endloop
  endfacet
  facet normal 0.0711248 0 0.997467
    outer loop
      vertex 9.4353 10.5 77.6312
      vertex 9.34835 11.75 77.6374
      vertex 9.34835 10.5 77.6374
    endloop
  endfacet
  facet normal 0.0973323 0 0.995252
    outer loop
      vertex 9.4353 11.75 77.6312
      vertex 9.52017 10.5 77.6229
      vertex 9.52017 11.75 77.6229
    endloop
  endfacet
  facet normal 0.0973323 0 0.995252
    outer loop
      vertex 9.52017 10.5 77.6229
      vertex 9.4353 11.75 77.6312
      vertex 9.4353 10.5 77.6312
    endloop
  endfacet
  facet normal 0.0765643 0 0.997065
    outer loop
      vertex 9.52017 11.75 77.6229
      vertex 9.60091 10.5 77.6167
      vertex 9.60091 11.75 77.6167
    endloop
  endfacet
  facet normal 0.0765643 0 0.997065
    outer loop
      vertex 9.60091 10.5 77.6167
      vertex 9.52017 11.75 77.6229
      vertex 9.52017 10.5 77.6229
    endloop
  endfacet
  facet normal 0.107738 0 0.994179
    outer loop
      vertex 9.60091 11.75 77.6167
      vertex 9.6775 10.5 77.6084
      vertex 9.6775 11.75 77.6084
    endloop
  endfacet
  facet normal 0.107738 0 0.994179
    outer loop
      vertex 9.6775 10.5 77.6084
      vertex 9.60091 11.75 77.6167
      vertex 9.60091 10.5 77.6167
    endloop
  endfacet
  facet normal 0.109363 0 0.994002
    outer loop
      vertex 9.6775 11.75 77.6084
      vertex 9.75203 10.5 77.6002
      vertex 9.75203 11.75 77.6002
    endloop
  endfacet
  facet normal 0.109363 0 0.994002
    outer loop
      vertex 9.75203 10.5 77.6002
      vertex 9.6775 11.75 77.6084
      vertex 9.6775 10.5 77.6084
    endloop
  endfacet
  facet normal 0.137559 0 0.990494
    outer loop
      vertex 9.75203 11.75 77.6002
      vertex 9.90108 10.5 77.5795
      vertex 9.90108 11.75 77.5795
    endloop
  endfacet
  facet normal 0.137559 0 0.990494
    outer loop
      vertex 9.90108 10.5 77.5795
      vertex 9.75203 11.75 77.6002
      vertex 9.75203 10.5 77.6002
    endloop
  endfacet
  facet normal 0.146162 0 0.989261
    outer loop
      vertex 9.90108 11.75 77.5795
      vertex 9.97147 10.5 77.5691
      vertex 9.97147 11.75 77.5691
    endloop
  endfacet
  facet normal 0.146162 0 0.989261
    outer loop
      vertex 9.97147 10.5 77.5691
      vertex 9.90108 11.75 77.5795
      vertex 9.90108 10.5 77.5795
    endloop
  endfacet
  facet normal 0.173394 0 0.984852
    outer loop
      vertex 9.97147 11.75 77.5691
      vertex 10.0419 10.5 77.5567
      vertex 10.0419 11.75 77.5567
    endloop
  endfacet
  facet normal 0.173394 0 0.984852
    outer loop
      vertex 10.0419 10.5 77.5567
      vertex 9.97147 11.75 77.5691
      vertex 9.97147 10.5 77.5691
    endloop
  endfacet
  facet normal 0.202007 0 0.979384
    outer loop
      vertex 10.0419 11.75 77.5567
      vertex 10.1122 10.5 77.5422
      vertex 10.1122 11.75 77.5422
    endloop
  endfacet
  facet normal 0.202007 0 0.979384
    outer loop
      vertex 10.1122 10.5 77.5422
      vertex 10.0419 11.75 77.5567
      vertex 10.0419 10.5 77.5567
    endloop
  endfacet
  facet normal 0.20738 0 0.978261
    outer loop
      vertex 10.1122 11.75 77.5422
      vertex 10.1806 10.5 77.5277
      vertex 10.1806 11.75 77.5277
    endloop
  endfacet
  facet normal 0.20738 0 0.978261
    outer loop
      vertex 10.1806 10.5 77.5277
      vertex 10.1122 11.75 77.5422
      vertex 10.1122 10.5 77.5422
    endloop
  endfacet
  facet normal 0.23617 0 0.971712
    outer loop
      vertex 10.1806 11.75 77.5277
      vertex 10.2489 10.5 77.5111
      vertex 10.2489 11.75 77.5111
    endloop
  endfacet
  facet normal 0.23617 0 0.971712
    outer loop
      vertex 10.2489 10.5 77.5111
      vertex 10.1806 11.75 77.5277
      vertex 10.1806 10.5 77.5277
    endloop
  endfacet
  facet normal 0.270493 0 0.962722
    outer loop
      vertex 10.2489 11.75 77.5111
      vertex 10.3151 10.5 77.4925
      vertex 10.3151 11.75 77.4925
    endloop
  endfacet
  facet normal 0.270493 0 0.962722
    outer loop
      vertex 10.3151 10.5 77.4925
      vertex 10.2489 11.75 77.5111
      vertex 10.2489 10.5 77.5111
    endloop
  endfacet
  facet normal 0.24892 0 0.968524
    outer loop
      vertex 10.3151 11.75 77.4925
      vertex 10.3793 10.5 77.476
      vertex 10.3793 11.75 77.476
    endloop
  endfacet
  facet normal 0.24892 0 0.968524
    outer loop
      vertex 10.3793 10.5 77.476
      vertex 10.3151 11.75 77.4925
      vertex 10.3151 10.5 77.4925
    endloop
  endfacet
  facet normal 0.306873 0 0.951751
    outer loop
      vertex 10.3793 11.75 77.476
      vertex 10.4435 10.5 77.4553
      vertex 10.4435 11.75 77.4553
    endloop
  endfacet
  facet normal 0.306873 0 0.951751
    outer loop
      vertex 10.4435 10.5 77.4553
      vertex 10.3793 11.75 77.476
      vertex 10.3793 10.5 77.476
    endloop
  endfacet
  facet normal 0.316915 0 0.948454
    outer loop
      vertex 10.4435 11.75 77.4553
      vertex 10.5677 10.5 77.4138
      vertex 10.5677 11.75 77.4138
    endloop
  endfacet
  facet normal 0.316915 0 0.948454
    outer loop
      vertex 10.5677 10.5 77.4138
      vertex 10.4435 11.75 77.4553
      vertex 10.4435 10.5 77.4553
    endloop
  endfacet
  facet normal 0.353855 0 0.9353
    outer loop
      vertex 10.5677 11.75 77.4138
      vertex 10.6277 10.5 77.3911
      vertex 10.6277 11.75 77.3911
    endloop
  endfacet
  facet normal 0.353855 0 0.9353
    outer loop
      vertex 10.6277 10.5 77.3911
      vertex 10.5677 11.75 77.4138
      vertex 10.5677 10.5 77.4138
    endloop
  endfacet
  facet normal 0.383303 0 0.923623
    outer loop
      vertex 10.6277 11.75 77.3911
      vertex 10.6877 10.5 77.3662
      vertex 10.6877 11.75 77.3662
    endloop
  endfacet
  facet normal 0.383303 0 0.923623
    outer loop
      vertex 10.6877 10.5 77.3662
      vertex 10.6277 11.75 77.3911
      vertex 10.6277 10.5 77.3911
    endloop
  endfacet
  facet normal 0.393154 0 0.919473
    outer loop
      vertex 10.6877 11.75 77.3662
      vertex 10.7457 10.5 77.3414
      vertex 10.7457 11.75 77.3414
    endloop
  endfacet
  facet normal 0.393154 0 0.919473
    outer loop
      vertex 10.7457 10.5 77.3414
      vertex 10.6877 11.75 77.3662
      vertex 10.6877 10.5 77.3662
    endloop
  endfacet
  facet normal 0.433622 0 0.901095
    outer loop
      vertex 10.7457 11.75 77.3414
      vertex 10.8575 10.5 77.2876
      vertex 10.8575 11.75 77.2876
    endloop
  endfacet
  facet normal 0.433622 0 0.901095
    outer loop
      vertex 10.8575 10.5 77.2876
      vertex 10.7457 11.75 77.3414
      vertex 10.7457 10.5 77.3414
    endloop
  endfacet
  facet normal 0.447214 0 0.894427
    outer loop
      vertex 10.8575 11.75 77.2876
      vertex 10.9113 10.5 77.2607
      vertex 10.9113 11.75 77.2607
    endloop
  endfacet
  facet normal 0.447214 0 0.894427
    outer loop
      vertex 10.9113 10.5 77.2607
      vertex 10.8575 11.75 77.2876
      vertex 10.8575 10.5 77.2876
    endloop
  endfacet
  facet normal 0.500465 0 0.865757
    outer loop
      vertex 10.9113 11.75 77.2607
      vertex 10.9651 10.5 77.2296
      vertex 10.9651 11.75 77.2296
    endloop
  endfacet
  facet normal 0.500465 0 0.865757
    outer loop
      vertex 10.9651 10.5 77.2296
      vertex 10.9113 11.75 77.2607
      vertex 10.9113 10.5 77.2607
    endloop
  endfacet
  facet normal 0.473808 0 0.880628
    outer loop
      vertex 10.9651 11.75 77.2296
      vertex 11.019 10.5 77.2006
      vertex 11.019 11.75 77.2006
    endloop
  endfacet
  facet normal 0.473808 0 0.880628
    outer loop
      vertex 11.019 10.5 77.2006
      vertex 10.9651 11.75 77.2296
      vertex 10.9651 10.5 77.2296
    endloop
  endfacet
  facet normal 0.554571 0 0.832136
    outer loop
      vertex 11.019 11.75 77.2006
      vertex 11.168 10.5 77.1013
      vertex 11.168 11.75 77.1013
    endloop
  endfacet
  facet normal 0.554571 0 0.832136
    outer loop
      vertex 11.168 10.5 77.1013
      vertex 11.019 11.75 77.2006
      vertex 11.019 10.5 77.2006
    endloop
  endfacet
  facet normal 0.589998 0 0.807405
    outer loop
      vertex 11.168 11.75 77.1013
      vertex 11.2757 10.5 77.0226
      vertex 11.2757 11.75 77.0226
    endloop
  endfacet
  facet normal 0.589998 0 0.807405
    outer loop
      vertex 11.2757 10.5 77.0226
      vertex 11.168 11.75 77.1013
      vertex 11.168 10.5 77.1013
    endloop
  endfacet
  facet normal 0.643452 0 0.765486
    outer loop
      vertex 11.2757 11.75 77.0226
      vertex 11.3792 10.5 76.9356
      vertex 11.3792 11.75 76.9356
    endloop
  endfacet
  facet normal 0.643452 0 0.765486
    outer loop
      vertex 11.3792 10.5 76.9356
      vertex 11.2757 11.75 77.0226
      vertex 11.2757 10.5 77.0226
    endloop
  endfacet
  facet normal 0.675254 0 0.737585
    outer loop
      vertex 11.3792 11.75 76.9356
      vertex 11.4289 10.5 76.8901
      vertex 11.4289 11.75 76.8901
    endloop
  endfacet
  facet normal 0.675254 0 0.737585
    outer loop
      vertex 11.4289 10.5 76.8901
      vertex 11.3792 11.75 76.9356
      vertex 11.3792 10.5 76.9356
    endloop
  endfacet
  facet normal 0.707107 -0 0.707107
    outer loop
      vertex 11.4289 10.5 76.8901
      vertex 11.4765 11.75 76.8425
      vertex 11.4289 11.75 76.8901
    endloop
  endfacet
  facet normal 0.707107 0 0.707107
    outer loop
      vertex 11.4765 11.75 76.8425
      vertex 11.4289 10.5 76.8901
      vertex 11.4765 10.5 76.8425
    endloop
  endfacet
  facet normal 0.737585 -0 0.675254
    outer loop
      vertex 11.4765 10.5 76.8425
      vertex 11.522 11.75 76.7928
      vertex 11.4765 11.75 76.8425
    endloop
  endfacet
  facet normal 0.737585 0 0.675254
    outer loop
      vertex 11.522 11.75 76.7928
      vertex 11.4765 10.5 76.8425
      vertex 11.522 10.5 76.7928
    endloop
  endfacet
  facet normal 0.750642 -0 0.66071
    outer loop
      vertex 11.522 10.5 76.7928
      vertex 11.6131 11.75 76.6893
      vertex 11.522 11.75 76.7928
    endloop
  endfacet
  facet normal 0.750642 0 0.66071
    outer loop
      vertex 11.6131 11.75 76.6893
      vertex 11.522 10.5 76.7928
      vertex 11.6131 10.5 76.6893
    endloop
  endfacet
  facet normal 0.803608 -0 0.595159
    outer loop
      vertex 11.6131 10.5 76.6893
      vertex 11.6545 11.75 76.6334
      vertex 11.6131 11.75 76.6893
    endloop
  endfacet
  facet normal 0.803608 0 0.595159
    outer loop
      vertex 11.6545 11.75 76.6334
      vertex 11.6131 10.5 76.6893
      vertex 11.6545 10.5 76.6334
    endloop
  endfacet
  facet normal 0.7892 -0 0.614136
    outer loop
      vertex 11.6545 10.5 76.6334
      vertex 11.698 11.75 76.5775
      vertex 11.6545 11.75 76.6334
    endloop
  endfacet
  facet normal 0.7892 0 0.614136
    outer loop
      vertex 11.698 11.75 76.5775
      vertex 11.6545 10.5 76.6334
      vertex 11.698 10.5 76.5775
    endloop
  endfacet
  facet normal 0.827855 -0 0.560943
    outer loop
      vertex 11.698 10.5 76.5775
      vertex 11.7373 11.75 76.5195
      vertex 11.698 11.75 76.5775
    endloop
  endfacet
  facet normal 0.827855 0 0.560943
    outer loop
      vertex 11.7373 11.75 76.5195
      vertex 11.698 10.5 76.5775
      vertex 11.7373 10.5 76.5195
    endloop
  endfacet
  facet normal 0.836527 -0 0.547925
    outer loop
      vertex 11.7373 10.5 76.5195
      vertex 11.7766 11.75 76.4595
      vertex 11.7373 11.75 76.5195
    endloop
  endfacet
  facet normal 0.836527 0 0.547925
    outer loop
      vertex 11.7766 11.75 76.4595
      vertex 11.7373 10.5 76.5195
      vertex 11.7766 10.5 76.4595
    endloop
  endfacet
  facet normal 0.857249 -0 0.514902
    outer loop
      vertex 11.7766 10.5 76.4595
      vertex 11.8139 11.75 76.3974
      vertex 11.7766 11.75 76.4595
    endloop
  endfacet
  facet normal 0.857249 0 0.514902
    outer loop
      vertex 11.8139 11.75 76.3974
      vertex 11.7766 10.5 76.4595
      vertex 11.8139 10.5 76.3974
    endloop
  endfacet
  facet normal 0.864657 -0 0.502363
    outer loop
      vertex 11.8139 10.5 76.3974
      vertex 11.8512 11.75 76.3332
      vertex 11.8139 11.75 76.3974
    endloop
  endfacet
  facet normal 0.864657 0 0.502363
    outer loop
      vertex 11.8512 11.75 76.3332
      vertex 11.8139 10.5 76.3974
      vertex 11.8512 10.5 76.3332
    endloop
  endfacet
  facet normal 0.876533 -0 0.481341
    outer loop
      vertex 11.8512 10.5 76.3332
      vertex 11.8864 11.75 76.2691
      vertex 11.8512 11.75 76.3332
    endloop
  endfacet
  facet normal 0.876533 0 0.481341
    outer loop
      vertex 11.8864 11.75 76.2691
      vertex 11.8512 10.5 76.3332
      vertex 11.8864 10.5 76.2691
    endloop
  endfacet
  facet normal 0.900018 -0 0.435853
    outer loop
      vertex 11.8864 10.5 76.2691
      vertex 11.9526 11.75 76.1324
      vertex 11.8864 11.75 76.2691
    endloop
  endfacet
  facet normal 0.900018 0 0.435853
    outer loop
      vertex 11.9526 11.75 76.1324
      vertex 11.8864 10.5 76.2691
      vertex 11.9526 10.5 76.1324
    endloop
  endfacet
  facet normal 0.91472 -0 0.404088
    outer loop
      vertex 11.9526 10.5 76.1324
      vertex 11.9837 11.75 76.062
      vertex 11.9526 11.75 76.1324
    endloop
  endfacet
  facet normal 0.91472 0 0.404088
    outer loop
      vertex 11.9837 11.75 76.062
      vertex 11.9526 10.5 76.1324
      vertex 11.9837 10.5 76.062
    endloop
  endfacet
  facet normal 0.928742 -0 0.370727
    outer loop
      vertex 11.9837 10.5 76.062
      vertex 12.0126 11.75 75.9896
      vertex 11.9837 11.75 76.062
    endloop
  endfacet
  facet normal 0.928742 0 0.370727
    outer loop
      vertex 12.0126 11.75 75.9896
      vertex 11.9837 10.5 76.062
      vertex 12.0126 10.5 75.9896
    endloop
  endfacet
  facet normal 0.931887 -0 0.362748
    outer loop
      vertex 12.0126 10.5 75.9896
      vertex 12.0416 11.75 75.9151
      vertex 12.0126 11.75 75.9896
    endloop
  endfacet
  facet normal 0.931887 0 0.362748
    outer loop
      vertex 12.0416 11.75 75.9151
      vertex 12.0126 10.5 75.9896
      vertex 12.0416 10.5 75.9151
    endloop
  endfacet
  facet normal 0.94071 -0 0.339211
    outer loop
      vertex 12.0416 10.5 75.9151
      vertex 12.0685 11.75 75.8405
      vertex 12.0416 11.75 75.9151
    endloop
  endfacet
  facet normal 0.94071 0 0.339211
    outer loop
      vertex 12.0685 11.75 75.8405
      vertex 12.0416 10.5 75.9151
      vertex 12.0685 10.5 75.8405
    endloop
  endfacet
  facet normal 0.946125 -0 0.323801
    outer loop
      vertex 12.0685 10.5 75.8405
      vertex 12.0954 11.75 75.7619
      vertex 12.0685 11.75 75.8405
    endloop
  endfacet
  facet normal 0.946125 0 0.323801
    outer loop
      vertex 12.0954 11.75 75.7619
      vertex 12.0685 10.5 75.8405
      vertex 12.0954 10.5 75.7619
    endloop
  endfacet
  facet normal 0.953418 -0 0.301653
    outer loop
      vertex 12.0954 10.5 75.7619
      vertex 12.1203 11.75 75.6832
      vertex 12.0954 11.75 75.7619
    endloop
  endfacet
  facet normal 0.953418 0 0.301653
    outer loop
      vertex 12.1203 11.75 75.6832
      vertex 12.0954 10.5 75.7619
      vertex 12.1203 10.5 75.6832
    endloop
  endfacet
  facet normal 0.96233 -0 0.271885
    outer loop
      vertex 12.1203 10.5 75.6832
      vertex 12.1431 11.75 75.6025
      vertex 12.1203 11.75 75.6832
    endloop
  endfacet
  facet normal 0.96233 0 0.271885
    outer loop
      vertex 12.1431 11.75 75.6025
      vertex 12.1203 10.5 75.6832
      vertex 12.1431 10.5 75.6025
    endloop
  endfacet
  facet normal 0.966065 -0 0.2583
    outer loop
      vertex 12.1431 10.5 75.6025
      vertex 12.1658 11.75 75.5176
      vertex 12.1431 11.75 75.6025
    endloop
  endfacet
  facet normal 0.966065 0 0.2583
    outer loop
      vertex 12.1658 11.75 75.5176
      vertex 12.1431 10.5 75.6025
      vertex 12.1658 10.5 75.5176
    endloop
  endfacet
  facet normal 0.967333 -0 0.253508
    outer loop
      vertex 12.1658 10.5 75.5176
      vertex 12.1886 11.75 75.4306
      vertex 12.1658 11.75 75.5176
    endloop
  endfacet
  facet normal 0.967333 0 0.253508
    outer loop
      vertex 12.1886 11.75 75.4306
      vertex 12.1658 10.5 75.5176
      vertex 12.1886 10.5 75.4306
    endloop
  endfacet
  facet normal 0.975091 -0 0.221806
    outer loop
      vertex 12.1886 10.5 75.4306
      vertex 12.2093 11.75 75.3396
      vertex 12.1886 11.75 75.4306
    endloop
  endfacet
  facet normal 0.975091 0 0.221806
    outer loop
      vertex 12.2093 11.75 75.3396
      vertex 12.1886 10.5 75.4306
      vertex 12.2093 10.5 75.3396
    endloop
  endfacet
  facet normal 0.980662 -0 0.195711
    outer loop
      vertex 12.2093 10.5 75.3396
      vertex 12.2279 11.75 75.2464
      vertex 12.2093 11.75 75.3396
    endloop
  endfacet
  facet normal 0.980662 0 0.195711
    outer loop
      vertex 12.2279 11.75 75.2464
      vertex 12.2093 10.5 75.3396
      vertex 12.2279 10.5 75.2464
    endloop
  endfacet
  facet normal 0.981249 -0 0.192745
    outer loop
      vertex 12.2279 10.5 75.2464
      vertex 12.2466 11.75 75.1512
      vertex 12.2279 11.75 75.2464
    endloop
  endfacet
  facet normal 0.981249 0 0.192745
    outer loop
      vertex 12.2466 11.75 75.1512
      vertex 12.2279 10.5 75.2464
      vertex 12.2466 10.5 75.1512
    endloop
  endfacet
  facet normal 0.982939 -0 0.18393
    outer loop
      vertex 12.2466 10.5 75.1512
      vertex 12.2652 11.75 75.0518
      vertex 12.2466 11.75 75.1512
    endloop
  endfacet
  facet normal 0.982939 0 0.18393
    outer loop
      vertex 12.2652 11.75 75.0518
      vertex 12.2466 10.5 75.1512
      vertex 12.2652 10.5 75.0518
    endloop
  endfacet
  facet normal 0.986863 -0 0.161558
    outer loop
      vertex 12.2652 10.5 75.0518
      vertex 12.2818 11.75 74.9504
      vertex 12.2652 11.75 75.0518
    endloop
  endfacet
  facet normal 0.986863 0 0.161558
    outer loop
      vertex 12.2818 11.75 74.9504
      vertex 12.2652 10.5 75.0518
      vertex 12.2818 10.5 74.9504
    endloop
  endfacet
  facet normal 0.99046 -0 0.137803
    outer loop
      vertex 12.2818 10.5 74.9504
      vertex 12.2962 11.75 74.8469
      vertex 12.2818 11.75 74.9504
    endloop
  endfacet
  facet normal 0.99046 0 0.137803
    outer loop
      vertex 12.2962 11.75 74.8469
      vertex 12.2818 10.5 74.9504
      vertex 12.2962 10.5 74.8469
    endloop
  endfacet
  facet normal 0.991058 -0 0.133429
    outer loop
      vertex 12.2962 10.5 74.8469
      vertex 12.3107 11.75 74.7392
      vertex 12.2962 11.75 74.8469
    endloop
  endfacet
  facet normal 0.991058 0 0.133429
    outer loop
      vertex 12.3107 11.75 74.7392
      vertex 12.2962 10.5 74.8469
      vertex 12.3107 10.5 74.7392
    endloop
  endfacet
  facet normal 0.991377 -0 0.131039
    outer loop
      vertex 12.3107 10.5 74.7392
      vertex 12.3252 11.75 74.6295
      vertex 12.3107 11.75 74.7392
    endloop
  endfacet
  facet normal 0.991377 0 0.131039
    outer loop
      vertex 12.3252 11.75 74.6295
      vertex 12.3107 10.5 74.7392
      vertex 12.3252 10.5 74.6295
    endloop
  endfacet
  facet normal 0.994032 -0 0.10909
    outer loop
      vertex 12.3252 10.5 74.6295
      vertex 12.3377 11.75 74.5156
      vertex 12.3252 11.75 74.6295
    endloop
  endfacet
  facet normal 0.994032 0 0.10909
    outer loop
      vertex 12.3377 11.75 74.5156
      vertex 12.3252 10.5 74.6295
      vertex 12.3377 10.5 74.5156
    endloop
  endfacet
  facet normal 0.994325 -0 0.106382
    outer loop
      vertex 12.3377 10.5 74.5156
      vertex 12.3501 11.75 74.3997
      vertex 12.3377 11.75 74.5156
    endloop
  endfacet
  facet normal 0.994325 0 0.106382
    outer loop
      vertex 12.3501 11.75 74.3997
      vertex 12.3377 10.5 74.5156
      vertex 12.3501 10.5 74.3997
    endloop
  endfacet
  facet normal 0.996212 -0 0.0869575
    outer loop
      vertex 12.3501 10.5 74.3997
      vertex 12.3604 11.75 74.2817
      vertex 12.3501 11.75 74.3997
    endloop
  endfacet
  facet normal 0.996212 0 0.0869575
    outer loop
      vertex 12.3604 11.75 74.2817
      vertex 12.3501 10.5 74.3997
      vertex 12.3604 10.5 74.2817
    endloop
  endfacet
  facet normal 0.997698 -0 0.0678206
    outer loop
      vertex 12.3604 10.5 74.2817
      vertex 12.3687 11.75 74.1596
      vertex 12.3604 11.75 74.2817
    endloop
  endfacet
  facet normal 0.997698 0 0.0678206
    outer loop
      vertex 12.3687 11.75 74.1596
      vertex 12.3604 10.5 74.2817
      vertex 12.3687 10.5 74.1596
    endloop
  endfacet
  facet normal 0.997774 -0 0.066679
    outer loop
      vertex 12.3687 10.5 74.1596
      vertex 12.377 11.75 74.0354
      vertex 12.3687 11.75 74.1596
    endloop
  endfacet
  facet normal 0.997774 0 0.066679
    outer loop
      vertex 12.377 11.75 74.0354
      vertex 12.3687 10.5 74.1596
      vertex 12.377 10.5 74.0354
    endloop
  endfacet
  facet normal 0.997848 -0 0.0655751
    outer loop
      vertex 12.377 10.5 74.0354
      vertex 12.3853 11.75 73.9091
      vertex 12.377 11.75 74.0354
    endloop
  endfacet
  facet normal 0.997848 0 0.0655751
    outer loop
      vertex 12.3853 11.75 73.9091
      vertex 12.377 10.5 74.0354
      vertex 12.3853 10.5 73.9091
    endloop
  endfacet
  facet normal 0.998872 -0 0.0474924
    outer loop
      vertex 12.3853 10.5 73.9091
      vertex 12.3915 11.75 73.7787
      vertex 12.3853 11.75 73.9091
    endloop
  endfacet
  facet normal 0.998872 0 0.0474924
    outer loop
      vertex 12.3915 11.75 73.7787
      vertex 12.3853 10.5 73.9091
      vertex 12.3915 10.5 73.7787
    endloop
  endfacet
  facet normal 0.998907 -0 0.0467413
    outer loop
      vertex 12.3915 10.5 73.7787
      vertex 12.3977 11.75 73.6462
      vertex 12.3915 11.75 73.7787
    endloop
  endfacet
  facet normal 0.998907 0 0.0467413
    outer loop
      vertex 12.3977 11.75 73.6462
      vertex 12.3915 10.5 73.7787
      vertex 12.3977 10.5 73.6462
    endloop
  endfacet
  facet normal 0.999536 -0 0.0304465
    outer loop
      vertex 12.3977 10.5 73.6462
      vertex 12.4018 11.75 73.5116
      vertex 12.3977 11.75 73.6462
    endloop
  endfacet
  facet normal 0.999536 0 0.0304465
    outer loop
      vertex 12.4018 11.75 73.5116
      vertex 12.3977 10.5 73.6462
      vertex 12.4018 10.5 73.5116
    endloop
  endfacet
  facet normal 0.999542 -0 0.0302673
    outer loop
      vertex 12.4018 10.5 73.5116
      vertex 12.406 11.75 73.3729
      vertex 12.4018 11.75 73.5116
    endloop
  endfacet
  facet normal 0.999542 0 0.0302673
    outer loop
      vertex 12.406 11.75 73.3729
      vertex 12.4018 10.5 73.5116
      vertex 12.406 10.5 73.3729
    endloop
  endfacet
  facet normal 0.999899 -0 0.0142031
    outer loop
      vertex 12.406 10.5 73.3729
      vertex 12.408 11.75 73.2321
      vertex 12.406 11.75 73.3729
    endloop
  endfacet
  facet normal 0.999899 0 0.0142031
    outer loop
      vertex 12.408 11.75 73.2321
      vertex 12.406 10.5 73.3729
      vertex 12.408 10.5 73.2321
    endloop
  endfacet
  facet normal 0.999895 -0 0.0144912
    outer loop
      vertex 12.408 10.5 73.2321
      vertex 12.4101 11.75 73.0872
      vertex 12.408 11.75 73.2321
    endloop
  endfacet
  facet normal 0.999895 0 0.0144912
    outer loop
      vertex 12.4101 11.75 73.0872
      vertex 12.408 10.5 73.2321
      vertex 12.4101 10.5 73.0872
    endloop
  endfacet
  facet normal 1 -0 0
    outer loop
      vertex 12.4101 10.5 73.0872
      vertex 12.4101 11.75 72.6504
      vertex 12.4101 11.75 73.0872
    endloop
  endfacet
  facet normal 1 0 0
    outer loop
      vertex 12.4101 11.75 72.6504
      vertex 12.4101 10.5 73.0872
      vertex 12.4101 10.5 72.6504
    endloop
  endfacet
  facet normal 0 0 -1
    outer loop
      vertex 9.78101 10.5 72.6504
      vertex 12.4101 11.75 72.6504
      vertex 12.4101 10.5 72.6504
    endloop
  endfacet
  facet normal -0 0 -1
    outer loop
      vertex 12.4101 11.75 72.6504
      vertex 9.78101 10.5 72.6504
      vertex 9.78101 11.75 72.6504
    endloop
  endfacet
endsolid OpenSCAD_Model
